userId,productId,rating
bf01a388-949c-4f95-895d-7684b5cab6a5,1,3
7fe871eb-46c0-457b-a93f-a859b475713c,3,2
c8568f7f-27f2-492b-a728-9d0504bc298a,7,3
9438e961-c11f-424e-b281-dea637616363,3,1
e5332626-0afe-4b39-bcbc-d5c53d4a3b7c,4,3
14307f80-2ff0-4ccf-9ac8-73768a43edb2,2,5
1473b1b4-7b53-43ef-83db-4ae9cfc01de9,5,5
d325de59-7de9-459c-bbdc-cf950833b4e7,2,1
f3481941-93fc-4155-beda-3a4442acc56f,6,4
49def278-c966-4fcb-b752-78cc37f4efc4,1,5
0d0fa739-0bc2-49d2-b39c-f6ab2bc325c7,8,3
6bf661e6-43ea-4569-9f32-67d35f76e335,7,5
a9a44362-f695-4504-8f8d-df3bff52245c,4,4
c5ce634f-4e2a-42ec-8e39-1abf26fc473f,8,2
3391c5cb-49aa-4054-a5d0-352342f0a431,7,4
bb399f10-3c1b-43bf-b08a-5d929dd83dff,7,4
4ebd0de8-7f9c-4b5a-aabc-8c5896ba6d8d,4,2
7f047424-3edd-4556-9e0f-e2732fe837a7,4,4
f2445d90-9380-4a63-8caa-52b30a781b3f,3,2
7f047424-3edd-4556-9e0f-e2732fe837a7,7,1
89106a07-9022-4ba4-a2a7-0cc432c0c2fb,5,2
f380e561-a1c6-4115-aaed-39a38567a4ef,1,4
0b9319f6-b857-42aa-89df-9ebed2b8b342,2,1
9962475a-3d51-42f8-aced-8d2a02fb2cc6,6,5
7308b59a-3db9-4508-90d4-94152ecb5f38,3,1
ad41e33b-ce78-4944-9eb2-1e682e654c99,6,2
748cdeed-45b9-4669-a604-7422b624bfc9,1,1
fcf6ac87-aec0-4216-9c4d-f44c4bd1f385,7,2
ed5902a3-3486-4b91-82ce-be5890fe8ce6,8,3
98694b0e-0047-4aac-81fc-0ba9792d396f,2,3
5e8def39-5e9b-421b-818e-324d458f4c2b,1,2
93067f1c-a402-4b8f-b01d-16b4aa347dcb,8,4
14307f80-2ff0-4ccf-9ac8-73768a43edb2,7,5
2edef0fe-4457-4453-b8dd-297f9fc2b8b1,6,5
87d1e3c8-cbae-472b-a6c0-0422ae36ba55,8,5
11841497-93e6-4f64-acb7-16dd51054794,1,2
78e687b2-f0a7-45cc-96bf-85ab965afae7,6,5
3ae2e443-728b-4705-86c9-71f2a1ea79ef,7,1
c70b630a-43c0-46d2-bfa4-a50a21abf64d,4,1
1b273b83-b990-4bcd-924b-a9dbdd6e673f,8,3
a68f478c-71c1-4c88-8f22-fc6cb7e60328,5,5
503dbaac-b4ab-41a0-9aa4-8eb743898d44,2,1
72998a78-4490-4f98-b7c7-9cc66b0e2a9d,8,2
1b273b83-b990-4bcd-924b-a9dbdd6e673f,1,1
83e11eec-8548-498a-a8c4-25358499e304,8,1
0f1ab389-80a1-404f-ab9c-6e76c82f076f,4,3
bcc95c8d-e448-4101-adb4-ab441932fb01,6,3
14673edf-41cb-48f3-b371-f9856c0268e5,5,2
232564f9-76cd-4fb4-9ea3-4b81bfbfe935,4,3
a0ca7c4a-7f10-429c-8b5c-ff5d1dbd2a3e,7,4
17162a4f-13a1-46c3-8709-c44c5535c58f,5,4
bcc95c8d-e448-4101-adb4-ab441932fb01,5,1
b6f9a779-412c-4f21-8073-13381bf31490,4,5
ff9379c7-1d2c-46f1-ad6c-bb168d91962b,6,4
4a48cf89-33a1-414c-8252-8925f66661e9,2,4
ed5902a3-3486-4b91-82ce-be5890fe8ce6,1,2
ee72719a-0315-4700-9da1-10621c382730,3,2
502e2c6e-6ede-4ac0-8f59-c4f537c4f4e4,4,1
5bc98ff3-c916-413f-9feb-1ed2f25340ee,5,2
0df067ef-28bc-4ea4-b9bc-fc37b30db486,6,2
6557201d-2ab0-42e9-9aa7-fbae2644128e,7,3
7d0de6a5-106f-4c8e-b63a-01ae3cb1fa59,3,5
6faca8b2-e2ee-4413-ae52-7ed488dc2453,8,1
82fbfb43-a3d9-478e-9d4a-7495245de388,5,5
0ee9fefc-f0e7-45e8-8d7c-b0859712a9b1,5,3
131e9dbb-b3c7-44da-b0d3-c69509feac95,7,1
d147a098-bfde-40d4-9488-5ae9911875dd,4,5
557c1227-c741-4207-8196-a608cfb8b1fb,7,1
24b6a707-6458-45a9-8b6b-c98ab45604ad,8,4
14ec90b4-1b2a-4307-bcba-4ea815154074,2,3
f507112d-c095-4469-b7fb-bc5316f4d88c,6,5
14673edf-41cb-48f3-b371-f9856c0268e5,6,4
ae44378f-daf2-4abe-8d9b-3006ea82278e,5,1
1473b1b4-7b53-43ef-83db-4ae9cfc01de9,1,5
4abbb01d-1a62-4a17-853a-33492647572f,7,1
c5ce634f-4e2a-42ec-8e39-1abf26fc473f,8,3
5f111c8c-080f-4984-8271-f69bd91d2c7c,4,3
33951a63-098a-43ad-80ef-d669c6ff57ad,4,5
bf1c6c36-3209-4991-be12-eb67f7a49772,5,4
0b9319f6-b857-42aa-89df-9ebed2b8b342,2,2
fd5b81b6-ba8c-4f04-973a-a037a1faa17d,7,2
db350561-6652-470b-a1a8-393a9cbfcb31,1,1
a0ca7c4a-7f10-429c-8b5c-ff5d1dbd2a3e,3,3
a10da21c-e07c-492d-80f4-814d3621274d,2,2
ad41e33b-ce78-4944-9eb2-1e682e654c99,1,2
da9e9186-6419-416c-93e9-4a6c306b27a1,3,3
3eba94ee-8d9d-40d6-a92b-5d4975afcea2,2,2
965fa1ff-7479-4e71-a63f-bc0ac2f6f9fb,8,2
5551ab32-ccfa-4862-b070-53da13cdf25b,2,3
c2b03ddc-c734-485f-b1a2-b7faa7f54f24,3,4
65998224-304c-487e-b74e-5b0fd491ac6a,4,5
6d301c97-f982-4711-bfa8-25b164247f2c,1,2
ddde3b2d-5494-4404-b2da-552b11adeab3,1,4
74886263-48b4-4ec3-bb0c-5f968573fffe,6,5
0535d233-a8a8-4262-b8ab-4a30d6c04e25,2,4
b0304e32-8e6a-4663-81e8-dd085ea6a094,2,5
a54b516d-a7c8-43ab-bd86-7919ee65b9c1,6,4
75cd2b71-2cc5-464d-8ceb-c28c960dca09,8,2
2ebffa85-e921-47be-9c44-7778e90d630c,2,4
7522f1ce-b7cb-4cf8-90a6-aad523c41fae,3,1
5f5fa9de-f4f0-4273-83ae-e1a43b68b1c9,2,4
34b36a73-313f-45da-9cc5-c6437242f3f8,7,5
4d76e7f2-a7c7-48c3-89f4-cd1e6b5549fc,7,5
b8a0b331-7936-4e41-8c2a-b31a19e3185b,3,3
dc56ef20-80af-4fa6-b59f-97c8ff779e77,4,1
c61c644b-a433-4e68-9975-5b23e4fcfdf0,3,3
52468e2c-22a5-40eb-8aba-278cf9828c46,7,2
d438e5d0-6275-4aa7-80d9-951dcd626eaa,1,3
950bc6a2-27f9-4f2f-a70b-db6b47dc7a9e,5,1
f7862eb3-4a14-445a-8156-31fd184d7005,1,2
cff0ef0e-dbc8-48f4-887b-10f9195d2eb2,5,3
1a21c26a-2a6e-466d-8fe1-dc55e742813e,3,5
6c4a7fa8-30a7-4792-9e74-84a100844d05,2,3
232564f9-76cd-4fb4-9ea3-4b81bfbfe935,4,5
cae8ae2c-342d-4bff-99e0-fea638324977,2,3
0d6740a5-fd82-4f54-a30c-f740f06ab2f0,8,5
a54b516d-a7c8-43ab-bd86-7919ee65b9c1,5,4
91580238-3a39-40ed-9478-d0919794b722,5,1
8209b506-0173-4121-94e0-781b70454be3,2,1
7587c800-cae3-418b-8b44-4ef324aac515,3,3
7c0c73e3-47c9-492c-8825-c2f20681a20d,5,4
ac0ba32b-72da-4fe7-b056-61c9702fe357,4,2
f02fcaf3-1bfb-4760-898b-455a6a659c46,3,3
dd26665e-ebb9-4f36-92e2-52ef650c15a7,6,4
7587c800-cae3-418b-8b44-4ef324aac515,4,4
7359a754-4c16-4aa3-84be-e1a78ebd865e,6,3
40ea3e95-cafb-43d1-8bea-69b06d8695f1,8,5
40ea3e95-cafb-43d1-8bea-69b06d8695f1,2,3
dc56ef20-80af-4fa6-b59f-97c8ff779e77,1,1
dba448b1-3abd-4595-a13b-84747d435283,5,3
950bc6a2-27f9-4f2f-a70b-db6b47dc7a9e,2,5
0ee9fefc-f0e7-45e8-8d7c-b0859712a9b1,4,1
f507112d-c095-4469-b7fb-bc5316f4d88c,7,4
76bd6e26-a3ef-4c3d-ad34-ba063bf2723b,5,1
6bb4497a-933a-4c9c-b18e-53067839345c,4,1
527921c0-94cb-41a4-acd3-7d6c2eb62edc,4,4
46cdfda3-a14a-4078-b078-9a39869901b8,6,3
24ad2d03-ee28-49ef-a9f6-cd57510b71a4,5,5
9fe5ad6a-a461-432a-906a-dc42cff3c376,7,5
c8568f7f-27f2-492b-a728-9d0504bc298a,8,4
3ae2e443-728b-4705-86c9-71f2a1ea79ef,1,1
5f602ed3-afdf-4241-b859-d8ef2cd773e5,5,2
ec581489-012a-431d-ba72-c024febb3431,6,4
57923f56-03c5-4191-b421-3643cd4c440e,8,2
85d555c5-4a49-4ad4-a5b8-70200b667ccd,8,4
f1bd9dcc-a11a-4955-8332-d831cbeacf62,3,2
6d301c97-f982-4711-bfa8-25b164247f2c,7,4
e8a1e449-bda1-46c8-9e69-d63f4c2800d7,8,1
812cbb85-8970-42b7-95f0-c59278724dcf,6,1
606d1a86-bda3-4044-a124-e815e2f74d72,1,3
78e687b2-f0a7-45cc-96bf-85ab965afae7,2,1
f2988164-159d-4ce7-a792-588348621796,5,2
670165ce-eeb8-40d4-850e-e698939935a8,6,5
c5293ffa-e6a8-422c-860e-f9f364a9684a,5,1
368acaea-52cb-482e-a6d4-86348d61081c,3,2
3391c5cb-49aa-4054-a5d0-352342f0a431,6,3
5e5fa0ef-e149-41c5-8d7b-efff307c183a,8,4
cff0ef0e-dbc8-48f4-887b-10f9195d2eb2,3,2
52468e2c-22a5-40eb-8aba-278cf9828c46,4,2
8833b033-f522-4795-a22b-91ac9b3c0f2d,8,2
e943af72-0777-4bdd-ac90-09b7c7518c2a,6,3
30b0c8fb-dc7f-4cb5-93ca-7eb2e8825595,8,2
eb3edd84-748e-4a7d-ab44-2c64b24fa817,1,3
e5332626-0afe-4b39-bcbc-d5c53d4a3b7c,4,3
bb399f10-3c1b-43bf-b08a-5d929dd83dff,5,2
e73fc1a3-bcfd-4ccb-a3b5-47a2b3f5130d,7,5
d4a24be6-6865-423e-b2d7-e2457e6435db,4,2
ee72719a-0315-4700-9da1-10621c382730,7,5
94091979-2c32-46ac-a662-30b6614604ae,6,1
d60ebd81-d533-4019-ba44-2fa47b710e5f,2,3
980ff33c-c03c-433c-a4b6-9cd92769bd06,8,2
3a2f5b8a-04af-43a4-8691-f204582209a1,3,5
76bd6e26-a3ef-4c3d-ad34-ba063bf2723b,1,2
fd5b81b6-ba8c-4f04-973a-a037a1faa17d,7,4
6259764a-64f8-49c0-a0e2-774d8b7c3291,2,1
3a2f5b8a-04af-43a4-8691-f204582209a1,6,1
b2b71afe-2dbd-470b-97df-ceaf65f4f646,4,3
7117a310-631b-4f03-b27e-f5f635c4993c,6,2
40ea3e95-cafb-43d1-8bea-69b06d8695f1,6,5
e1038f88-632f-4d94-84c5-074136857488,6,2
4360e285-b926-4d65-bb3b-fffb6e92805e,5,5
dba448b1-3abd-4595-a13b-84747d435283,5,3
befbeab7-c2c9-45c4-9da4-174971e7c42c,6,1
53776362-0a67-43fc-89a2-f83745a4cd08,8,1
0535d233-a8a8-4262-b8ab-4a30d6c04e25,7,1
cd2bd085-f73d-4dbb-a9a9-1a9b7cac5347,4,3
557c1227-c741-4207-8196-a608cfb8b1fb,2,1
78c6184e-c6d2-429d-80f3-9f0606c918f5,5,1
4ebd0de8-7f9c-4b5a-aabc-8c5896ba6d8d,6,3
1e5d1a8d-3c94-490d-b042-0038e32e5a48,1,2
2bcf3840-1ec6-4ed5-b645-47af1bd5aace,2,2
670165ce-eeb8-40d4-850e-e698939935a8,2,4
6bb4497a-933a-4c9c-b18e-53067839345c,4,1
fec1f1f2-a145-40a3-b070-65f3a9b68c38,1,5
6b902e38-da9d-422f-9012-20969a541b55,8,2
b170b3f5-9f02-4a57-8546-a6d4579f07f1,7,2
fdbcea21-a8ab-4e07-ba64-48effa7caa14,3,2
79131885-70ce-44ea-93e4-5b1abee3a03f,6,4
14ec90b4-1b2a-4307-bcba-4ea815154074,2,4
98db80a9-a6f8-47eb-8dd7-33af642cf63c,7,1
6d256123-c9ec-4734-96e1-0d951f518425,1,3
78b70da9-504a-496b-9589-b094670a7fa6,7,1
d3b2bcb7-1325-49ce-9e7d-900a5c0bf7b3,6,3
8dee702a-b8a0-4c3e-877e-661d29f2f956,6,4
299e42fc-1a77-4ec1-955f-98cc52def2ad,7,1
fcbc2a3d-1794-4393-ad8f-bfd5c0aafa84,6,2
75554ce3-d309-4a2e-a7ce-6dac2a03b401,1,4
822ea109-c81c-4f4c-875f-f08fbb085999,1,1
1e65e76b-cd6e-47d3-a077-b252234056f5,7,4
ead49453-8632-44fe-befc-4bbf5357c1a8,5,2
215ec9d3-c849-42c1-ad5f-d000fe06743f,2,5
5bc98ff3-c916-413f-9feb-1ed2f25340ee,2,3
be974a0e-44b5-414b-a28b-2587cc78b9ba,1,5
cae8ae2c-342d-4bff-99e0-fea638324977,7,2
46cdfda3-a14a-4078-b078-9a39869901b8,2,3
42ccf585-dd0c-46c3-a0ba-b2cb87d8db0d,4,3
3ecf9cdb-68a5-4905-9c39-03188adab3a0,6,2
57923f56-03c5-4191-b421-3643cd4c440e,7,1
bdf86742-eafd-44dd-a653-b94c29b1cb24,3,3
75630d5c-9fe9-46bc-95cf-6733795df118,4,5
b786b4bb-29f3-4cdd-ba9a-d1c24a8a4475,4,4
6a9e05e0-6ecb-44f6-9fbd-875485ae17f1,6,2
20a79730-685f-4bc0-b157-97a6159a3e4a,2,3
ac0ba32b-72da-4fe7-b056-61c9702fe357,8,3
f2d007a4-a98f-404e-94f6-13d2d8daf146,1,4
bb6876ea-0de4-4440-9c1f-e7a3a64d2379,1,5
d0dc011b-3642-46c1-b87c-b404287938a7,3,3
b1860147-5f7f-46eb-be58-4c2827bd9ca0,2,3
0e421a50-2a09-47a6-a911-dd9fb4262d05,7,1
1ec5720d-3cd2-4331-8459-74466690eced,1,4
0d0fa739-0bc2-49d2-b39c-f6ab2bc325c7,4,4
131e9dbb-b3c7-44da-b0d3-c69509feac95,8,2
4afdea9a-e65a-4d19-8f06-0bc7ed893664,8,4
3b638ed2-70e5-4813-802d-8460fa5e8c78,3,4
02cb4cb9-9f1f-4f96-95d5-55603612e0c4,4,5
57923f56-03c5-4191-b421-3643cd4c440e,5,4
cff0ef0e-dbc8-48f4-887b-10f9195d2eb2,1,4
ad5aacb1-1258-4141-a048-222168d86665,7,3
f02fcaf3-1bfb-4760-898b-455a6a659c46,2,2
da6993c4-7f28-461c-8cda-818fa8d0f111,7,4
78b70da9-504a-496b-9589-b094670a7fa6,8,2
136aacbe-3dfe-470d-b73c-88241d4c1a2b,8,5
d1ab6654-efe9-40bb-8a71-b6ad526dd553,1,4
5f111c8c-080f-4984-8271-f69bd91d2c7c,7,2
78e687b2-f0a7-45cc-96bf-85ab965afae7,7,4
d094d9ed-1ad2-42bd-bba5-c6705d2bcd36,3,4
2775e2d5-a0ee-4567-b1c6-6814619c192b,8,5
f9ea8cbf-8eec-4726-92ec-4177681e4ac0,1,4
f7deea27-815c-4e4f-9bfd-c2648fd9f482,8,5
522b2720-02d3-4491-b7b2-7ca20c2e98e5,8,3
86ce6dbe-84ed-4d7a-8242-ec133a16f6aa,2,3
cd826b56-a233-4da4-99e0-1d3c133d9f1e,1,1
227fc989-90e4-439f-887a-ebff68e3abcd,1,5
d1ab6654-efe9-40bb-8a71-b6ad526dd553,8,1
d1ab6654-efe9-40bb-8a71-b6ad526dd553,8,2
b5621382-d382-45c4-a79e-66a8f3c25e69,6,2
5a57fb79-5712-4c77-b4dd-4c080a1957f4,3,5
cd9fac8c-3481-4c9a-b49a-12daa08409d6,1,3
75cd2b71-2cc5-464d-8ceb-c28c960dca09,5,5
502e2c6e-6ede-4ac0-8f59-c4f537c4f4e4,6,5
dea3bf90-be95-4060-9d61-6d341a678869,5,1
26b9b6c9-8b69-4d1a-8597-56d5b5fdb4f5,1,2
4ac8fdca-2ea2-4194-954e-3c205d45129d,6,4
cff0ef0e-dbc8-48f4-887b-10f9195d2eb2,7,2
5d1a7669-f1e6-494b-a6aa-b3e534726a38,3,4
d4a24be6-6865-423e-b2d7-e2457e6435db,7,1
bf1c6c36-3209-4991-be12-eb67f7a49772,4,1
5747dff7-1e11-44cf-84b8-b8f15ff87bc1,8,4
e3635e2e-74b1-43b7-a140-cb3568981830,5,5
e943af72-0777-4bdd-ac90-09b7c7518c2a,3,1
3197655f-d60f-4932-8dd2-479ea7cc301e,4,2
dee22f31-1f0a-44e0-98eb-f77b71522655,3,1
f239dfa2-c1a9-456c-b1d1-53c35c9a2c45,4,2
a94c7d96-4334-46ef-95b2-6cf03fa32b22,3,2
714f5c85-b730-46f1-b3d5-254dbd246df7,7,5
7eccb3c5-c3c1-4b35-8d07-10663df019d8,4,1
1638d862-b0ac-44dc-8daf-2bc9885f0f97,4,5
9a882d03-15f1-4eb7-91ed-ec020a43d1ed,8,1
d38efe4c-6376-4c49-abd7-05615e596927,3,2
12eeb7f3-961a-4896-a476-6016f69fadf3,2,2
0d0f869c-e883-4eba-abd7-19e2f32c5df2,7,5
09792140-ae83-4355-ba2b-ca4f2d3ae1ff,5,1
14df3718-675b-4c94-a124-358292489803,6,4
bb059108-d9f7-4568-993f-4c83d41277cf,2,5
17162a4f-13a1-46c3-8709-c44c5535c58f,2,1
c5a1e07f-8740-4432-bd3d-1ddb2fbafe4d,4,2
f55057f9-dca0-495e-bd23-079856854556,1,2
f2d007a4-a98f-404e-94f6-13d2d8daf146,1,4
813ace58-438d-4f1e-9460-a4c8c6bf65a2,8,3
9c0d379e-7d6f-4de5-9008-2a9093565420,8,1
701fe40b-7627-4bd2-bece-e4c45cdd4274,3,2
59274e34-58e0-48ba-8d40-2bc36c2d42cd,3,2
2bcf3840-1ec6-4ed5-b645-47af1bd5aace,2,3
7117a310-631b-4f03-b27e-f5f635c4993c,6,3
a7fdd847-ebcc-4bca-9149-78d6159a612a,2,4
def69d73-412a-471b-9611-a0bb14707e74,4,1
1e5d1a8d-3c94-490d-b042-0038e32e5a48,1,2
919a0c51-12cf-4014-a85f-60f98c5052d7,7,5
ae851e1d-b980-46fc-9ac5-23ba947a1905,7,4
57923f56-03c5-4191-b421-3643cd4c440e,7,5
d1ab6654-efe9-40bb-8a71-b6ad526dd553,8,1
3b638ed2-70e5-4813-802d-8460fa5e8c78,7,5
52468e2c-22a5-40eb-8aba-278cf9828c46,6,5
34b36a73-313f-45da-9cc5-c6437242f3f8,3,2
1c6c1e31-98d6-4cda-8551-4a27738c8cf9,5,2
e8fdb110-0d24-4479-b1d1-628c4b8f14aa,2,5
2d455edc-9024-46e2-83bc-a164b26cae93,3,5
9eab5f38-feea-4456-a9b1-f5be4187cf36,2,2
04349f71-45fa-4262-8415-c9c8ba45b895,5,4
22e65ff5-55b1-46f0-911f-463a3d303382,1,5
b302fe5f-ba36-466e-b011-c2149aa6ca8b,4,3
cf9e412c-39d0-4516-abdd-11b9b93aa043,6,5
3e7587be-d554-49ba-8ffd-9f58e720ea28,5,3
a895f401-366a-4151-ac10-88ccdb324361,2,1
ed5902a3-3486-4b91-82ce-be5890fe8ce6,4,2
17162a4f-13a1-46c3-8709-c44c5535c58f,5,5
cd2bd085-f73d-4dbb-a9a9-1a9b7cac5347,4,5
bc580663-7742-44b6-a4ad-aebae505ce45,6,3
f90408c7-7256-4f1d-9f62-a7d637d87331,2,2
bb17cd64-20bb-4ebb-855c-bf9089a134f1,4,4
49b4454f-4780-49af-b201-e3e96c19610a,1,5
dc367d7e-795b-4178-a3ef-0bc87f967813,8,3
837480f4-6342-4695-b5f6-15dd6a7ba30b,4,1
521f14ee-6431-4f22-bafb-44f4f885608a,2,2
82fbfb43-a3d9-478e-9d4a-7495245de388,2,1
d2dfc993-0547-4aa6-ae25-182a1b287703,4,5
3dc23e04-0d73-4189-9e56-e35261b1e660,6,4
4be03c30-12e2-4603-b040-53aed32f1212,8,3
0985c89f-ae92-4660-adc2-f06b907bc993,2,3
9fa205c4-58af-4e4a-919d-3f55c9839103,6,2
b6f9a779-412c-4f21-8073-13381bf31490,7,3
c17dfd17-d741-49c8-8353-5915117b8598,1,2
d38efe4c-6376-4c49-abd7-05615e596927,5,5
65d09708-6e4c-48c4-b356-34c9b27a6aed,6,2
e9053313-ce82-41b4-92fc-82fb6c5a7173,4,2
4ebd0de8-7f9c-4b5a-aabc-8c5896ba6d8d,2,1
5549dfd6-f45c-4fec-8889-035b4875a1f8,1,1
65998224-304c-487e-b74e-5b0fd491ac6a,1,5
32d498c9-f1ee-44f3-b5b3-b609c5ed0ab3,1,2
bcc95c8d-e448-4101-adb4-ab441932fb01,1,4
748cdeed-45b9-4669-a604-7422b624bfc9,8,4
1638d862-b0ac-44dc-8daf-2bc9885f0f97,8,2
14307f80-2ff0-4ccf-9ac8-73768a43edb2,1,3
be20dc27-c656-413f-b783-7bd3cc3b6337,6,1
53776362-0a67-43fc-89a2-f83745a4cd08,4,2
0535d233-a8a8-4262-b8ab-4a30d6c04e25,3,2
980ff33c-c03c-433c-a4b6-9cd92769bd06,4,1
1a2dbdbc-24c6-4111-a5fe-c32216f87b7f,6,5
ac0ba32b-72da-4fe7-b056-61c9702fe357,2,3
14673edf-41cb-48f3-b371-f9856c0268e5,4,4
2b35f9d4-1a47-4470-9607-f8ea3fe745c4,4,1
f1c4b801-09b2-4fcc-96a7-b111e6c66cf2,6,3
da9e9186-6419-416c-93e9-4a6c306b27a1,6,5
91580238-3a39-40ed-9478-d0919794b722,1,3
0535d233-a8a8-4262-b8ab-4a30d6c04e25,4,1
f02fcaf3-1bfb-4760-898b-455a6a659c46,6,1
0bb8ba07-2527-4e64-b6f1-251368ee790d,5,3
f7862eb3-4a14-445a-8156-31fd184d7005,7,2
e73fc1a3-bcfd-4ccb-a3b5-47a2b3f5130d,5,5
7bdf5639-725a-4828-b6c3-5b5cc736cc13,1,4
e9053313-ce82-41b4-92fc-82fb6c5a7173,3,2
9146bcbf-06f9-49ba-ad37-adb7d4da1bd8,8,2
f133352a-c208-4184-893c-d94f77832364,7,2
4be03c30-12e2-4603-b040-53aed32f1212,4,3
95519599-4d5c-40f1-9b2c-beb8878c1b20,5,5
ab041485-03cb-4dbe-9583-c70a66accc18,8,3
1afff7c2-4a95-4d58-b115-9fda4f35e863,6,3
383bb5ab-8371-47e1-9948-29cd8b1f9ded,8,2
59e0a091-7dfe-4736-8278-137754372aee,3,4
3b2af6d5-54be-4298-ab03-c57bbb5c2746,2,1
8dee702a-b8a0-4c3e-877e-661d29f2f956,1,3
65998224-304c-487e-b74e-5b0fd491ac6a,1,5
9c0d379e-7d6f-4de5-9008-2a9093565420,1,3
1b273b83-b990-4bcd-924b-a9dbdd6e673f,1,1
467449a8-72b2-43c1-a43d-7b32dfd4c820,5,3
e61ac59c-8a9e-48c8-8285-304015e8d500,1,4
da9e9186-6419-416c-93e9-4a6c306b27a1,3,2
b6f9a779-412c-4f21-8073-13381bf31490,5,3
9c24bc24-67d0-4e47-b72b-de15b63b090d,2,1
facc8f90-ad8f-4997-ab98-e7cb370648f1,1,5
49def278-c966-4fcb-b752-78cc37f4efc4,5,3
ca07f546-0bc7-41e2-8ec6-8bbc304b45c2,2,2
4ac8fdca-2ea2-4194-954e-3c205d45129d,7,3
14f8d984-5ee0-409f-9a00-ad5f29dd0a90,4,4
0b0f4258-695a-4a3b-9b40-b0a8fd166995,3,3
778e96ad-82f2-4912-920f-e8c87645a06d,7,5
0bb8ba07-2527-4e64-b6f1-251368ee790d,3,3
d4a24be6-6865-423e-b2d7-e2457e6435db,8,5
92bf8fd9-dba9-41aa-88c8-f83088a1cba3,8,3
117b5761-bbc6-4a83-be07-5bc58718b81f,2,3
350e89e0-310e-418e-85b2-0c2bdc89d77f,3,2
14df3718-675b-4c94-a124-358292489803,5,2
ca33e48c-a56f-466e-b4f2-9d28cc52374f,4,4
accbb2e3-6ff5-4b57-b916-db30e0a886ce,7,1
2527bed5-8eca-4f3c-abf0-2da346449e62,1,5
52e02583-ecb4-41c0-9179-e54102aa8e44,3,5
227fc989-90e4-439f-887a-ebff68e3abcd,8,4
215ec9d3-c849-42c1-ad5f-d000fe06743f,7,5
6a9e05e0-6ecb-44f6-9fbd-875485ae17f1,5,3
73ac3f88-9c1d-4eb4-a66b-d6ba863d40a0,3,3
91a797b9-de46-46c2-a372-7a08c44783ec,8,5
379b3e0e-f8df-4258-82e7-63c2556fd46e,8,5
04349f71-45fa-4262-8415-c9c8ba45b895,4,3
3ecf9cdb-68a5-4905-9c39-03188adab3a0,1,2
30b0c8fb-dc7f-4cb5-93ca-7eb2e8825595,3,4
74536f68-b61c-4e73-a55d-49c71386b15b,1,5
7f755b48-f7cd-4218-82f9-bf24b526731a,5,3
c277cf98-752a-404a-bc5b-d76c73e2b985,4,3
f7825bda-3cab-474d-b209-0b04dbbaf0d5,2,3
3315aaad-4075-4843-ae7a-fb90546368e3,8,4
8b78d283-7b22-4943-875a-4fd887f0df4a,1,1
76867724-1b40-4e2d-922a-832e6ba0bd87,6,3
3197655f-d60f-4932-8dd2-479ea7cc301e,6,2
6bf661e6-43ea-4569-9f32-67d35f76e335,1,5
bcc95c8d-e448-4101-adb4-ab441932fb01,6,4
117b5761-bbc6-4a83-be07-5bc58718b81f,3,1
6bf661e6-43ea-4569-9f32-67d35f76e335,1,5
59274e34-58e0-48ba-8d40-2bc36c2d42cd,5,3
98db80a9-a6f8-47eb-8dd7-33af642cf63c,2,5
5549dfd6-f45c-4fec-8889-035b4875a1f8,8,4
09792140-ae83-4355-ba2b-ca4f2d3ae1ff,6,5
ea4e9e41-de3c-4b8f-8dfd-bfed47a8e7e8,5,3
a8085580-7cec-4c18-8008-8243de438ed4,2,5
3dc23e04-0d73-4189-9e56-e35261b1e660,7,3
0b7eda3b-3995-47d3-9ef6-44abde7b6c8b,4,4
ae670d11-4d89-417c-8229-f8abbc705ede,4,2
705511dc-7267-496e-869f-2fc3c619b3f0,3,1
8dee702a-b8a0-4c3e-877e-661d29f2f956,3,4
52e02583-ecb4-41c0-9179-e54102aa8e44,3,2
292b2d0b-9c05-4de8-8156-8c3136a721c2,4,3
5f111c8c-080f-4984-8271-f69bd91d2c7c,4,5
812cbb85-8970-42b7-95f0-c59278724dcf,1,4
0bed7b45-dc4a-4c76-8cb2-0e54429d81fe,5,3
d147a098-bfde-40d4-9488-5ae9911875dd,4,2
be974a0e-44b5-414b-a28b-2587cc78b9ba,5,2
5d0fddaf-6289-4103-98df-49e33edb022e,4,5
c5ca0a5d-6cf8-4728-9225-1d0ee8af00c6,6,2
2d609413-6e29-4d46-81b7-39936fd9e380,1,3
5e5fa0ef-e149-41c5-8d7b-efff307c183a,7,3
9cd85cae-b316-4fa8-bb41-852e1d83b67a,5,3
0d0fa739-0bc2-49d2-b39c-f6ab2bc325c7,3,5
a10da21c-e07c-492d-80f4-814d3621274d,8,4
49def278-c966-4fcb-b752-78cc37f4efc4,8,4
be9a33c0-2daa-40bd-b638-b9d2f69512f3,8,3
bf01a388-949c-4f95-895d-7684b5cab6a5,6,5
0fe57a41-c44c-49c7-b68e-1350c5146b37,4,4
cc73f1c9-9c0e-46bb-a498-93ad5367d884,8,5
b0304e32-8e6a-4663-81e8-dd085ea6a094,2,4
467449a8-72b2-43c1-a43d-7b32dfd4c820,2,2
d431dd90-3250-46ca-818a-63cba036f2e7,4,4
cd826b56-a233-4da4-99e0-1d3c133d9f1e,8,4
4e442815-1b6b-4e25-915f-43fbb93ae9a7,7,5
b5e6efc8-5e4b-46df-81ff-dff224e8dfbe,2,4
502e2c6e-6ede-4ac0-8f59-c4f537c4f4e4,1,1
7eccb3c5-c3c1-4b35-8d07-10663df019d8,3,2
49559d45-a009-4bf0-b1f9-a6043f1db255,4,5
0d0f869c-e883-4eba-abd7-19e2f32c5df2,7,1
0535d233-a8a8-4262-b8ab-4a30d6c04e25,6,4
232564f9-76cd-4fb4-9ea3-4b81bfbfe935,4,4
8833b033-f522-4795-a22b-91ac9b3c0f2d,5,1
3e2b2735-afed-49d9-98b4-631ca5b5a42f,1,2
6eec5a96-ae73-425e-befa-191e4d5cbe1b,1,5
965fa1ff-7479-4e71-a63f-bc0ac2f6f9fb,6,3
83e11eec-8548-498a-a8c4-25358499e304,2,5
9962475a-3d51-42f8-aced-8d2a02fb2cc6,6,5
813c09ec-98ce-4f5c-807a-b2d21d9a60c8,8,5
3a2f5b8a-04af-43a4-8691-f204582209a1,3,3
822ea109-c81c-4f4c-875f-f08fbb085999,5,2
bb17cd64-20bb-4ebb-855c-bf9089a134f1,1,1
8209b506-0173-4121-94e0-781b70454be3,8,5
1473b1b4-7b53-43ef-83db-4ae9cfc01de9,4,3
93067f1c-a402-4b8f-b01d-16b4aa347dcb,7,4
0a69011e-236d-4e37-ba47-c854557ea6f3,5,4
b1fb2a8d-c215-4b0e-a4a9-64690c65d41e,5,1
7359a754-4c16-4aa3-84be-e1a78ebd865e,3,2
5e5fa0ef-e149-41c5-8d7b-efff307c183a,2,5
33951a63-098a-43ad-80ef-d669c6ff57ad,7,5
52468e2c-22a5-40eb-8aba-278cf9828c46,3,4
117b5761-bbc6-4a83-be07-5bc58718b81f,5,5
fec1f1f2-a145-40a3-b070-65f3a9b68c38,3,2
16affd88-4c44-4652-8837-f0135d26708e,6,4
9fa205c4-58af-4e4a-919d-3f55c9839103,1,4
0d03fe67-5744-4ac9-8eea-b8a1beae377a,3,1
82fbfb43-a3d9-478e-9d4a-7495245de388,3,5
c277cf98-752a-404a-bc5b-d76c73e2b985,1,4
fec1f1f2-a145-40a3-b070-65f3a9b68c38,4,3
16affd88-4c44-4652-8837-f0135d26708e,1,1
95519599-4d5c-40f1-9b2c-beb8878c1b20,7,3
6465f949-afc1-429d-bcf7-168b5d1fde9b,2,4
be9a33c0-2daa-40bd-b638-b9d2f69512f3,7,4
1ec5720d-3cd2-4331-8459-74466690eced,4,1
e1038f88-632f-4d94-84c5-074136857488,6,4
8b29b7ba-b43d-404a-8cac-f3ab36697527,1,4
dea3bf90-be95-4060-9d61-6d341a678869,7,4
b170b3f5-9f02-4a57-8546-a6d4579f07f1,8,1
1c6c1e31-98d6-4cda-8551-4a27738c8cf9,7,1
11841497-93e6-4f64-acb7-16dd51054794,2,4
59274e34-58e0-48ba-8d40-2bc36c2d42cd,7,2
c8568f7f-27f2-492b-a728-9d0504bc298a,7,1
705511dc-7267-496e-869f-2fc3c619b3f0,5,2
18b38754-50cd-4bfd-90e0-8f395f3eaa2e,7,1
0b9319f6-b857-42aa-89df-9ebed2b8b342,6,2
4e442815-1b6b-4e25-915f-43fbb93ae9a7,2,4
1c743b7f-53bf-4637-a516-dd604295fa5f,2,1
c61c644b-a433-4e68-9975-5b23e4fcfdf0,3,4
d8f10011-a28e-4a27-9147-486106ae7997,4,4
5bc98ff3-c916-413f-9feb-1ed2f25340ee,2,1
da6993c4-7f28-461c-8cda-818fa8d0f111,2,3
b6f9a779-412c-4f21-8073-13381bf31490,7,4
9e578d52-76e4-4099-a491-3fd455fcbbad,7,5
0d6740a5-fd82-4f54-a30c-f740f06ab2f0,4,3
cf9e412c-39d0-4516-abdd-11b9b93aa043,6,5
7587c800-cae3-418b-8b44-4ef324aac515,3,1
f1ee5055-93db-4dd8-b535-710ff512e7cc,5,4
70f0bc7d-2e5b-4060-8fd4-a863704e5c6b,5,4
6bf661e6-43ea-4569-9f32-67d35f76e335,3,5
be9a33c0-2daa-40bd-b638-b9d2f69512f3,5,3
0b0f4258-695a-4a3b-9b40-b0a8fd166995,7,3
4da99649-86f2-444c-9490-a659ca659503,7,3
42ccf585-dd0c-46c3-a0ba-b2cb87d8db0d,5,3
8a410f60-9286-4653-8743-d5fd36a6bfd3,7,4
accbb2e3-6ff5-4b57-b916-db30e0a886ce,1,1
a0336512-098d-416a-87c9-83a9670fc31d,8,5
41f20853-2cbd-4019-be35-1845ac4ccd7a,5,2
5bc98ff3-c916-413f-9feb-1ed2f25340ee,2,4
557c1227-c741-4207-8196-a608cfb8b1fb,1,1
5747dff7-1e11-44cf-84b8-b8f15ff87bc1,2,4
12f9fde1-756d-43e0-a54d-9225f26771c1,4,1
2b35f9d4-1a47-4470-9607-f8ea3fe745c4,5,4
4da99649-86f2-444c-9490-a659ca659503,8,5
dbb54e81-87ae-4491-bdfd-9c0677dac794,1,4
da9e9186-6419-416c-93e9-4a6c306b27a1,1,4
1e5d1a8d-3c94-490d-b042-0038e32e5a48,5,1
14df3718-675b-4c94-a124-358292489803,6,1
bf01a388-949c-4f95-895d-7684b5cab6a5,8,1
75554ce3-d309-4a2e-a7ce-6dac2a03b401,5,4
89a2923f-83b4-4364-beb8-750c5bf14d3d,1,1
0f1ab389-80a1-404f-ab9c-6e76c82f076f,2,2
521f14ee-6431-4f22-bafb-44f4f885608a,6,4
136f0175-7c46-4b01-8d45-3fa96531b1ed,7,2
6bf661e6-43ea-4569-9f32-67d35f76e335,5,4
6d301c97-f982-4711-bfa8-25b164247f2c,6,3
3764a8c6-a041-41e1-bd77-596064304c4e,4,2
a1322965-3e8e-4ba1-b32b-3e66d8aaf1aa,6,1
cff0ef0e-dbc8-48f4-887b-10f9195d2eb2,5,3
c70b630a-43c0-46d2-bfa4-a50a21abf64d,6,3
94091979-2c32-46ac-a662-30b6614604ae,8,5
d0dc011b-3642-46c1-b87c-b404287938a7,3,5
9962475a-3d51-42f8-aced-8d2a02fb2cc6,4,4
d4a6071f-0620-47c4-8fbb-bfe26c700427,6,1
2ad072a6-cb05-4d16-b7e0-a8f29e38438c,1,4
8a3536e8-fe61-403f-9d4d-b1897b3e4875,5,3
ec581489-012a-431d-ba72-c024febb3431,4,2
0f4430e6-d4f4-4bae-977b-31aea7c38bb5,1,3
b453dce4-20a3-473f-b9c9-d5e3b6a1c653,6,3
557c1227-c741-4207-8196-a608cfb8b1fb,4,1
527921c0-94cb-41a4-acd3-7d6c2eb62edc,7,4
d4a24be6-6865-423e-b2d7-e2457e6435db,7,5
c15ca881-6382-4580-9e8e-5129af57b5ab,8,4
c277cf98-752a-404a-bc5b-d76c73e2b985,7,2
91580238-3a39-40ed-9478-d0919794b722,2,4
5a57fb79-5712-4c77-b4dd-4c080a1957f4,3,4
7d0de6a5-106f-4c8e-b63a-01ae3cb1fa59,4,5
7522f1ce-b7cb-4cf8-90a6-aad523c41fae,7,5
ad463107-e7cc-4306-b0df-16a750a38180,8,5
89a8b3cb-7ecc-4359-9fb4-bd2609047826,4,4
4ae35964-2989-4540-8579-477a0892fd96,5,1
f55057f9-dca0-495e-bd23-079856854556,5,4
2527bed5-8eca-4f3c-abf0-2da346449e62,5,3
5549dfd6-f45c-4fec-8889-035b4875a1f8,5,1
671a20d2-46d3-4ded-80d2-fcc162cbb551,3,2
f55057f9-dca0-495e-bd23-079856854556,2,3
705511dc-7267-496e-869f-2fc3c619b3f0,5,1
272d3a6c-036d-4e0f-adac-1919e364a780,3,1
5435b9ee-9b23-4527-adb9-b985e3e50973,1,2
4ac8fdca-2ea2-4194-954e-3c205d45129d,1,1
bb17cd64-20bb-4ebb-855c-bf9089a134f1,8,5
5bb02278-cde1-43b6-8a30-57a2435fb4fa,3,5
701fe40b-7627-4bd2-bece-e4c45cdd4274,2,4
1ae2b794-a338-450c-baed-87d0beb801c7,7,4
bdf86742-eafd-44dd-a653-b94c29b1cb24,6,4
d2dfc993-0547-4aa6-ae25-182a1b287703,6,4
1a21c26a-2a6e-466d-8fe1-dc55e742813e,6,3
31eb328f-0573-43ce-8829-1e934298127d,8,1
d43574fa-9028-48d0-9546-5fe19c3a8539,4,4
ff9379c7-1d2c-46f1-ad6c-bb168d91962b,6,1
26b9b6c9-8b69-4d1a-8597-56d5b5fdb4f5,5,1
da9e9186-6419-416c-93e9-4a6c306b27a1,8,2
4abbb01d-1a62-4a17-853a-33492647572f,2,4
eb3edd84-748e-4a7d-ab44-2c64b24fa817,6,4
fe2956cc-0861-4fb8-b1b3-039c6551626d,7,2
9438e961-c11f-424e-b281-dea637616363,1,5
606d1a86-bda3-4044-a124-e815e2f74d72,3,5
0985c89f-ae92-4660-adc2-f06b907bc993,4,2
40ea3e95-cafb-43d1-8bea-69b06d8695f1,5,4
98694b0e-0047-4aac-81fc-0ba9792d396f,7,4
75554ce3-d309-4a2e-a7ce-6dac2a03b401,6,5
1a2dbdbc-24c6-4111-a5fe-c32216f87b7f,6,4
ea4e9e41-de3c-4b8f-8dfd-bfed47a8e7e8,8,4
d3b2bcb7-1325-49ce-9e7d-900a5c0bf7b3,3,2
5809fd72-7c2f-46e9-8557-079802c7fe37,6,2
ca07f546-0bc7-41e2-8ec6-8bbc304b45c2,8,5
120d5bd7-607f-4720-be3d-2c3e38f16f7e,6,2
14673edf-41cb-48f3-b371-f9856c0268e5,4,5
1c6c1e31-98d6-4cda-8551-4a27738c8cf9,8,1
f1c4b801-09b2-4fcc-96a7-b111e6c66cf2,1,5
ac0ba32b-72da-4fe7-b056-61c9702fe357,3,2
0985c89f-ae92-4660-adc2-f06b907bc993,5,3
120d5bd7-607f-4720-be3d-2c3e38f16f7e,5,1
d8f10011-a28e-4a27-9147-486106ae7997,1,3
fee6b6cd-206d-4983-8cfc-fc7d10b23f3e,4,2
b5e6efc8-5e4b-46df-81ff-dff224e8dfbe,4,2
5f111c8c-080f-4984-8271-f69bd91d2c7c,3,5
a10da21c-e07c-492d-80f4-814d3621274d,8,5
d2dfc993-0547-4aa6-ae25-182a1b287703,4,5
812cbb85-8970-42b7-95f0-c59278724dcf,4,5
8ccd139e-74ae-4a8f-a705-32614246111d,2,3
8f2a73b7-8608-4f1d-bb4c-becc41154c93,2,2
a895f401-366a-4151-ac10-88ccdb324361,6,4
4bd7a797-5e52-4617-8961-a36ed3d911fe,8,1
34b36a73-313f-45da-9cc5-c6437242f3f8,6,3
ab041485-03cb-4dbe-9583-c70a66accc18,4,4
73fea0b7-da5d-4631-9e14-f96e0be3abc2,3,3
f41284ef-2c13-4b6a-accd-d2b1abc7ebbe,2,2
facc8f90-ad8f-4997-ab98-e7cb370648f1,5,1
70b65cc2-599a-43fd-8b9c-901af3f159d7,4,3
2b35f9d4-1a47-4470-9607-f8ea3fe745c4,6,5
f2d007a4-a98f-404e-94f6-13d2d8daf146,5,5
09792140-ae83-4355-ba2b-ca4f2d3ae1ff,4,2
6c4a7fa8-30a7-4792-9e74-84a100844d05,3,5
b1fb2a8d-c215-4b0e-a4a9-64690c65d41e,1,2
6e8c7926-b6c7-4410-b136-99d4a12631e7,2,4
312ebb67-cdc9-49b1-a85c-2d72560a3a39,3,2
af20d113-4e67-4224-9702-67ad9a3ed152,2,2
cf67b923-fe9e-4106-bc9f-f076724f5d9b,5,2
837480f4-6342-4695-b5f6-15dd6a7ba30b,4,5
a54b516d-a7c8-43ab-bd86-7919ee65b9c1,5,3
fe2956cc-0861-4fb8-b1b3-039c6551626d,7,2
1e65e76b-cd6e-47d3-a077-b252234056f5,7,1
b5e6efc8-5e4b-46df-81ff-dff224e8dfbe,3,3
02cb4cb9-9f1f-4f96-95d5-55603612e0c4,6,2
d0dc011b-3642-46c1-b87c-b404287938a7,3,3
046f0254-4f60-4b61-9792-11c68b85c780,6,4
5f111c8c-080f-4984-8271-f69bd91d2c7c,8,3
d431dd90-3250-46ca-818a-63cba036f2e7,7,4
485730b6-3a8b-446e-b87c-13cd6a9b04b2,7,2
5a57fb79-5712-4c77-b4dd-4c080a1957f4,3,5
df82bfa3-a665-4654-9336-5fc10c991d44,3,5
671a20d2-46d3-4ded-80d2-fcc162cbb551,7,4
d43574fa-9028-48d0-9546-5fe19c3a8539,8,4
5435b9ee-9b23-4527-adb9-b985e3e50973,7,2
2b35f9d4-1a47-4470-9607-f8ea3fe745c4,3,1
52468e2c-22a5-40eb-8aba-278cf9828c46,6,4
73ac3f88-9c1d-4eb4-a66b-d6ba863d40a0,3,2
62bff47b-56d4-4240-b2f7-0a3dc36ffa9a,8,1
136aacbe-3dfe-470d-b73c-88241d4c1a2b,6,1
e5332626-0afe-4b39-bcbc-d5c53d4a3b7c,7,5
f133352a-c208-4184-893c-d94f77832364,5,5
da6993c4-7f28-461c-8cda-818fa8d0f111,6,2
a0ca7c4a-7f10-429c-8b5c-ff5d1dbd2a3e,2,1
1a2dbdbc-24c6-4111-a5fe-c32216f87b7f,1,5
7308b59a-3db9-4508-90d4-94152ecb5f38,8,5
70f0bc7d-2e5b-4060-8fd4-a863704e5c6b,2,3
0b7eda3b-3995-47d3-9ef6-44abde7b6c8b,3,3
e73e5fd1-f3e8-493d-ac20-24bb98893cda,1,5
80b88138-8c69-4fd3-8764-78770f3864fb,8,2
292b2d0b-9c05-4de8-8156-8c3136a721c2,6,1
3dc23e04-0d73-4189-9e56-e35261b1e660,2,4
ab041485-03cb-4dbe-9583-c70a66accc18,7,1
ebfe58ea-96bb-402f-9bd1-dbde57b33831,2,4
26b9b6c9-8b69-4d1a-8597-56d5b5fdb4f5,6,1
527921c0-94cb-41a4-acd3-7d6c2eb62edc,5,1
8833b033-f522-4795-a22b-91ac9b3c0f2d,7,5
95ba36eb-8cb5-4858-abf4-7c9ac3759875,8,4
a0ca7c4a-7f10-429c-8b5c-ff5d1dbd2a3e,5,5
41f4cbfd-4eec-4720-a1b7-f55e4a444bc5,3,1
91a797b9-de46-46c2-a372-7a08c44783ec,7,3
d8f10011-a28e-4a27-9147-486106ae7997,2,5
aaae7f6e-0039-44b5-8fe6-12c32b114cdc,6,3
0667d4dd-23c3-411b-a1de-66bb7b4ca584,5,1
70b65cc2-599a-43fd-8b9c-901af3f159d7,8,1
7d0de6a5-106f-4c8e-b63a-01ae3cb1fa59,8,3
14df3718-675b-4c94-a124-358292489803,6,1
1c743b7f-53bf-4637-a516-dd604295fa5f,4,2
87d1e3c8-cbae-472b-a6c0-0422ae36ba55,1,1
fd5b81b6-ba8c-4f04-973a-a037a1faa17d,5,4
12b9f4e3-2d49-43b1-8d53-06c31205e26c,4,4
14ec90b4-1b2a-4307-bcba-4ea815154074,2,3
31fe553c-7bbb-45bb-ba32-df3c9e7a77aa,3,2
1a2dbdbc-24c6-4111-a5fe-c32216f87b7f,1,2
3315aaad-4075-4843-ae7a-fb90546368e3,5,1
cc73f1c9-9c0e-46bb-a498-93ad5367d884,4,3
69b2dab0-c64b-48d4-b300-9c6f86d792c6,3,1
c70b630a-43c0-46d2-bfa4-a50a21abf64d,4,4
a0ca7c4a-7f10-429c-8b5c-ff5d1dbd2a3e,4,5
9e578d52-76e4-4099-a491-3fd455fcbbad,3,2
e3635e2e-74b1-43b7-a140-cb3568981830,6,1
6eec5a96-ae73-425e-befa-191e4d5cbe1b,7,4
c04b7278-0ad9-40b1-94f0-4087be369233,1,2
a0336512-098d-416a-87c9-83a9670fc31d,6,2
5d0fddaf-6289-4103-98df-49e33edb022e,5,1
df82bfa3-a665-4654-9336-5fc10c991d44,5,2
6465f949-afc1-429d-bcf7-168b5d1fde9b,8,2
f02fcaf3-1bfb-4760-898b-455a6a659c46,5,4
ad5aacb1-1258-4141-a048-222168d86665,2,3
60821f6f-6701-4c01-8938-6951cc125fa5,5,4
1638d862-b0ac-44dc-8daf-2bc9885f0f97,8,1
3197655f-d60f-4932-8dd2-479ea7cc301e,5,3
3eba94ee-8d9d-40d6-a92b-5d4975afcea2,1,5
1c743b7f-53bf-4637-a516-dd604295fa5f,8,3
df4bd2c3-8ec2-494f-b432-d23f1acef02f,6,4
ad6cbf32-dcb9-4ef5-9dec-8b8332e7fcb6,1,1
c70b630a-43c0-46d2-bfa4-a50a21abf64d,6,1
c5ca0a5d-6cf8-4728-9225-1d0ee8af00c6,1,4
950bc6a2-27f9-4f2f-a70b-db6b47dc7a9e,7,4
8dee702a-b8a0-4c3e-877e-661d29f2f956,2,1
5435b9ee-9b23-4527-adb9-b985e3e50973,7,5
0535d233-a8a8-4262-b8ab-4a30d6c04e25,4,1
f2de8650-c29e-429d-9fb1-526ef634b9e2,5,5
485730b6-3a8b-446e-b87c-13cd6a9b04b2,4,1
6557201d-2ab0-42e9-9aa7-fbae2644128e,4,2
748cdeed-45b9-4669-a604-7422b624bfc9,6,5
ad41e33b-ce78-4944-9eb2-1e682e654c99,3,2
d094d9ed-1ad2-42bd-bba5-c6705d2bcd36,3,5
b453dce4-20a3-473f-b9c9-d5e3b6a1c653,3,3
0f1ab389-80a1-404f-ab9c-6e76c82f076f,7,5
e23f9fdc-f8c7-4b95-b445-a15c1dfd1b79,4,1
c5ce634f-4e2a-42ec-8e39-1abf26fc473f,3,3
a0ca7c4a-7f10-429c-8b5c-ff5d1dbd2a3e,6,5
7f047424-3edd-4556-9e0f-e2732fe837a7,4,3
be20dc27-c656-413f-b783-7bd3cc3b6337,6,2
714f5c85-b730-46f1-b3d5-254dbd246df7,6,2
9c24bc24-67d0-4e47-b72b-de15b63b090d,8,3
6d46c77f-ea1c-4386-a16a-e3819b8ab25d,3,2
b1fb2a8d-c215-4b0e-a4a9-64690c65d41e,6,3
1e5d1a8d-3c94-490d-b042-0038e32e5a48,2,2
ac823fd9-b3e8-4009-9a4f-9628ec354c89,3,5
df4bd2c3-8ec2-494f-b432-d23f1acef02f,3,1
e61ac59c-8a9e-48c8-8285-304015e8d500,3,4
f380e561-a1c6-4115-aaed-39a38567a4ef,8,5
dea3bf90-be95-4060-9d61-6d341a678869,4,5
d147a098-bfde-40d4-9488-5ae9911875dd,5,3
46550531-44ce-48b8-9951-b57ae888cb95,8,1
b5621382-d382-45c4-a79e-66a8f3c25e69,4,2
befbeab7-c2c9-45c4-9da4-174971e7c42c,7,3
b1fb2a8d-c215-4b0e-a4a9-64690c65d41e,7,5
f239dfa2-c1a9-456c-b1d1-53c35c9a2c45,5,1
2775e2d5-a0ee-4567-b1c6-6814619c192b,4,5
96d0037e-d811-477a-88bb-0f9233bf24ac,5,5
e9053313-ce82-41b4-92fc-82fb6c5a7173,3,4
fdc3c52c-cdf9-4cf1-8a0c-a8ef6fe5280f,5,3
ec186ff0-a5f8-41c1-8175-161e1a42cbac,6,4
1c6c1e31-98d6-4cda-8551-4a27738c8cf9,1,1
41f20853-2cbd-4019-be35-1845ac4ccd7a,1,2
215ec9d3-c849-42c1-ad5f-d000fe06743f,7,5
6465f949-afc1-429d-bcf7-168b5d1fde9b,7,4
5bc98ff3-c916-413f-9feb-1ed2f25340ee,7,5
3e2b2735-afed-49d9-98b4-631ca5b5a42f,5,5
80300b2e-dc7a-484f-a5b9-ed898aacbd1f,4,2
557c1227-c741-4207-8196-a608cfb8b1fb,3,3
7eccb3c5-c3c1-4b35-8d07-10663df019d8,4,3
22e65ff5-55b1-46f0-911f-463a3d303382,7,2
1ec5720d-3cd2-4331-8459-74466690eced,3,1
e1038f88-632f-4d94-84c5-074136857488,3,5
1b273b83-b990-4bcd-924b-a9dbdd6e673f,8,2
4abbb01d-1a62-4a17-853a-33492647572f,7,2
a895f401-366a-4151-ac10-88ccdb324361,5,2
0bb8ba07-2527-4e64-b6f1-251368ee790d,4,5
dea3bf90-be95-4060-9d61-6d341a678869,1,1
65998224-304c-487e-b74e-5b0fd491ac6a,6,5
1e5d1a8d-3c94-490d-b042-0038e32e5a48,2,5
bed28d1c-9cc8-4791-9a10-fe7c76630f99,8,5
0a69011e-236d-4e37-ba47-c854557ea6f3,3,2
892fa026-295d-448c-8985-81a81ed35376,6,3
95ba36eb-8cb5-4858-abf4-7c9ac3759875,3,3
4360e285-b926-4d65-bb3b-fffb6e92805e,5,1
0df067ef-28bc-4ea4-b9bc-fc37b30db486,7,3
7f755b48-f7cd-4218-82f9-bf24b526731a,7,1
4da99649-86f2-444c-9490-a659ca659503,6,4
3ae2e443-728b-4705-86c9-71f2a1ea79ef,2,2
f1c4b801-09b2-4fcc-96a7-b111e6c66cf2,3,4
b786b4bb-29f3-4cdd-ba9a-d1c24a8a4475,3,4
14673edf-41cb-48f3-b371-f9856c0268e5,4,2
1473b1b4-7b53-43ef-83db-4ae9cfc01de9,8,3
822ea109-c81c-4f4c-875f-f08fbb085999,6,3
6e8c7926-b6c7-4410-b136-99d4a12631e7,4,1
a9a44362-f695-4504-8f8d-df3bff52245c,6,5
f4eedbc8-e689-4f74-8893-b15e9e4b2410,8,2
befbeab7-c2c9-45c4-9da4-174971e7c42c,3,5
ae670d11-4d89-417c-8229-f8abbc705ede,2,1
a0ca7c4a-7f10-429c-8b5c-ff5d1dbd2a3e,6,5
a0ca7c4a-7f10-429c-8b5c-ff5d1dbd2a3e,5,2
292b2d0b-9c05-4de8-8156-8c3136a721c2,5,2
919a0c51-12cf-4014-a85f-60f98c5052d7,5,4
ad41e33b-ce78-4944-9eb2-1e682e654c99,6,3
9fe5ad6a-a461-432a-906a-dc42cff3c376,1,4
94091979-2c32-46ac-a662-30b6614604ae,7,3
3315aaad-4075-4843-ae7a-fb90546368e3,4,3
2ebffa85-e921-47be-9c44-7778e90d630c,5,4
de703f67-a498-43a4-8326-e8c0c4a84929,5,4
c15ca881-6382-4580-9e8e-5129af57b5ab,4,2
65c419df-399a-47c4-8a12-8bc2f5420303,6,4
354514d6-9063-46a1-a172-303e01f7da15,3,2
dee22f31-1f0a-44e0-98eb-f77b71522655,5,3
892fa026-295d-448c-8985-81a81ed35376,4,4
12eeb7f3-961a-4896-a476-6016f69fadf3,2,2
0d0fa739-0bc2-49d2-b39c-f6ab2bc325c7,5,1
136f0175-7c46-4b01-8d45-3fa96531b1ed,8,3
813c09ec-98ce-4f5c-807a-b2d21d9a60c8,5,1
f2988164-159d-4ce7-a792-588348621796,8,3
42796ce1-1e2f-4d79-9986-25d5d3f6d788,8,5
70f0bc7d-2e5b-4060-8fd4-a863704e5c6b,4,4
dea3bf90-be95-4060-9d61-6d341a678869,6,4
b3986dd0-5076-4c6d-8a0e-d6d3a1b13dbb,3,1
812cbb85-8970-42b7-95f0-c59278724dcf,1,2
52468e2c-22a5-40eb-8aba-278cf9828c46,4,4
00d6765b-5869-42ec-a2e0-2644cffb90bc,3,5
ae851e1d-b980-46fc-9ac5-23ba947a1905,8,4
e2a84b9c-b16b-4c31-9ca8-c527c4697f01,6,2
42796ce1-1e2f-4d79-9986-25d5d3f6d788,1,1
f1bd9dcc-a11a-4955-8332-d831cbeacf62,3,1
14df3718-675b-4c94-a124-358292489803,2,3
f133352a-c208-4184-893c-d94f77832364,4,2
5f602ed3-afdf-4241-b859-d8ef2cd773e5,3,3
5f111c8c-080f-4984-8271-f69bd91d2c7c,3,3
292b2d0b-9c05-4de8-8156-8c3136a721c2,5,1
b1fb2a8d-c215-4b0e-a4a9-64690c65d41e,4,4
6f1c374d-0169-4297-8035-9059042453af,7,4
d94cf087-8e42-4a43-a82d-bfce1f88e3e0,2,4
abdc8784-8530-4cc3-ad9f-474199cb6d0c,6,5
521f14ee-6431-4f22-bafb-44f4f885608a,1,1
b6f9a779-412c-4f21-8073-13381bf31490,3,5
0ee9fefc-f0e7-45e8-8d7c-b0859712a9b1,2,5
59e0a091-7dfe-4736-8278-137754372aee,8,2
cf67b923-fe9e-4106-bc9f-f076724f5d9b,6,5
34b36a73-313f-45da-9cc5-c6437242f3f8,5,2
0df067ef-28bc-4ea4-b9bc-fc37b30db486,4,1
52e02583-ecb4-41c0-9179-e54102aa8e44,7,2
843880d8-5f49-4415-831a-c2480d5626bb,7,5
def69d73-412a-471b-9611-a0bb14707e74,3,5
f239dfa2-c1a9-456c-b1d1-53c35c9a2c45,7,4
919a0c51-12cf-4014-a85f-60f98c5052d7,6,4
e8fdb110-0d24-4479-b1d1-628c4b8f14aa,5,4
485730b6-3a8b-446e-b87c-13cd6a9b04b2,5,2
0d03fe67-5744-4ac9-8eea-b8a1beae377a,8,5
c277cf98-752a-404a-bc5b-d76c73e2b985,4,5
dc367d7e-795b-4178-a3ef-0bc87f967813,1,3
ca07f546-0bc7-41e2-8ec6-8bbc304b45c2,2,4
70f0bc7d-2e5b-4060-8fd4-a863704e5c6b,2,5
bb059108-d9f7-4568-993f-4c83d41277cf,6,2
5d1a7669-f1e6-494b-a6aa-b3e534726a38,7,3
fcbc2a3d-1794-4393-ad8f-bfd5c0aafa84,2,3
aaae7f6e-0039-44b5-8fe6-12c32b114cdc,5,3
de9ed400-731d-42e9-a5a9-fc65f1d61eb4,7,3
8a0788f1-003d-4ce1-91df-eac8b190beaa,1,5
f55057f9-dca0-495e-bd23-079856854556,2,3
74886263-48b4-4ec3-bb0c-5f968573fffe,2,2
f7862eb3-4a14-445a-8156-31fd184d7005,4,3
fee6b6cd-206d-4983-8cfc-fc7d10b23f3e,6,3
5d0fddaf-6289-4103-98df-49e33edb022e,1,4
b6f9a779-412c-4f21-8073-13381bf31490,2,3
33951a63-098a-43ad-80ef-d669c6ff57ad,1,3
9cd85cae-b316-4fa8-bb41-852e1d83b67a,8,4
41930f58-ea40-4201-82f3-bd92392c1a20,7,1
f1bd9dcc-a11a-4955-8332-d831cbeacf62,8,4
95519599-4d5c-40f1-9b2c-beb8878c1b20,3,2
f02fcaf3-1bfb-4760-898b-455a6a659c46,3,5
dee22f31-1f0a-44e0-98eb-f77b71522655,5,4
bb6876ea-0de4-4440-9c1f-e7a3a64d2379,6,5
73fea0b7-da5d-4631-9e14-f96e0be3abc2,8,5
131e9dbb-b3c7-44da-b0d3-c69509feac95,6,4
6c4a7fa8-30a7-4792-9e74-84a100844d05,6,1
dd26665e-ebb9-4f36-92e2-52ef650c15a7,7,1
74536f68-b61c-4e73-a55d-49c71386b15b,7,2
d431dd90-3250-46ca-818a-63cba036f2e7,7,1
2d3c56e6-8ddd-41f2-9d22-f19e1b49df7e,7,4
5435b9ee-9b23-4527-adb9-b985e3e50973,4,5
fcbc2a3d-1794-4393-ad8f-bfd5c0aafa84,3,3
557c1227-c741-4207-8196-a608cfb8b1fb,5,5
52e02583-ecb4-41c0-9179-e54102aa8e44,1,2
eb372dd0-4dee-4143-9ffa-f77b15e4cfda,4,5
09792140-ae83-4355-ba2b-ca4f2d3ae1ff,7,2
a0ca7c4a-7f10-429c-8b5c-ff5d1dbd2a3e,5,3
d60ebd81-d533-4019-ba44-2fa47b710e5f,8,3
bdf86742-eafd-44dd-a653-b94c29b1cb24,7,3
1c6c1e31-98d6-4cda-8551-4a27738c8cf9,5,4
ff9379c7-1d2c-46f1-ad6c-bb168d91962b,4,5
980ff33c-c03c-433c-a4b6-9cd92769bd06,4,3
57923f56-03c5-4191-b421-3643cd4c440e,1,3
046f0254-4f60-4b61-9792-11c68b85c780,1,3
a94c7d96-4334-46ef-95b2-6cf03fa32b22,5,3
4e25f205-90da-4fba-9d48-8ca73f4dd875,3,5
0e421a50-2a09-47a6-a911-dd9fb4262d05,1,1
db7b12eb-b044-488f-a0d7-ee6d8c1e954a,8,4
bc580663-7742-44b6-a4ad-aebae505ce45,6,1
d88bd785-df55-4d02-95ff-cc79ee4448d4,3,1
ab9aed36-7a98-4bb5-a903-35273d4e1604,8,5
1c743b7f-53bf-4637-a516-dd604295fa5f,5,5
41f4cbfd-4eec-4720-a1b7-f55e4a444bc5,3,1
9c0d379e-7d6f-4de5-9008-2a9093565420,4,5
46cdfda3-a14a-4078-b078-9a39869901b8,2,3
7308b59a-3db9-4508-90d4-94152ecb5f38,6,3
4a48cf89-33a1-414c-8252-8925f66661e9,2,5
93067f1c-a402-4b8f-b01d-16b4aa347dcb,4,2
1638d862-b0ac-44dc-8daf-2bc9885f0f97,5,3
ec186ff0-a5f8-41c1-8175-161e1a42cbac,6,2
75cd2b71-2cc5-464d-8ceb-c28c960dca09,2,5
80300b2e-dc7a-484f-a5b9-ed898aacbd1f,4,3
95ba36eb-8cb5-4858-abf4-7c9ac3759875,3,3
2edef0fe-4457-4453-b8dd-297f9fc2b8b1,2,1
813ace58-438d-4f1e-9460-a4c8c6bf65a2,2,1
80f30f3d-50d5-4b56-8c26-e17143ed1705,7,5
89106a07-9022-4ba4-a2a7-0cc432c0c2fb,3,2
3ecf9cdb-68a5-4905-9c39-03188adab3a0,2,5
ad463107-e7cc-4306-b0df-16a750a38180,3,5
d3b1f2ed-979f-4e9b-81e7-38d57e71c53c,4,3
b170b3f5-9f02-4a57-8546-a6d4579f07f1,3,5
40ea3e95-cafb-43d1-8bea-69b06d8695f1,6,4
94091979-2c32-46ac-a662-30b6614604ae,2,1
d673694d-ff6f-4841-8cf0-a7f75ff6d4e2,4,3
bb17cd64-20bb-4ebb-855c-bf9089a134f1,7,1
7f047424-3edd-4556-9e0f-e2732fe837a7,8,4
f90408c7-7256-4f1d-9f62-a7d637d87331,1,4
ad5aacb1-1258-4141-a048-222168d86665,1,1
78b70da9-504a-496b-9589-b094670a7fa6,7,3
778e96ad-82f2-4912-920f-e8c87645a06d,6,1
0d0f869c-e883-4eba-abd7-19e2f32c5df2,7,1
f133352a-c208-4184-893c-d94f77832364,7,4
ae670d11-4d89-417c-8229-f8abbc705ede,7,5
ab9aed36-7a98-4bb5-a903-35273d4e1604,7,1
da6993c4-7f28-461c-8cda-818fa8d0f111,1,3
4ebd0de8-7f9c-4b5a-aabc-8c5896ba6d8d,1,2
136aacbe-3dfe-470d-b73c-88241d4c1a2b,2,5
1a2dbdbc-24c6-4111-a5fe-c32216f87b7f,5,4
93067f1c-a402-4b8f-b01d-16b4aa347dcb,6,4
d3b2bcb7-1325-49ce-9e7d-900a5c0bf7b3,4,3
d43574fa-9028-48d0-9546-5fe19c3a8539,2,4
5e5fa0ef-e149-41c5-8d7b-efff307c183a,4,5
d68fc38e-52ff-46f5-9ba0-caa2f344443f,4,1
f41284ef-2c13-4b6a-accd-d2b1abc7ebbe,8,4
0bb8ba07-2527-4e64-b6f1-251368ee790d,8,4
dba448b1-3abd-4595-a13b-84747d435283,6,2
d431dd90-3250-46ca-818a-63cba036f2e7,7,3
3e2b2735-afed-49d9-98b4-631ca5b5a42f,7,5
4bd7a797-5e52-4617-8961-a36ed3d911fe,4,3
714f5c85-b730-46f1-b3d5-254dbd246df7,6,3
509106f8-1de5-45a7-ae45-66d7b460fd63,3,4
21c8c06c-5ceb-44da-bfc4-a2f05784e414,5,5
5857ba10-4e37-4927-b96f-c528c633e92d,2,5
5857ba10-4e37-4927-b96f-c528c633e92d,5,1
3197655f-d60f-4932-8dd2-479ea7cc301e,2,3
d43574fa-9028-48d0-9546-5fe19c3a8539,3,3
f02fcaf3-1bfb-4760-898b-455a6a659c46,8,2
af20d113-4e67-4224-9702-67ad9a3ed152,4,4
73fea0b7-da5d-4631-9e14-f96e0be3abc2,6,2
59e0a091-7dfe-4736-8278-137754372aee,4,2
6eec5a96-ae73-425e-befa-191e4d5cbe1b,1,3
82b9dcc7-e8cb-47df-9f45-b603ffd974ea,5,3
fcf6ac87-aec0-4216-9c4d-f44c4bd1f385,3,5
dee22f31-1f0a-44e0-98eb-f77b71522655,5,2
c5a1e07f-8740-4432-bd3d-1ddb2fbafe4d,5,3
965fa1ff-7479-4e71-a63f-bc0ac2f6f9fb,4,2
5e5fa0ef-e149-41c5-8d7b-efff307c183a,8,1
f9ea8cbf-8eec-4726-92ec-4177681e4ac0,4,5
24b6a707-6458-45a9-8b6b-c98ab45604ad,2,2
232564f9-76cd-4fb4-9ea3-4b81bfbfe935,4,2
76bd6e26-a3ef-4c3d-ad34-ba063bf2723b,3,1
5e5fa0ef-e149-41c5-8d7b-efff307c183a,4,2
2edef0fe-4457-4453-b8dd-297f9fc2b8b1,7,2
837480f4-6342-4695-b5f6-15dd6a7ba30b,7,4
f1bd9dcc-a11a-4955-8332-d831cbeacf62,2,4
5551ab32-ccfa-4862-b070-53da13cdf25b,7,1
befbeab7-c2c9-45c4-9da4-174971e7c42c,1,1
ae851e1d-b980-46fc-9ac5-23ba947a1905,6,4
c17dfd17-d741-49c8-8353-5915117b8598,2,2
b5621382-d382-45c4-a79e-66a8f3c25e69,8,4
b0304e32-8e6a-4663-81e8-dd085ea6a094,5,3
ad463107-e7cc-4306-b0df-16a750a38180,2,5
81c448a0-c083-48d9-951a-a960c3824f43,1,3
ec581489-012a-431d-ba72-c024febb3431,1,4
843880d8-5f49-4415-831a-c2480d5626bb,1,4
5747dff7-1e11-44cf-84b8-b8f15ff87bc1,4,5
4da99649-86f2-444c-9490-a659ca659503,2,1
ac823fd9-b3e8-4009-9a4f-9628ec354c89,7,3
8833b033-f522-4795-a22b-91ac9b3c0f2d,5,3
78e687b2-f0a7-45cc-96bf-85ab965afae7,3,1
d1ab6654-efe9-40bb-8a71-b6ad526dd553,8,1
bf1c6c36-3209-4991-be12-eb67f7a49772,7,4
db87c790-ab10-400a-b57a-fd6c26a4e616,4,1
3e7587be-d554-49ba-8ffd-9f58e720ea28,7,1
813c09ec-98ce-4f5c-807a-b2d21d9a60c8,7,1
fe2956cc-0861-4fb8-b1b3-039c6551626d,8,5
4ac8fdca-2ea2-4194-954e-3c205d45129d,4,2
87d1e3c8-cbae-472b-a6c0-0422ae36ba55,8,5
a0ca7c4a-7f10-429c-8b5c-ff5d1dbd2a3e,3,5
49def278-c966-4fcb-b752-78cc37f4efc4,4,5
117b5761-bbc6-4a83-be07-5bc58718b81f,7,5
0fe57a41-c44c-49c7-b68e-1350c5146b37,6,4
be9a33c0-2daa-40bd-b638-b9d2f69512f3,6,2
14df3718-675b-4c94-a124-358292489803,4,5
c17dfd17-d741-49c8-8353-5915117b8598,2,3
4e442815-1b6b-4e25-915f-43fbb93ae9a7,2,2
7f755b48-f7cd-4218-82f9-bf24b526731a,1,4
be20dc27-c656-413f-b783-7bd3cc3b6337,5,2
0d0f869c-e883-4eba-abd7-19e2f32c5df2,1,5
4e25f205-90da-4fba-9d48-8ca73f4dd875,5,5
2527bed5-8eca-4f3c-abf0-2da346449e62,7,2
f2d007a4-a98f-404e-94f6-13d2d8daf146,7,4
8a0788f1-003d-4ce1-91df-eac8b190beaa,3,2
59e0a091-7dfe-4736-8278-137754372aee,2,3
42796ce1-1e2f-4d79-9986-25d5d3f6d788,8,4
14f8d984-5ee0-409f-9a00-ad5f29dd0a90,7,5
0d03fe67-5744-4ac9-8eea-b8a1beae377a,3,2
5551ab32-ccfa-4862-b070-53da13cdf25b,7,4
0e421a50-2a09-47a6-a911-dd9fb4262d05,4,1
bf1c6c36-3209-4991-be12-eb67f7a49772,1,2
accbb2e3-6ff5-4b57-b916-db30e0a886ce,2,2
de9ed400-731d-42e9-a5a9-fc65f1d61eb4,2,1
4bd7a797-5e52-4617-8961-a36ed3d911fe,3,5
b302fe5f-ba36-466e-b011-c2149aa6ca8b,3,1
6d256123-c9ec-4734-96e1-0d951f518425,7,1
95519599-4d5c-40f1-9b2c-beb8878c1b20,8,1
5f111c8c-080f-4984-8271-f69bd91d2c7c,6,1
f380e561-a1c6-4115-aaed-39a38567a4ef,3,4
8833b033-f522-4795-a22b-91ac9b3c0f2d,7,1
dc367d7e-795b-4178-a3ef-0bc87f967813,2,5
87f6ea6e-0f19-4306-87ac-6465f6707dc1,2,5
78e687b2-f0a7-45cc-96bf-85ab965afae7,8,4
1ae2b794-a338-450c-baed-87d0beb801c7,1,2
82b9dcc7-e8cb-47df-9f45-b603ffd974ea,8,4
2527bed5-8eca-4f3c-abf0-2da346449e62,1,2
cc73f1c9-9c0e-46bb-a498-93ad5367d884,2,4
136f0175-7c46-4b01-8d45-3fa96531b1ed,6,2
14ec90b4-1b2a-4307-bcba-4ea815154074,7,4
2bcf3840-1ec6-4ed5-b645-47af1bd5aace,4,1
6c4a7fa8-30a7-4792-9e74-84a100844d05,7,5
2edef0fe-4457-4453-b8dd-297f9fc2b8b1,2,1
be9a33c0-2daa-40bd-b638-b9d2f69512f3,3,1
748cdeed-45b9-4669-a604-7422b624bfc9,7,2
78b70da9-504a-496b-9589-b094670a7fa6,7,3
6557201d-2ab0-42e9-9aa7-fbae2644128e,1,1
6faca8b2-e2ee-4413-ae52-7ed488dc2453,1,3
14896234-b762-455f-993b-c4cc973022c2,7,4
33951a63-098a-43ad-80ef-d669c6ff57ad,2,5
ebed1708-abfa-4409-923b-506d6b68f930,2,2
3e7587be-d554-49ba-8ffd-9f58e720ea28,3,1
824be8cc-93bc-494f-96a0-0aad9a062efe,7,4
950bc6a2-27f9-4f2f-a70b-db6b47dc7a9e,1,5
4ebd0de8-7f9c-4b5a-aabc-8c5896ba6d8d,8,2
cc73f1c9-9c0e-46bb-a498-93ad5367d884,1,3
3e7587be-d554-49ba-8ffd-9f58e720ea28,2,3
14896234-b762-455f-993b-c4cc973022c2,4,4
12b9f4e3-2d49-43b1-8d53-06c31205e26c,8,2
14df3718-675b-4c94-a124-358292489803,3,2
012ffcf9-7c26-45ee-a185-81e6f2be6fa3,1,5
20a79730-685f-4bc0-b157-97a6159a3e4a,4,5
812cbb85-8970-42b7-95f0-c59278724dcf,2,1
b8a0b331-7936-4e41-8c2a-b31a19e3185b,1,2
dee22f31-1f0a-44e0-98eb-f77b71522655,4,4
c40601dd-6c4a-4be8-9ef8-4bd26578b19e,4,5
d94cf087-8e42-4a43-a82d-bfce1f88e3e0,4,2
7bb18f93-b96a-4414-a41f-ecc33a617b4d,3,5
b0304e32-8e6a-4663-81e8-dd085ea6a094,8,2
beacdeb4-6610-4685-bc5b-f2e0896fdfbf,2,3
e8fdb110-0d24-4479-b1d1-628c4b8f14aa,6,2
ea4e9e41-de3c-4b8f-8dfd-bfed47a8e7e8,8,3
1638d862-b0ac-44dc-8daf-2bc9885f0f97,3,2
0d03fe67-5744-4ac9-8eea-b8a1beae377a,7,4
16affd88-4c44-4652-8837-f0135d26708e,8,1
52e02583-ecb4-41c0-9179-e54102aa8e44,4,5
bb6876ea-0de4-4440-9c1f-e7a3a64d2379,1,1
5a57fb79-5712-4c77-b4dd-4c080a1957f4,4,3
748cdeed-45b9-4669-a604-7422b624bfc9,2,2
fcbc2a3d-1794-4393-ad8f-bfd5c0aafa84,5,4
d43574fa-9028-48d0-9546-5fe19c3a8539,1,2
d673694d-ff6f-4841-8cf0-a7f75ff6d4e2,5,4
2bcf3840-1ec6-4ed5-b645-47af1bd5aace,8,4
532a209a-cd29-445e-8db1-03ab3f7a492e,2,1
3197655f-d60f-4932-8dd2-479ea7cc301e,4,4
87d1e3c8-cbae-472b-a6c0-0422ae36ba55,4,2
befbeab7-c2c9-45c4-9da4-174971e7c42c,1,5
843880d8-5f49-4415-831a-c2480d5626bb,6,4
f2de8650-c29e-429d-9fb1-526ef634b9e2,2,1
89106a07-9022-4ba4-a2a7-0cc432c0c2fb,7,4
af20d113-4e67-4224-9702-67ad9a3ed152,8,3
2b35f9d4-1a47-4470-9607-f8ea3fe745c4,3,3
30b0c8fb-dc7f-4cb5-93ca-7eb2e8825595,7,2
4a48cf89-33a1-414c-8252-8925f66661e9,8,5
ab9aed36-7a98-4bb5-a903-35273d4e1604,8,3
bf1c6c36-3209-4991-be12-eb67f7a49772,6,4
14896234-b762-455f-993b-c4cc973022c2,2,2
12eeb7f3-961a-4896-a476-6016f69fadf3,8,5
2d455edc-9024-46e2-83bc-a164b26cae93,6,1
de4f38de-d825-44e2-9df9-0cb4e0aed32d,6,5
78c6184e-c6d2-429d-80f3-9f0606c918f5,7,1
4ca70073-8c35-4320-a2ae-8b476f61dbd6,5,2
d673694d-ff6f-4841-8cf0-a7f75ff6d4e2,6,2
2bcf3840-1ec6-4ed5-b645-47af1bd5aace,6,5
9e578d52-76e4-4099-a491-3fd455fcbbad,2,4
f4eedbc8-e689-4f74-8893-b15e9e4b2410,7,3
87f6ea6e-0f19-4306-87ac-6465f6707dc1,7,2
6f1c374d-0169-4297-8035-9059042453af,7,3
368acaea-52cb-482e-a6d4-86348d61081c,3,3
cc73f1c9-9c0e-46bb-a498-93ad5367d884,7,1
40ea3e95-cafb-43d1-8bea-69b06d8695f1,5,4
d147a098-bfde-40d4-9488-5ae9911875dd,1,1
be20dc27-c656-413f-b783-7bd3cc3b6337,8,2
a9a44362-f695-4504-8f8d-df3bff52245c,8,4
bcc95c8d-e448-4101-adb4-ab441932fb01,4,5
f1ee5055-93db-4dd8-b535-710ff512e7cc,5,1
1c743b7f-53bf-4637-a516-dd604295fa5f,6,3
379b3e0e-f8df-4258-82e7-63c2556fd46e,1,3
d68fc38e-52ff-46f5-9ba0-caa2f344443f,5,1
5d0fddaf-6289-4103-98df-49e33edb022e,3,4
d4a6071f-0620-47c4-8fbb-bfe26c700427,1,5
de9ed400-731d-42e9-a5a9-fc65f1d61eb4,8,5
ca33e48c-a56f-466e-b4f2-9d28cc52374f,6,2
87d1e3c8-cbae-472b-a6c0-0422ae36ba55,6,2
52e02583-ecb4-41c0-9179-e54102aa8e44,3,2
86ce6dbe-84ed-4d7a-8242-ec133a16f6aa,7,2
c8568f7f-27f2-492b-a728-9d0504bc298a,5,4
1b14c2c1-2eaa-4741-8a86-38b38807c14d,3,4
a68f478c-71c1-4c88-8f22-fc6cb7e60328,2,2
bb6876ea-0de4-4440-9c1f-e7a3a64d2379,5,5
fe2956cc-0861-4fb8-b1b3-039c6551626d,4,1
a54b516d-a7c8-43ab-bd86-7919ee65b9c1,6,3
59f23c24-6dae-4e01-98d4-74ef65835544,3,2
046f0254-4f60-4b61-9792-11c68b85c780,8,1
4360e285-b926-4d65-bb3b-fffb6e92805e,4,1
cc73f1c9-9c0e-46bb-a498-93ad5367d884,7,3
ff9379c7-1d2c-46f1-ad6c-bb168d91962b,6,2
0d0fa739-0bc2-49d2-b39c-f6ab2bc325c7,5,4
606d1a86-bda3-4044-a124-e815e2f74d72,5,3
49def278-c966-4fcb-b752-78cc37f4efc4,6,5
7eccb3c5-c3c1-4b35-8d07-10663df019d8,7,4
95ba36eb-8cb5-4858-abf4-7c9ac3759875,3,1
136f0175-7c46-4b01-8d45-3fa96531b1ed,4,2
2d455edc-9024-46e2-83bc-a164b26cae93,5,1
3ecf9cdb-68a5-4905-9c39-03188adab3a0,2,5
6b902e38-da9d-422f-9012-20969a541b55,4,1
fd5b81b6-ba8c-4f04-973a-a037a1faa17d,3,4
9c0d379e-7d6f-4de5-9008-2a9093565420,7,1
9438e961-c11f-424e-b281-dea637616363,8,2
4da99649-86f2-444c-9490-a659ca659503,6,3
e1038f88-632f-4d94-84c5-074136857488,1,3
b0304e32-8e6a-4663-81e8-dd085ea6a094,2,5
fec1f1f2-a145-40a3-b070-65f3a9b68c38,6,2
ae670d11-4d89-417c-8229-f8abbc705ede,4,3
ebfe58ea-96bb-402f-9bd1-dbde57b33831,2,2
379b3e0e-f8df-4258-82e7-63c2556fd46e,8,3
49559d45-a009-4bf0-b1f9-a6043f1db255,7,3
b302fe5f-ba36-466e-b011-c2149aa6ca8b,3,1
c277cf98-752a-404a-bc5b-d76c73e2b985,4,2
f1c4b801-09b2-4fcc-96a7-b111e6c66cf2,7,5
cae8ae2c-342d-4bff-99e0-fea638324977,4,1
e61ac59c-8a9e-48c8-8285-304015e8d500,4,3
c04b7278-0ad9-40b1-94f0-4087be369233,8,1
f2d007a4-a98f-404e-94f6-13d2d8daf146,5,2
0d03fe67-5744-4ac9-8eea-b8a1beae377a,7,5
9c0d379e-7d6f-4de5-9008-2a9093565420,1,2
31eb328f-0573-43ce-8829-1e934298127d,6,3
4360e285-b926-4d65-bb3b-fffb6e92805e,8,3
7c7ab1cb-3256-4a61-8831-92521e8cf64e,1,1
78c6184e-c6d2-429d-80f3-9f0606c918f5,5,4
fe2956cc-0861-4fb8-b1b3-039c6551626d,4,1
0f4430e6-d4f4-4bae-977b-31aea7c38bb5,3,1
d3b2bcb7-1325-49ce-9e7d-900a5c0bf7b3,6,3
c15ca881-6382-4580-9e8e-5129af57b5ab,3,3
980ff33c-c03c-433c-a4b6-9cd92769bd06,4,2
0b7eda3b-3995-47d3-9ef6-44abde7b6c8b,3,2
94776997-985a-41db-87f7-3fbfb3a4b569,3,5
f0459210-8d92-4c58-9c11-2ff974688c2a,2,1
379b3e0e-f8df-4258-82e7-63c2556fd46e,3,2
74536f68-b61c-4e73-a55d-49c71386b15b,1,5
4bd7a797-5e52-4617-8961-a36ed3d911fe,8,3
312ebb67-cdc9-49b1-a85c-2d72560a3a39,6,4
3dc23e04-0d73-4189-9e56-e35261b1e660,2,3
cf67b923-fe9e-4106-bc9f-f076724f5d9b,5,2
0b9319f6-b857-42aa-89df-9ebed2b8b342,2,5
1c743b7f-53bf-4637-a516-dd604295fa5f,6,5
26b9b6c9-8b69-4d1a-8597-56d5b5fdb4f5,5,2
04349f71-45fa-4262-8415-c9c8ba45b895,6,2
d4a6071f-0620-47c4-8fbb-bfe26c700427,7,4
cae8ae2c-342d-4bff-99e0-fea638324977,5,2
3e7587be-d554-49ba-8ffd-9f58e720ea28,5,4
e61ac59c-8a9e-48c8-8285-304015e8d500,2,2
f7862eb3-4a14-445a-8156-31fd184d7005,5,4
5857ba10-4e37-4927-b96f-c528c633e92d,5,4
db87c790-ab10-400a-b57a-fd6c26a4e616,4,2
1b273b83-b990-4bcd-924b-a9dbdd6e673f,4,2
91a797b9-de46-46c2-a372-7a08c44783ec,1,4
aaae7f6e-0039-44b5-8fe6-12c32b114cdc,3,1
120d5bd7-607f-4720-be3d-2c3e38f16f7e,8,2
ae851e1d-b980-46fc-9ac5-23ba947a1905,4,5
b0792471-96fc-438f-9665-5c61d70d224f,6,5
42796ce1-1e2f-4d79-9986-25d5d3f6d788,8,4
e73fc1a3-bcfd-4ccb-a3b5-47a2b3f5130d,4,1
91580238-3a39-40ed-9478-d0919794b722,3,2
670165ce-eeb8-40d4-850e-e698939935a8,1,2
82b9dcc7-e8cb-47df-9f45-b603ffd974ea,2,5
2f0008bb-df0a-4618-92e7-1c1807c61bc2,7,1
de4f38de-d825-44e2-9df9-0cb4e0aed32d,3,4
c5293ffa-e6a8-422c-860e-f9f364a9684a,4,1
02cb4cb9-9f1f-4f96-95d5-55603612e0c4,2,5
012ffcf9-7c26-45ee-a185-81e6f2be6fa3,7,2
17162a4f-13a1-46c3-8709-c44c5535c58f,6,3
83e11eec-8548-498a-a8c4-25358499e304,1,5
69b2dab0-c64b-48d4-b300-9c6f86d792c6,8,5
7c7ab1cb-3256-4a61-8831-92521e8cf64e,2,5
c70b630a-43c0-46d2-bfa4-a50a21abf64d,5,4
14f8d984-5ee0-409f-9a00-ad5f29dd0a90,5,1
def69d73-412a-471b-9611-a0bb14707e74,6,3
ac823fd9-b3e8-4009-9a4f-9628ec354c89,1,5
21c8c06c-5ceb-44da-bfc4-a2f05784e414,2,3
b1860147-5f7f-46eb-be58-4c2827bd9ca0,5,1
bf0156f5-d81d-40e8-a4da-4bb803fc4fbc,8,1
3a2f5b8a-04af-43a4-8691-f204582209a1,1,4
a94c7d96-4334-46ef-95b2-6cf03fa32b22,5,4
a9a44362-f695-4504-8f8d-df3bff52245c,4,5
80b88138-8c69-4fd3-8764-78770f3864fb,1,4
70b65cc2-599a-43fd-8b9c-901af3f159d7,7,3
ee72719a-0315-4700-9da1-10621c382730,4,4
bf0156f5-d81d-40e8-a4da-4bb803fc4fbc,5,2
f507112d-c095-4469-b7fb-bc5316f4d88c,6,4
4abbb01d-1a62-4a17-853a-33492647572f,3,4
c5293ffa-e6a8-422c-860e-f9f364a9684a,4,2
d747b107-0eab-40bd-bac2-e55b7bf04e01,5,3
f45ec9a3-bbf5-477d-9444-482487e77041,6,1
49b4454f-4780-49af-b201-e3e96c19610a,4,5
3eba94ee-8d9d-40d6-a92b-5d4975afcea2,8,3
2b35f9d4-1a47-4470-9607-f8ea3fe745c4,1,5
df82bfa3-a665-4654-9336-5fc10c991d44,3,4
96d0037e-d811-477a-88bb-0f9233bf24ac,5,1
80b88138-8c69-4fd3-8764-78770f3864fb,2,1
c277cf98-752a-404a-bc5b-d76c73e2b985,2,1
79131885-70ce-44ea-93e4-5b1abee3a03f,1,5
db350561-6652-470b-a1a8-393a9cbfcb31,7,4
fdc3c52c-cdf9-4cf1-8a0c-a8ef6fe5280f,1,2
521f14ee-6431-4f22-bafb-44f4f885608a,7,1
1e65e76b-cd6e-47d3-a077-b252234056f5,4,3
41f20853-2cbd-4019-be35-1845ac4ccd7a,7,3
41f20853-2cbd-4019-be35-1845ac4ccd7a,6,1
7474214c-2866-4120-8cdb-ace25ba9f342,1,2
701fe40b-7627-4bd2-bece-e4c45cdd4274,1,1
70f0bc7d-2e5b-4060-8fd4-a863704e5c6b,6,1
0f1ab389-80a1-404f-ab9c-6e76c82f076f,6,5
21c384ce-ceac-448a-9a7f-5eac87ad7ef3,7,1
3197655f-d60f-4932-8dd2-479ea7cc301e,6,2
1a21c26a-2a6e-466d-8fe1-dc55e742813e,8,3
292b2d0b-9c05-4de8-8156-8c3136a721c2,1,5
fcf6ac87-aec0-4216-9c4d-f44c4bd1f385,8,5
0d0f869c-e883-4eba-abd7-19e2f32c5df2,8,5
fdbcea21-a8ab-4e07-ba64-48effa7caa14,7,2
7bdf5639-725a-4828-b6c3-5b5cc736cc13,5,3
2ad072a6-cb05-4d16-b7e0-a8f29e38438c,1,1
59e0a091-7dfe-4736-8278-137754372aee,1,4
136aacbe-3dfe-470d-b73c-88241d4c1a2b,3,1
75630d5c-9fe9-46bc-95cf-6733795df118,8,4
26b9b6c9-8b69-4d1a-8597-56d5b5fdb4f5,5,4
b0792471-96fc-438f-9665-5c61d70d224f,5,1
52468e2c-22a5-40eb-8aba-278cf9828c46,1,3
0b9319f6-b857-42aa-89df-9ebed2b8b342,6,5
ec186ff0-a5f8-41c1-8175-161e1a42cbac,7,3
87d1e3c8-cbae-472b-a6c0-0422ae36ba55,3,2
1a21c26a-2a6e-466d-8fe1-dc55e742813e,1,4
7bb18f93-b96a-4414-a41f-ecc33a617b4d,1,1
ced9ed9b-a26d-47fa-ba67-b203e45a0df7,3,4
813c09ec-98ce-4f5c-807a-b2d21d9a60c8,8,4
2d609413-6e29-4d46-81b7-39936fd9e380,5,1
f1bd9dcc-a11a-4955-8332-d831cbeacf62,6,3
75554ce3-d309-4a2e-a7ce-6dac2a03b401,8,1
ab9aed36-7a98-4bb5-a903-35273d4e1604,2,2
ea4e9e41-de3c-4b8f-8dfd-bfed47a8e7e8,1,2
e943af72-0777-4bdd-ac90-09b7c7518c2a,2,4
21c8c06c-5ceb-44da-bfc4-a2f05784e414,2,1
299e42fc-1a77-4ec1-955f-98cc52def2ad,3,3
299e42fc-1a77-4ec1-955f-98cc52def2ad,2,2
f3481941-93fc-4155-beda-3a4442acc56f,7,5
9a882d03-15f1-4eb7-91ed-ec020a43d1ed,7,2
980ff33c-c03c-433c-a4b6-9cd92769bd06,8,1
1afff7c2-4a95-4d58-b115-9fda4f35e863,6,3
dc56ef20-80af-4fa6-b59f-97c8ff779e77,2,2
d3b2bcb7-1325-49ce-9e7d-900a5c0bf7b3,6,2
f16dd342-11cc-4b68-ac4e-f2a5cb97865b,8,5
502e2c6e-6ede-4ac0-8f59-c4f537c4f4e4,6,2
5e8def39-5e9b-421b-818e-324d458f4c2b,7,1
7522f1ce-b7cb-4cf8-90a6-aad523c41fae,1,3
87d20729-ed36-4a48-98b2-e0df579c7485,6,5
6557201d-2ab0-42e9-9aa7-fbae2644128e,7,2
33951a63-098a-43ad-80ef-d669c6ff57ad,2,4
e1038f88-632f-4d94-84c5-074136857488,8,5
96d0037e-d811-477a-88bb-0f9233bf24ac,2,1
136f0175-7c46-4b01-8d45-3fa96531b1ed,4,4
d747b107-0eab-40bd-bac2-e55b7bf04e01,5,4
6b902e38-da9d-422f-9012-20969a541b55,4,2
f133352a-c208-4184-893c-d94f77832364,7,4
e73e5fd1-f3e8-493d-ac20-24bb98893cda,8,3
1a27a444-d299-4163-82f8-b3a90c110a64,1,3
41f20853-2cbd-4019-be35-1845ac4ccd7a,4,2
3197655f-d60f-4932-8dd2-479ea7cc301e,6,2
3a2f5b8a-04af-43a4-8691-f204582209a1,8,2
be20dc27-c656-413f-b783-7bd3cc3b6337,2,4
1638d862-b0ac-44dc-8daf-2bc9885f0f97,4,5
ead49453-8632-44fe-befc-4bbf5357c1a8,3,5
5d1a7669-f1e6-494b-a6aa-b3e534726a38,5,3
8b68c453-3e11-44ec-87cc-ec43839eaf15,8,5
5f111c8c-080f-4984-8271-f69bd91d2c7c,3,3
965fa1ff-7479-4e71-a63f-bc0ac2f6f9fb,3,5
0f4430e6-d4f4-4bae-977b-31aea7c38bb5,2,3
df82bfa3-a665-4654-9336-5fc10c991d44,6,3
d147a098-bfde-40d4-9488-5ae9911875dd,7,2
95667df6-dd3b-4e83-822e-ac93807f9f29,6,4
2d609413-6e29-4d46-81b7-39936fd9e380,6,2
f1c4b801-09b2-4fcc-96a7-b111e6c66cf2,1,4
78c6184e-c6d2-429d-80f3-9f0606c918f5,6,4
f507112d-c095-4469-b7fb-bc5316f4d88c,1,1
c40601dd-6c4a-4be8-9ef8-4bd26578b19e,3,2
6d46c77f-ea1c-4386-a16a-e3819b8ab25d,5,4
d60ebd81-d533-4019-ba44-2fa47b710e5f,6,5
5f111c8c-080f-4984-8271-f69bd91d2c7c,4,4
73fea0b7-da5d-4631-9e14-f96e0be3abc2,1,3
bcc95c8d-e448-4101-adb4-ab441932fb01,3,3
748cdeed-45b9-4669-a604-7422b624bfc9,3,3
be9a33c0-2daa-40bd-b638-b9d2f69512f3,8,5
c5ce634f-4e2a-42ec-8e39-1abf26fc473f,4,3
3197655f-d60f-4932-8dd2-479ea7cc301e,4,3
79131885-70ce-44ea-93e4-5b1abee3a03f,7,5
601b2474-ca9f-4ce4-a6f1-7bc47f043c14,2,1
368acaea-52cb-482e-a6d4-86348d61081c,6,5
dc56ef20-80af-4fa6-b59f-97c8ff779e77,4,1
46550531-44ce-48b8-9951-b57ae888cb95,2,2
f7862eb3-4a14-445a-8156-31fd184d7005,7,4
abdc8784-8530-4cc3-ad9f-474199cb6d0c,6,3
181fe116-d9f0-41c8-aaf0-aeaa277c3342,1,3
3315aaad-4075-4843-ae7a-fb90546368e3,4,2
601b2474-ca9f-4ce4-a6f1-7bc47f043c14,5,2
1638d862-b0ac-44dc-8daf-2bc9885f0f97,1,2
04349f71-45fa-4262-8415-c9c8ba45b895,1,4
e5332626-0afe-4b39-bcbc-d5c53d4a3b7c,6,2
db7b12eb-b044-488f-a0d7-ee6d8c1e954a,1,3
11ac13b8-96aa-4605-9fc6-cee20dad0c03,5,4
7522f1ce-b7cb-4cf8-90a6-aad523c41fae,5,5
813c09ec-98ce-4f5c-807a-b2d21d9a60c8,2,2
24b6a707-6458-45a9-8b6b-c98ab45604ad,1,5
2775e2d5-a0ee-4567-b1c6-6814619c192b,5,3
5bc98ff3-c916-413f-9feb-1ed2f25340ee,5,2
136f0175-7c46-4b01-8d45-3fa96531b1ed,2,2
f1ee5055-93db-4dd8-b535-710ff512e7cc,7,5
c15ca881-6382-4580-9e8e-5129af57b5ab,4,3
0df067ef-28bc-4ea4-b9bc-fc37b30db486,3,1
6a9e05e0-6ecb-44f6-9fbd-875485ae17f1,1,1
3a2f5b8a-04af-43a4-8691-f204582209a1,5,5
9438e961-c11f-424e-b281-dea637616363,4,4
89a8b3cb-7ecc-4359-9fb4-bd2609047826,6,2
74886263-48b4-4ec3-bb0c-5f968573fffe,5,4
dbb54e81-87ae-4491-bdfd-9c0677dac794,6,2
b302fe5f-ba36-466e-b011-c2149aa6ca8b,4,3
abdc8784-8530-4cc3-ad9f-474199cb6d0c,3,5
c04b7278-0ad9-40b1-94f0-4087be369233,6,5
0d0fa739-0bc2-49d2-b39c-f6ab2bc325c7,3,1
5a57fb79-5712-4c77-b4dd-4c080a1957f4,7,4
83e11eec-8548-498a-a8c4-25358499e304,6,2
83e11eec-8548-498a-a8c4-25358499e304,7,3
9cd85cae-b316-4fa8-bb41-852e1d83b67a,5,2
4da99649-86f2-444c-9490-a659ca659503,7,2
bb399f10-3c1b-43bf-b08a-5d929dd83dff,7,4
813c09ec-98ce-4f5c-807a-b2d21d9a60c8,4,1
557c1227-c741-4207-8196-a608cfb8b1fb,1,3
b170b3f5-9f02-4a57-8546-a6d4579f07f1,7,4
d60ebd81-d533-4019-ba44-2fa47b710e5f,1,1
accbb2e3-6ff5-4b57-b916-db30e0a886ce,5,3
73ac3f88-9c1d-4eb4-a66b-d6ba863d40a0,2,3
354514d6-9063-46a1-a172-303e01f7da15,7,1
812cbb85-8970-42b7-95f0-c59278724dcf,4,2
f2988164-159d-4ce7-a792-588348621796,3,2
0985c89f-ae92-4660-adc2-f06b907bc993,3,3
0b0f4258-695a-4a3b-9b40-b0a8fd166995,7,2
1a27a444-d299-4163-82f8-b3a90c110a64,2,4
ad6cbf32-dcb9-4ef5-9dec-8b8332e7fcb6,7,1
ca07f546-0bc7-41e2-8ec6-8bbc304b45c2,3,2
d68fc38e-52ff-46f5-9ba0-caa2f344443f,2,3
9146bcbf-06f9-49ba-ad37-adb7d4da1bd8,7,2
11ac13b8-96aa-4605-9fc6-cee20dad0c03,6,3
9a882d03-15f1-4eb7-91ed-ec020a43d1ed,6,5
ea4e9e41-de3c-4b8f-8dfd-bfed47a8e7e8,8,3
bb399f10-3c1b-43bf-b08a-5d929dd83dff,6,5
0f574dad-e6d8-4be9-bff0-15f02842f7f2,4,1
d94cf087-8e42-4a43-a82d-bfce1f88e3e0,1,4
d4a24be6-6865-423e-b2d7-e2457e6435db,5,3
7fe871eb-46c0-457b-a93f-a859b475713c,4,5
9fe5ad6a-a461-432a-906a-dc42cff3c376,8,5
f1bd9dcc-a11a-4955-8332-d831cbeacf62,4,3
35861add-1e55-4e0a-bd49-0b83b9f37d08,2,4
bb17cd64-20bb-4ebb-855c-bf9089a134f1,3,1
fcf6ac87-aec0-4216-9c4d-f44c4bd1f385,7,3
0535d233-a8a8-4262-b8ab-4a30d6c04e25,2,3
232564f9-76cd-4fb4-9ea3-4b81bfbfe935,7,4
46cdfda3-a14a-4078-b078-9a39869901b8,1,3
59e0a091-7dfe-4736-8278-137754372aee,8,3
046f0254-4f60-4b61-9792-11c68b85c780,5,4
75cd2b71-2cc5-464d-8ceb-c28c960dca09,2,3
5d1a7669-f1e6-494b-a6aa-b3e534726a38,2,3
24ad2d03-ee28-49ef-a9f6-cd57510b71a4,5,5
75554ce3-d309-4a2e-a7ce-6dac2a03b401,8,2
87d1e3c8-cbae-472b-a6c0-0422ae36ba55,5,1
34b36a73-313f-45da-9cc5-c6437242f3f8,5,3
49559d45-a009-4bf0-b1f9-a6043f1db255,1,1
a9a44362-f695-4504-8f8d-df3bff52245c,4,2
fe2956cc-0861-4fb8-b1b3-039c6551626d,5,5
75630d5c-9fe9-46bc-95cf-6733795df118,4,4
f239dfa2-c1a9-456c-b1d1-53c35c9a2c45,6,3
91a797b9-de46-46c2-a372-7a08c44783ec,5,2
22e65ff5-55b1-46f0-911f-463a3d303382,1,5
136f0175-7c46-4b01-8d45-3fa96531b1ed,1,4
701fe40b-7627-4bd2-bece-e4c45cdd4274,3,3
49559d45-a009-4bf0-b1f9-a6043f1db255,2,5
91580238-3a39-40ed-9478-d0919794b722,8,4
29c0e22e-8ed8-40c2-ab1b-f6352dc55293,6,5
227fc989-90e4-439f-887a-ebff68e3abcd,2,5
8a3536e8-fe61-403f-9d4d-b1897b3e4875,1,5
11ac13b8-96aa-4605-9fc6-cee20dad0c03,2,1
3dc23e04-0d73-4189-9e56-e35261b1e660,8,5
232564f9-76cd-4fb4-9ea3-4b81bfbfe935,1,3
beacdeb4-6610-4685-bc5b-f2e0896fdfbf,6,2
557c1227-c741-4207-8196-a608cfb8b1fb,3,4
485730b6-3a8b-446e-b87c-13cd6a9b04b2,6,1
8f2a73b7-8608-4f1d-bb4c-becc41154c93,5,4
2d455edc-9024-46e2-83bc-a164b26cae93,4,3
4d76e7f2-a7c7-48c3-89f4-cd1e6b5549fc,7,4
822ea109-c81c-4f4c-875f-f08fbb085999,8,4
04349f71-45fa-4262-8415-c9c8ba45b895,5,5
af20d113-4e67-4224-9702-67ad9a3ed152,7,4
57923f56-03c5-4191-b421-3643cd4c440e,6,4
c17dfd17-d741-49c8-8353-5915117b8598,3,4
fe2956cc-0861-4fb8-b1b3-039c6551626d,8,3
a0336512-098d-416a-87c9-83a9670fc31d,5,1
7c1161a6-c668-495a-88ef-b3c39710ebae,1,3
1a27a444-d299-4163-82f8-b3a90c110a64,7,2
62bff47b-56d4-4240-b2f7-0a3dc36ffa9a,2,4
41f4cbfd-4eec-4720-a1b7-f55e4a444bc5,5,4
eb372dd0-4dee-4143-9ffa-f77b15e4cfda,5,5
fee6b6cd-206d-4983-8cfc-fc7d10b23f3e,5,3
f3481941-93fc-4155-beda-3a4442acc56f,4,3
d2dfc993-0547-4aa6-ae25-182a1b287703,7,4
131e9dbb-b3c7-44da-b0d3-c69509feac95,8,4
86ce6dbe-84ed-4d7a-8242-ec133a16f6aa,6,4
09792140-ae83-4355-ba2b-ca4f2d3ae1ff,2,2
f41284ef-2c13-4b6a-accd-d2b1abc7ebbe,4,2
a94c7d96-4334-46ef-95b2-6cf03fa32b22,2,3
5e8def39-5e9b-421b-818e-324d458f4c2b,3,2
312ebb67-cdc9-49b1-a85c-2d72560a3a39,6,1
bee72ceb-fc83-46d6-8441-1c0be7a3256d,6,5
75554ce3-d309-4a2e-a7ce-6dac2a03b401,8,3
dbb54e81-87ae-4491-bdfd-9c0677dac794,7,1
c6f41d62-486b-4f91-abc3-8f8b4fefaa35,5,2
2d609413-6e29-4d46-81b7-39936fd9e380,8,4
0e421a50-2a09-47a6-a911-dd9fb4262d05,7,4
0bed7b45-dc4a-4c76-8cb2-0e54429d81fe,7,3
de4f38de-d825-44e2-9df9-0cb4e0aed32d,1,1
35861add-1e55-4e0a-bd49-0b83b9f37d08,6,2
49559d45-a009-4bf0-b1f9-a6043f1db255,2,1
9e578d52-76e4-4099-a491-3fd455fcbbad,2,2
75cd2b71-2cc5-464d-8ceb-c28c960dca09,7,2
9e8f5f29-0d56-4531-a529-dbc1705ac8ee,2,3
6a9e05e0-6ecb-44f6-9fbd-875485ae17f1,2,2
965fa1ff-7479-4e71-a63f-bc0ac2f6f9fb,6,4
f0459210-8d92-4c58-9c11-2ff974688c2a,1,5
5d1a7669-f1e6-494b-a6aa-b3e534726a38,3,1
9e578d52-76e4-4099-a491-3fd455fcbbad,2,3
20a79730-685f-4bc0-b157-97a6159a3e4a,3,4
1638d862-b0ac-44dc-8daf-2bc9885f0f97,5,5
0985c89f-ae92-4660-adc2-f06b907bc993,6,4
8a410f60-9286-4653-8743-d5fd36a6bfd3,4,3
fd5b81b6-ba8c-4f04-973a-a037a1faa17d,8,4
29c0e22e-8ed8-40c2-ab1b-f6352dc55293,6,2
467449a8-72b2-43c1-a43d-7b32dfd4c820,5,1
70f0bc7d-2e5b-4060-8fd4-a863704e5c6b,2,4
31fe553c-7bbb-45bb-ba32-df3c9e7a77aa,2,2
5551ab32-ccfa-4862-b070-53da13cdf25b,5,2
813ace58-438d-4f1e-9460-a4c8c6bf65a2,5,2
6b902e38-da9d-422f-9012-20969a541b55,3,3
94776997-985a-41db-87f7-3fbfb3a4b569,8,4
0d03fe67-5744-4ac9-8eea-b8a1beae377a,8,3
5e8def39-5e9b-421b-818e-324d458f4c2b,7,3
6f1c374d-0169-4297-8035-9059042453af,5,2
b8a0b331-7936-4e41-8c2a-b31a19e3185b,5,4
70b65cc2-599a-43fd-8b9c-901af3f159d7,5,1
b0792471-96fc-438f-9665-5c61d70d224f,3,5
4be03c30-12e2-4603-b040-53aed32f1212,3,4
92cb6eb1-c895-429d-9ee0-05ffec1028a9,3,5
6c4a7fa8-30a7-4792-9e74-84a100844d05,1,4
8f2a73b7-8608-4f1d-bb4c-becc41154c93,7,4
2b35f9d4-1a47-4470-9607-f8ea3fe745c4,3,4
ae44378f-daf2-4abe-8d9b-3006ea82278e,3,3
532a209a-cd29-445e-8db1-03ab3f7a492e,2,4
14df3718-675b-4c94-a124-358292489803,1,3
521f14ee-6431-4f22-bafb-44f4f885608a,1,2
ec186ff0-a5f8-41c1-8175-161e1a42cbac,3,2
c2fa6060-6242-4edf-a022-9b3581ee85c1,7,3
16bacc1e-6a6d-454f-837f-d4f0525989f7,1,2
fdc3c52c-cdf9-4cf1-8a0c-a8ef6fe5280f,1,1
b3986dd0-5076-4c6d-8a0e-d6d3a1b13dbb,5,4
6f1c374d-0169-4297-8035-9059042453af,6,5
91580238-3a39-40ed-9478-d0919794b722,3,5
bf01a388-949c-4f95-895d-7684b5cab6a5,3,4
532a209a-cd29-445e-8db1-03ab3f7a492e,3,3
2b35f9d4-1a47-4470-9607-f8ea3fe745c4,7,3
7117a310-631b-4f03-b27e-f5f635c4993c,7,4
26b9b6c9-8b69-4d1a-8597-56d5b5fdb4f5,4,5
34b36a73-313f-45da-9cc5-c6437242f3f8,2,3
89a2923f-83b4-4364-beb8-750c5bf14d3d,3,5
f9ea8cbf-8eec-4726-92ec-4177681e4ac0,8,3
95667df6-dd3b-4e83-822e-ac93807f9f29,5,4
379b3e0e-f8df-4258-82e7-63c2556fd46e,5,4
3315aaad-4075-4843-ae7a-fb90546368e3,6,2
e2a84b9c-b16b-4c31-9ca8-c527c4697f01,4,2
a0336512-098d-416a-87c9-83a9670fc31d,1,3
75630d5c-9fe9-46bc-95cf-6733795df118,8,5
f239dfa2-c1a9-456c-b1d1-53c35c9a2c45,6,3
87d20729-ed36-4a48-98b2-e0df579c7485,7,1
5f602ed3-afdf-4241-b859-d8ef2cd773e5,8,1
fcf6ac87-aec0-4216-9c4d-f44c4bd1f385,1,3
f9393214-b695-4d56-a7ef-79301cbf5ce8,1,2
1a27a444-d299-4163-82f8-b3a90c110a64,6,5
4ac8fdca-2ea2-4194-954e-3c205d45129d,1,4
beacdeb4-6610-4685-bc5b-f2e0896fdfbf,8,5
8209b506-0173-4121-94e0-781b70454be3,8,4
d1ab6654-efe9-40bb-8a71-b6ad526dd553,7,4
d431dd90-3250-46ca-818a-63cba036f2e7,3,2
1e5d1a8d-3c94-490d-b042-0038e32e5a48,5,3
52e02583-ecb4-41c0-9179-e54102aa8e44,4,1
33951a63-098a-43ad-80ef-d669c6ff57ad,8,4
8b68c453-3e11-44ec-87cc-ec43839eaf15,3,4
69b2dab0-c64b-48d4-b300-9c6f86d792c6,7,3
527921c0-94cb-41a4-acd3-7d6c2eb62edc,1,4
35861add-1e55-4e0a-bd49-0b83b9f37d08,7,5
d3b2bcb7-1325-49ce-9e7d-900a5c0bf7b3,4,2
ab041485-03cb-4dbe-9583-c70a66accc18,8,2
ac0ba32b-72da-4fe7-b056-61c9702fe357,7,1
965fa1ff-7479-4e71-a63f-bc0ac2f6f9fb,2,5
6c4a7fa8-30a7-4792-9e74-84a100844d05,6,5
de4f38de-d825-44e2-9df9-0cb4e0aed32d,5,4
aaae7f6e-0039-44b5-8fe6-12c32b114cdc,3,2
c2b03ddc-c734-485f-b1a2-b7faa7f54f24,3,5
6faca8b2-e2ee-4413-ae52-7ed488dc2453,1,3
73fea0b7-da5d-4631-9e14-f96e0be3abc2,5,5
ebed1708-abfa-4409-923b-506d6b68f930,2,4
52468e2c-22a5-40eb-8aba-278cf9828c46,1,1
b302fe5f-ba36-466e-b011-c2149aa6ca8b,8,3
46550531-44ce-48b8-9951-b57ae888cb95,7,4
5551ab32-ccfa-4862-b070-53da13cdf25b,5,2
ae851e1d-b980-46fc-9ac5-23ba947a1905,5,1
70b65cc2-599a-43fd-8b9c-901af3f159d7,5,5
c8568f7f-27f2-492b-a728-9d0504bc298a,8,3
354514d6-9063-46a1-a172-303e01f7da15,1,3
3eba94ee-8d9d-40d6-a92b-5d4975afcea2,5,2
7359a754-4c16-4aa3-84be-e1a78ebd865e,7,5
9c0d379e-7d6f-4de5-9008-2a9093565420,1,3
6465f949-afc1-429d-bcf7-168b5d1fde9b,6,2
95519599-4d5c-40f1-9b2c-beb8878c1b20,6,3
52e02583-ecb4-41c0-9179-e54102aa8e44,2,2
beacdeb4-6610-4685-bc5b-f2e0896fdfbf,7,2
dc56ef20-80af-4fa6-b59f-97c8ff779e77,6,2
be9a33c0-2daa-40bd-b638-b9d2f69512f3,3,1
bb6876ea-0de4-4440-9c1f-e7a3a64d2379,1,2
6f1c374d-0169-4297-8035-9059042453af,2,5
d4a6071f-0620-47c4-8fbb-bfe26c700427,3,3
f133352a-c208-4184-893c-d94f77832364,1,5
24b6a707-6458-45a9-8b6b-c98ab45604ad,1,5
83e11eec-8548-498a-a8c4-25358499e304,7,1
5809fd72-7c2f-46e9-8557-079802c7fe37,6,3
76867724-1b40-4e2d-922a-832e6ba0bd87,1,2
bdf86742-eafd-44dd-a653-b94c29b1cb24,7,1
4be03c30-12e2-4603-b040-53aed32f1212,3,5
bb6876ea-0de4-4440-9c1f-e7a3a64d2379,1,3
74886263-48b4-4ec3-bb0c-5f968573fffe,8,3
0f4430e6-d4f4-4bae-977b-31aea7c38bb5,6,2
bb059108-d9f7-4568-993f-4c83d41277cf,5,3
80f30f3d-50d5-4b56-8c26-e17143ed1705,7,1
69827ec1-5967-46a9-b9bc-94002c9b6130,2,3
34b36a73-313f-45da-9cc5-c6437242f3f8,3,5
74886263-48b4-4ec3-bb0c-5f968573fffe,6,4
5747dff7-1e11-44cf-84b8-b8f15ff87bc1,4,2
89a2923f-83b4-4364-beb8-750c5bf14d3d,5,4
d508f789-3f29-4b5b-bdca-203b2f8b14bb,3,5
b170b3f5-9f02-4a57-8546-a6d4579f07f1,5,4
350e89e0-310e-418e-85b2-0c2bdc89d77f,5,5
de4f38de-d825-44e2-9df9-0cb4e0aed32d,2,3
ac823fd9-b3e8-4009-9a4f-9628ec354c89,6,2
d147a098-bfde-40d4-9488-5ae9911875dd,5,3
299e42fc-1a77-4ec1-955f-98cc52def2ad,3,2
1a138f7b-8832-4c6f-9d8a-467c5dbb02c5,4,1
eb3edd84-748e-4a7d-ab44-2c64b24fa817,2,2
b786b4bb-29f3-4cdd-ba9a-d1c24a8a4475,5,1
f380e561-a1c6-4115-aaed-39a38567a4ef,1,4
3a2d65b5-5117-4c85-a85c-d64995f231cf,3,3
70f0bc7d-2e5b-4060-8fd4-a863704e5c6b,1,2
04349f71-45fa-4262-8415-c9c8ba45b895,6,5
80b88138-8c69-4fd3-8764-78770f3864fb,3,3
ac823fd9-b3e8-4009-9a4f-9628ec354c89,3,4
5f5fa9de-f4f0-4273-83ae-e1a43b68b1c9,5,5
00d6765b-5869-42ec-a2e0-2644cffb90bc,7,5
94776997-985a-41db-87f7-3fbfb3a4b569,3,2
d0dc011b-3642-46c1-b87c-b404287938a7,7,1
49b4454f-4780-49af-b201-e3e96c19610a,2,3
f2d007a4-a98f-404e-94f6-13d2d8daf146,8,5
467449a8-72b2-43c1-a43d-7b32dfd4c820,6,1
4a48cf89-33a1-414c-8252-8925f66661e9,2,3
232564f9-76cd-4fb4-9ea3-4b81bfbfe935,6,4
6557201d-2ab0-42e9-9aa7-fbae2644128e,8,5
da6993c4-7f28-461c-8cda-818fa8d0f111,2,5
82b9dcc7-e8cb-47df-9f45-b603ffd974ea,6,2
312ebb67-cdc9-49b1-a85c-2d72560a3a39,8,5
78b70da9-504a-496b-9589-b094670a7fa6,7,5
d8f10011-a28e-4a27-9147-486106ae7997,7,3
0f574dad-e6d8-4be9-bff0-15f02842f7f2,3,5
670165ce-eeb8-40d4-850e-e698939935a8,7,2
f2988164-159d-4ce7-a792-588348621796,1,2
4bd7a797-5e52-4617-8961-a36ed3d911fe,4,1
b2b71afe-2dbd-470b-97df-ceaf65f4f646,5,5
16affd88-4c44-4652-8837-f0135d26708e,1,4
ae851e1d-b980-46fc-9ac5-23ba947a1905,6,1
cff0ef0e-dbc8-48f4-887b-10f9195d2eb2,4,5
f7825bda-3cab-474d-b209-0b04dbbaf0d5,6,3
012ffcf9-7c26-45ee-a185-81e6f2be6fa3,3,2
383bb5ab-8371-47e1-9948-29cd8b1f9ded,1,3
bed28d1c-9cc8-4791-9a10-fe7c76630f99,2,1
f133352a-c208-4184-893c-d94f77832364,4,4
65998224-304c-487e-b74e-5b0fd491ac6a,3,2
f239dfa2-c1a9-456c-b1d1-53c35c9a2c45,5,2
fdc3c52c-cdf9-4cf1-8a0c-a8ef6fe5280f,6,3
509106f8-1de5-45a7-ae45-66d7b460fd63,8,4
da6993c4-7f28-461c-8cda-818fa8d0f111,6,2
d747b107-0eab-40bd-bac2-e55b7bf04e01,5,4
4abbb01d-1a62-4a17-853a-33492647572f,7,2
d4a24be6-6865-423e-b2d7-e2457e6435db,3,2
705511dc-7267-496e-869f-2fc3c619b3f0,6,4
79131885-70ce-44ea-93e4-5b1abee3a03f,7,3
892fa026-295d-448c-8985-81a81ed35376,7,2
813ace58-438d-4f1e-9460-a4c8c6bf65a2,7,4
532a209a-cd29-445e-8db1-03ab3f7a492e,3,4
2ad072a6-cb05-4d16-b7e0-a8f29e38438c,2,1
6bb4497a-933a-4c9c-b18e-53067839345c,8,3
0bed7b45-dc4a-4c76-8cb2-0e54429d81fe,4,4
a1322965-3e8e-4ba1-b32b-3e66d8aaf1aa,5,1
0d0fa739-0bc2-49d2-b39c-f6ab2bc325c7,1,1
59e0a091-7dfe-4736-8278-137754372aee,5,3
65998224-304c-487e-b74e-5b0fd491ac6a,4,1
c5ca0a5d-6cf8-4728-9225-1d0ee8af00c6,5,4
a7fdd847-ebcc-4bca-9149-78d6159a612a,1,1
9146bcbf-06f9-49ba-ad37-adb7d4da1bd8,1,5
de703f67-a498-43a4-8326-e8c0c4a84929,7,4
6b902e38-da9d-422f-9012-20969a541b55,6,2
8833b033-f522-4795-a22b-91ac9b3c0f2d,7,1
812cbb85-8970-42b7-95f0-c59278724dcf,2,4
d68fc38e-52ff-46f5-9ba0-caa2f344443f,5,1
00d6765b-5869-42ec-a2e0-2644cffb90bc,7,2
49def278-c966-4fcb-b752-78cc37f4efc4,1,2
3e772814-0c6b-4d76-87e3-62039b93fe09,7,4
ca33e48c-a56f-466e-b4f2-9d28cc52374f,7,1
012ffcf9-7c26-45ee-a185-81e6f2be6fa3,3,4
fdc3c52c-cdf9-4cf1-8a0c-a8ef6fe5280f,6,2
ca33e48c-a56f-466e-b4f2-9d28cc52374f,3,4
2ad072a6-cb05-4d16-b7e0-a8f29e38438c,5,1
65d09708-6e4c-48c4-b356-34c9b27a6aed,8,3
3783e310-5af0-4f54-bfca-70714ad2de06,7,4
91a797b9-de46-46c2-a372-7a08c44783ec,6,5
705511dc-7267-496e-869f-2fc3c619b3f0,3,5
d3b2bcb7-1325-49ce-9e7d-900a5c0bf7b3,7,4
ead49453-8632-44fe-befc-4bbf5357c1a8,6,3
3e772814-0c6b-4d76-87e3-62039b93fe09,5,5
f41284ef-2c13-4b6a-accd-d2b1abc7ebbe,8,3
503dbaac-b4ab-41a0-9aa4-8eb743898d44,4,1
14307f80-2ff0-4ccf-9ac8-73768a43edb2,1,4
73ac3f88-9c1d-4eb4-a66b-d6ba863d40a0,2,4
33951a63-098a-43ad-80ef-d669c6ff57ad,3,5
1638d862-b0ac-44dc-8daf-2bc9885f0f97,1,1
cff0ef0e-dbc8-48f4-887b-10f9195d2eb2,3,3
d4a24be6-6865-423e-b2d7-e2457e6435db,1,4
6557201d-2ab0-42e9-9aa7-fbae2644128e,1,4
21c384ce-ceac-448a-9a7f-5eac87ad7ef3,2,2
4a48cf89-33a1-414c-8252-8925f66661e9,8,2
c17dfd17-d741-49c8-8353-5915117b8598,1,4
ea4e9e41-de3c-4b8f-8dfd-bfed47a8e7e8,1,5
9e32b74e-c3a9-4110-a453-f928e066d69a,1,5
24ad2d03-ee28-49ef-a9f6-cd57510b71a4,5,5
9146bcbf-06f9-49ba-ad37-adb7d4da1bd8,6,3
cd9fac8c-3481-4c9a-b49a-12daa08409d6,4,5
31eb328f-0573-43ce-8829-1e934298127d,2,4
8833b033-f522-4795-a22b-91ac9b3c0f2d,4,3
3197655f-d60f-4932-8dd2-479ea7cc301e,8,1
be20dc27-c656-413f-b783-7bd3cc3b6337,5,2
7f755b48-f7cd-4218-82f9-bf24b526731a,4,1
29c0e22e-8ed8-40c2-ab1b-f6352dc55293,3,5
14673edf-41cb-48f3-b371-f9856c0268e5,8,4
89106a07-9022-4ba4-a2a7-0cc432c0c2fb,6,4
0ee9fefc-f0e7-45e8-8d7c-b0859712a9b1,2,1
0bb8ba07-2527-4e64-b6f1-251368ee790d,8,2
7eccb3c5-c3c1-4b35-8d07-10663df019d8,6,4
ad5aacb1-1258-4141-a048-222168d86665,6,5
eb372dd0-4dee-4143-9ffa-f77b15e4cfda,8,5
6a9e05e0-6ecb-44f6-9fbd-875485ae17f1,3,5
6a9e05e0-6ecb-44f6-9fbd-875485ae17f1,4,3
df4bd2c3-8ec2-494f-b432-d23f1acef02f,6,1
31eb328f-0573-43ce-8829-1e934298127d,1,1
60821f6f-6701-4c01-8938-6951cc125fa5,2,5
dc367d7e-795b-4178-a3ef-0bc87f967813,5,5
812cbb85-8970-42b7-95f0-c59278724dcf,1,3
0b9319f6-b857-42aa-89df-9ebed2b8b342,2,5
cf67b923-fe9e-4106-bc9f-f076724f5d9b,4,5
e1038f88-632f-4d94-84c5-074136857488,5,1
87d1e3c8-cbae-472b-a6c0-0422ae36ba55,7,4
b1860147-5f7f-46eb-be58-4c2827bd9ca0,5,1
2b35f9d4-1a47-4470-9607-f8ea3fe745c4,7,3
be20dc27-c656-413f-b783-7bd3cc3b6337,7,1
4a48cf89-33a1-414c-8252-8925f66661e9,5,2
f7825bda-3cab-474d-b209-0b04dbbaf0d5,8,1
e23f9fdc-f8c7-4b95-b445-a15c1dfd1b79,3,1
00d6765b-5869-42ec-a2e0-2644cffb90bc,5,1
0b9319f6-b857-42aa-89df-9ebed2b8b342,3,1
2ebffa85-e921-47be-9c44-7778e90d630c,2,5
046f0254-4f60-4b61-9792-11c68b85c780,4,3
4ebd0de8-7f9c-4b5a-aabc-8c5896ba6d8d,5,4
7f755b48-f7cd-4218-82f9-bf24b526731a,7,4
e1038f88-632f-4d94-84c5-074136857488,3,4
32d498c9-f1ee-44f3-b5b3-b609c5ed0ab3,1,4
0d03fe67-5744-4ac9-8eea-b8a1beae377a,4,1
98db80a9-a6f8-47eb-8dd7-33af642cf63c,7,2
ae670d11-4d89-417c-8229-f8abbc705ede,2,5
ae44378f-daf2-4abe-8d9b-3006ea82278e,8,4
80f30f3d-50d5-4b56-8c26-e17143ed1705,1,5
eb372dd0-4dee-4143-9ffa-f77b15e4cfda,6,3
6c4a7fa8-30a7-4792-9e74-84a100844d05,6,5
ec186ff0-a5f8-41c1-8175-161e1a42cbac,5,4
52e02583-ecb4-41c0-9179-e54102aa8e44,7,2
2bcf3840-1ec6-4ed5-b645-47af1bd5aace,3,1
6d301c97-f982-4711-bfa8-25b164247f2c,8,1
354514d6-9063-46a1-a172-303e01f7da15,2,5
c17dfd17-d741-49c8-8353-5915117b8598,2,4
98694b0e-0047-4aac-81fc-0ba9792d396f,2,1
e3635e2e-74b1-43b7-a140-cb3568981830,7,1
c5a1e07f-8740-4432-bd3d-1ddb2fbafe4d,2,5
701fe40b-7627-4bd2-bece-e4c45cdd4274,8,2
c2fa6060-6242-4edf-a022-9b3581ee85c1,4,4
ddde3b2d-5494-4404-b2da-552b11adeab3,8,4
d094d9ed-1ad2-42bd-bba5-c6705d2bcd36,2,3
abdc8784-8530-4cc3-ad9f-474199cb6d0c,2,3
a0336512-098d-416a-87c9-83a9670fc31d,4,2
da6993c4-7f28-461c-8cda-818fa8d0f111,3,3
0b0f4258-695a-4a3b-9b40-b0a8fd166995,6,4
21c8c06c-5ceb-44da-bfc4-a2f05784e414,6,4
d7d558b9-ac49-49af-86b1-9cd70420661b,7,4
f1bd9dcc-a11a-4955-8332-d831cbeacf62,2,4
312ebb67-cdc9-49b1-a85c-2d72560a3a39,1,3
12b9f4e3-2d49-43b1-8d53-06c31205e26c,3,5
0bed7b45-dc4a-4c76-8cb2-0e54429d81fe,7,3
c2b03ddc-c734-485f-b1a2-b7faa7f54f24,3,5
41930f58-ea40-4201-82f3-bd92392c1a20,1,3
ddde3b2d-5494-4404-b2da-552b11adeab3,1,4
181fe116-d9f0-41c8-aaf0-aeaa277c3342,1,3
6a9e05e0-6ecb-44f6-9fbd-875485ae17f1,3,1
cd2bd085-f73d-4dbb-a9a9-1a9b7cac5347,1,1
c17dfd17-d741-49c8-8353-5915117b8598,5,3
748cdeed-45b9-4669-a604-7422b624bfc9,1,2
9eab5f38-feea-4456-a9b1-f5be4187cf36,5,4
12f9fde1-756d-43e0-a54d-9225f26771c1,3,2
bdf86742-eafd-44dd-a653-b94c29b1cb24,1,1
f2988164-159d-4ce7-a792-588348621796,6,2
21c8c06c-5ceb-44da-bfc4-a2f05784e414,4,4
d147a098-bfde-40d4-9488-5ae9911875dd,5,2
da6993c4-7f28-461c-8cda-818fa8d0f111,2,1
40ea3e95-cafb-43d1-8bea-69b06d8695f1,5,5
fcf6ac87-aec0-4216-9c4d-f44c4bd1f385,8,5
6bf661e6-43ea-4569-9f32-67d35f76e335,8,4
46cdfda3-a14a-4078-b078-9a39869901b8,4,2
11841497-93e6-4f64-acb7-16dd51054794,6,5
312ebb67-cdc9-49b1-a85c-2d72560a3a39,4,5
3a2d65b5-5117-4c85-a85c-d64995f231cf,7,2
dc56ef20-80af-4fa6-b59f-97c8ff779e77,6,5
accbb2e3-6ff5-4b57-b916-db30e0a886ce,4,2
813ace58-438d-4f1e-9460-a4c8c6bf65a2,3,2
86ce6dbe-84ed-4d7a-8242-ec133a16f6aa,4,4
facc8f90-ad8f-4997-ab98-e7cb370648f1,6,4
db7b12eb-b044-488f-a0d7-ee6d8c1e954a,5,3
9438e961-c11f-424e-b281-dea637616363,6,1
75eb52ce-c487-4e7d-b175-46a1cd1bcf13,8,2
a8085580-7cec-4c18-8008-8243de438ed4,4,2
b1860147-5f7f-46eb-be58-4c2827bd9ca0,2,2
980ff33c-c03c-433c-a4b6-9cd92769bd06,7,1
31fe553c-7bbb-45bb-ba32-df3c9e7a77aa,5,1
1b14c2c1-2eaa-4741-8a86-38b38807c14d,7,5
ae44378f-daf2-4abe-8d9b-3006ea82278e,2,2
f2445d90-9380-4a63-8caa-52b30a781b3f,3,4
18b38754-50cd-4bfd-90e0-8f395f3eaa2e,2,5
b1860147-5f7f-46eb-be58-4c2827bd9ca0,6,3
d1ab6654-efe9-40bb-8a71-b6ad526dd553,2,5
e5332626-0afe-4b39-bcbc-d5c53d4a3b7c,6,3
91a797b9-de46-46c2-a372-7a08c44783ec,5,1
4bd7a797-5e52-4617-8961-a36ed3d911fe,2,4
299e42fc-1a77-4ec1-955f-98cc52def2ad,5,3
502e2c6e-6ede-4ac0-8f59-c4f537c4f4e4,4,2
4e442815-1b6b-4e25-915f-43fbb93ae9a7,5,3
b1fb2a8d-c215-4b0e-a4a9-64690c65d41e,8,4
d2dfc993-0547-4aa6-ae25-182a1b287703,4,4
8209b506-0173-4121-94e0-781b70454be3,8,5
dc56ef20-80af-4fa6-b59f-97c8ff779e77,7,4
5747dff7-1e11-44cf-84b8-b8f15ff87bc1,1,4
bed28d1c-9cc8-4791-9a10-fe7c76630f99,8,2
4360e285-b926-4d65-bb3b-fffb6e92805e,7,5
4afdea9a-e65a-4d19-8f06-0bc7ed893664,4,2
a0ca7c4a-7f10-429c-8b5c-ff5d1dbd2a3e,1,5
ca07f546-0bc7-41e2-8ec6-8bbc304b45c2,4,1
8a410f60-9286-4653-8743-d5fd36a6bfd3,3,1
cff0ef0e-dbc8-48f4-887b-10f9195d2eb2,8,4
5d0fddaf-6289-4103-98df-49e33edb022e,4,4
606d1a86-bda3-4044-a124-e815e2f74d72,3,5
cf9e412c-39d0-4516-abdd-11b9b93aa043,8,5
557c1227-c741-4207-8196-a608cfb8b1fb,4,3
5e8def39-5e9b-421b-818e-324d458f4c2b,1,2
919a0c51-12cf-4014-a85f-60f98c5052d7,6,4
c61c644b-a433-4e68-9975-5b23e4fcfdf0,3,3
bf1c6c36-3209-4991-be12-eb67f7a49772,6,1
49def278-c966-4fcb-b752-78cc37f4efc4,1,4
980ff33c-c03c-433c-a4b6-9cd92769bd06,3,5
f7825bda-3cab-474d-b209-0b04dbbaf0d5,8,2
87d1e3c8-cbae-472b-a6c0-0422ae36ba55,6,2
ca07f546-0bc7-41e2-8ec6-8bbc304b45c2,4,2
f7825bda-3cab-474d-b209-0b04dbbaf0d5,7,1
0f574dad-e6d8-4be9-bff0-15f02842f7f2,7,1
6259764a-64f8-49c0-a0e2-774d8b7c3291,3,1
d147a098-bfde-40d4-9488-5ae9911875dd,1,1
80b88138-8c69-4fd3-8764-78770f3864fb,3,5
92bf8fd9-dba9-41aa-88c8-f83088a1cba3,6,3
93067f1c-a402-4b8f-b01d-16b4aa347dcb,7,4
9485f9be-e445-44df-9e2a-a24afd08107a,2,2
78c6184e-c6d2-429d-80f3-9f0606c918f5,7,1
87f6ea6e-0f19-4306-87ac-6465f6707dc1,4,5
7474214c-2866-4120-8cdb-ace25ba9f342,5,3
d438e5d0-6275-4aa7-80d9-951dcd626eaa,4,4
4d76e7f2-a7c7-48c3-89f4-cd1e6b5549fc,4,1
ea4e9e41-de3c-4b8f-8dfd-bfed47a8e7e8,5,4
38388e9a-67b8-482a-9412-b472a4121bbf,2,2
59274e34-58e0-48ba-8d40-2bc36c2d42cd,3,5
ca07f546-0bc7-41e2-8ec6-8bbc304b45c2,1,2
ca33e48c-a56f-466e-b4f2-9d28cc52374f,2,4
9962475a-3d51-42f8-aced-8d2a02fb2cc6,8,4
befbeab7-c2c9-45c4-9da4-174971e7c42c,6,1
8a3536e8-fe61-403f-9d4d-b1897b3e4875,2,2
21c384ce-ceac-448a-9a7f-5eac87ad7ef3,3,5
a8085580-7cec-4c18-8008-8243de438ed4,5,3
42796ce1-1e2f-4d79-9986-25d5d3f6d788,8,5
dee22f31-1f0a-44e0-98eb-f77b71522655,2,4
120d5bd7-607f-4720-be3d-2c3e38f16f7e,8,4
02cb4cb9-9f1f-4f96-95d5-55603612e0c4,5,3
87f6ea6e-0f19-4306-87ac-6465f6707dc1,3,4
3a2f5b8a-04af-43a4-8691-f204582209a1,1,5
d60ebd81-d533-4019-ba44-2fa47b710e5f,5,1
21c8c06c-5ceb-44da-bfc4-a2f05784e414,2,3
2d609413-6e29-4d46-81b7-39936fd9e380,2,3
012ffcf9-7c26-45ee-a185-81e6f2be6fa3,8,2
df4bd2c3-8ec2-494f-b432-d23f1acef02f,3,4
95519599-4d5c-40f1-9b2c-beb8878c1b20,2,4
87d1e3c8-cbae-472b-a6c0-0422ae36ba55,4,1
9962475a-3d51-42f8-aced-8d2a02fb2cc6,4,1
7522f1ce-b7cb-4cf8-90a6-aad523c41fae,2,3
dc56ef20-80af-4fa6-b59f-97c8ff779e77,3,3
812cbb85-8970-42b7-95f0-c59278724dcf,2,3
89a8b3cb-7ecc-4359-9fb4-bd2609047826,1,5
dd26665e-ebb9-4f36-92e2-52ef650c15a7,8,2
db87c790-ab10-400a-b57a-fd6c26a4e616,8,2
f0459210-8d92-4c58-9c11-2ff974688c2a,7,5
d94cf087-8e42-4a43-a82d-bfce1f88e3e0,4,2
c70b630a-43c0-46d2-bfa4-a50a21abf64d,4,2
f90408c7-7256-4f1d-9f62-a7d637d87331,4,5
0f1ab389-80a1-404f-ab9c-6e76c82f076f,8,5
3ae2e443-728b-4705-86c9-71f2a1ea79ef,3,2
7fe871eb-46c0-457b-a93f-a859b475713c,1,3
8a0788f1-003d-4ce1-91df-eac8b190beaa,7,2
14df3718-675b-4c94-a124-358292489803,5,2
73ac3f88-9c1d-4eb4-a66b-d6ba863d40a0,8,5
b170b3f5-9f02-4a57-8546-a6d4579f07f1,5,3
4ca70073-8c35-4320-a2ae-8b476f61dbd6,3,1
4da99649-86f2-444c-9490-a659ca659503,1,1
fec1f1f2-a145-40a3-b070-65f3a9b68c38,5,5
ed5902a3-3486-4b91-82ce-be5890fe8ce6,6,4
98db80a9-a6f8-47eb-8dd7-33af642cf63c,6,3
0f4430e6-d4f4-4bae-977b-31aea7c38bb5,4,1
136f0175-7c46-4b01-8d45-3fa96531b1ed,7,3
da6993c4-7f28-461c-8cda-818fa8d0f111,2,1
af20d113-4e67-4224-9702-67ad9a3ed152,2,5
ae670d11-4d89-417c-8229-f8abbc705ede,7,3
bb059108-d9f7-4568-993f-4c83d41277cf,3,4
befbeab7-c2c9-45c4-9da4-174971e7c42c,6,1
3197655f-d60f-4932-8dd2-479ea7cc301e,5,2
b170b3f5-9f02-4a57-8546-a6d4579f07f1,4,3
e2a84b9c-b16b-4c31-9ca8-c527c4697f01,6,2
824be8cc-93bc-494f-96a0-0aad9a062efe,1,2
6bb4497a-933a-4c9c-b18e-53067839345c,5,5
92cb6eb1-c895-429d-9ee0-05ffec1028a9,8,1
76867724-1b40-4e2d-922a-832e6ba0bd87,4,2
012ffcf9-7c26-45ee-a185-81e6f2be6fa3,3,4
521f14ee-6431-4f22-bafb-44f4f885608a,8,4
be9a33c0-2daa-40bd-b638-b9d2f69512f3,3,4
e3635e2e-74b1-43b7-a140-cb3568981830,6,3
f7862eb3-4a14-445a-8156-31fd184d7005,6,3
ebed1708-abfa-4409-923b-506d6b68f930,3,4
7bdf5639-725a-4828-b6c3-5b5cc736cc13,2,3
b786b4bb-29f3-4cdd-ba9a-d1c24a8a4475,4,5
ec581489-012a-431d-ba72-c024febb3431,7,4
d94cf087-8e42-4a43-a82d-bfce1f88e3e0,2,3
3e2b2735-afed-49d9-98b4-631ca5b5a42f,3,3
ad6cbf32-dcb9-4ef5-9dec-8b8332e7fcb6,6,1
ae44378f-daf2-4abe-8d9b-3006ea82278e,2,3
0d0fa739-0bc2-49d2-b39c-f6ab2bc325c7,6,4
9e32b74e-c3a9-4110-a453-f928e066d69a,6,4
f3481941-93fc-4155-beda-3a4442acc56f,8,4
9eab5f38-feea-4456-a9b1-f5be4187cf36,3,4
d3b2bcb7-1325-49ce-9e7d-900a5c0bf7b3,3,1
98694b0e-0047-4aac-81fc-0ba9792d396f,8,1
ab9aed36-7a98-4bb5-a903-35273d4e1604,4,2
77579e0b-bcb5-4744-b497-66126c0583b0,3,3
a0336512-098d-416a-87c9-83a9670fc31d,8,4
76bd6e26-a3ef-4c3d-ad34-ba063bf2723b,2,5
f507112d-c095-4469-b7fb-bc5316f4d88c,4,2
94091979-2c32-46ac-a662-30b6614604ae,5,5
93067f1c-a402-4b8f-b01d-16b4aa347dcb,2,4
6bf661e6-43ea-4569-9f32-67d35f76e335,4,3
b8a0b331-7936-4e41-8c2a-b31a19e3185b,8,1
919a0c51-12cf-4014-a85f-60f98c5052d7,2,4
5e8def39-5e9b-421b-818e-324d458f4c2b,3,2
80300b2e-dc7a-484f-a5b9-ed898aacbd1f,4,4
0ee9fefc-f0e7-45e8-8d7c-b0859712a9b1,5,5
1e65e76b-cd6e-47d3-a077-b252234056f5,3,2
ff9379c7-1d2c-46f1-ad6c-bb168d91962b,7,2
ab041485-03cb-4dbe-9583-c70a66accc18,8,3
14ec90b4-1b2a-4307-bcba-4ea815154074,6,5
6b902e38-da9d-422f-9012-20969a541b55,7,1
c40601dd-6c4a-4be8-9ef8-4bd26578b19e,1,4
75554ce3-d309-4a2e-a7ce-6dac2a03b401,5,3
6bf661e6-43ea-4569-9f32-67d35f76e335,6,2
5d1a7669-f1e6-494b-a6aa-b3e534726a38,7,1
abdc8784-8530-4cc3-ad9f-474199cb6d0c,5,5
14673edf-41cb-48f3-b371-f9856c0268e5,3,2
41930f58-ea40-4201-82f3-bd92392c1a20,2,4
09792140-ae83-4355-ba2b-ca4f2d3ae1ff,4,3
5473eedb-246e-43d3-a75d-1ba18eea3e61,7,2
1638d862-b0ac-44dc-8daf-2bc9885f0f97,5,1
292b2d0b-9c05-4de8-8156-8c3136a721c2,3,3
8ccd139e-74ae-4a8f-a705-32614246111d,6,1
cd2bd085-f73d-4dbb-a9a9-1a9b7cac5347,3,4
9485f9be-e445-44df-9e2a-a24afd08107a,7,1
74536f68-b61c-4e73-a55d-49c71386b15b,4,5
59e0a091-7dfe-4736-8278-137754372aee,7,2
24b6a707-6458-45a9-8b6b-c98ab45604ad,2,5
299e42fc-1a77-4ec1-955f-98cc52def2ad,1,2
b786b4bb-29f3-4cdd-ba9a-d1c24a8a4475,6,3
e23f9fdc-f8c7-4b95-b445-a15c1dfd1b79,3,1
1a21c26a-2a6e-466d-8fe1-dc55e742813e,1,1
1c6c1e31-98d6-4cda-8551-4a27738c8cf9,1,3
f1c4b801-09b2-4fcc-96a7-b111e6c66cf2,4,4
62bff47b-56d4-4240-b2f7-0a3dc36ffa9a,3,1
93067f1c-a402-4b8f-b01d-16b4aa347dcb,7,2
9fe5ad6a-a461-432a-906a-dc42cff3c376,6,1
aa10d914-d58e-49aa-83ec-67e6f731a700,8,4
bf0156f5-d81d-40e8-a4da-4bb803fc4fbc,4,4
4d76e7f2-a7c7-48c3-89f4-cd1e6b5549fc,2,5
09792140-ae83-4355-ba2b-ca4f2d3ae1ff,5,5
da9e9186-6419-416c-93e9-4a6c306b27a1,8,3
94091979-2c32-46ac-a662-30b6614604ae,4,4
b786b4bb-29f3-4cdd-ba9a-d1c24a8a4475,2,4
5857ba10-4e37-4927-b96f-c528c633e92d,5,3
0ee9fefc-f0e7-45e8-8d7c-b0859712a9b1,5,2
af20d113-4e67-4224-9702-67ad9a3ed152,8,4
81c448a0-c083-48d9-951a-a960c3824f43,4,2
1e65e76b-cd6e-47d3-a077-b252234056f5,3,4
670165ce-eeb8-40d4-850e-e698939935a8,3,4
ac0ba32b-72da-4fe7-b056-61c9702fe357,6,5
eb372dd0-4dee-4143-9ffa-f77b15e4cfda,7,1
75eb52ce-c487-4e7d-b175-46a1cd1bcf13,4,2
fec1f1f2-a145-40a3-b070-65f3a9b68c38,3,4
dbb54e81-87ae-4491-bdfd-9c0677dac794,5,3
29c0e22e-8ed8-40c2-ab1b-f6352dc55293,8,1
75554ce3-d309-4a2e-a7ce-6dac2a03b401,1,1
601b2474-ca9f-4ce4-a6f1-7bc47f043c14,4,4
fcbc2a3d-1794-4393-ad8f-bfd5c0aafa84,5,1
22e65ff5-55b1-46f0-911f-463a3d303382,3,1
892fa026-295d-448c-8985-81a81ed35376,5,3
5e8def39-5e9b-421b-818e-324d458f4c2b,2,3
20a79730-685f-4bc0-b157-97a6159a3e4a,1,5
38388e9a-67b8-482a-9412-b472a4121bbf,2,3
77579e0b-bcb5-4744-b497-66126c0583b0,1,1
2d3c56e6-8ddd-41f2-9d22-f19e1b49df7e,2,5
42796ce1-1e2f-4d79-9986-25d5d3f6d788,7,1
5857ba10-4e37-4927-b96f-c528c633e92d,1,4
41930f58-ea40-4201-82f3-bd92392c1a20,2,3
d094d9ed-1ad2-42bd-bba5-c6705d2bcd36,6,3
5f111c8c-080f-4984-8271-f69bd91d2c7c,1,4
f7825bda-3cab-474d-b209-0b04dbbaf0d5,8,4
ec186ff0-a5f8-41c1-8175-161e1a42cbac,4,3
74886263-48b4-4ec3-bb0c-5f968573fffe,7,4
f7862eb3-4a14-445a-8156-31fd184d7005,4,2
b5621382-d382-45c4-a79e-66a8f3c25e69,1,4
e3635e2e-74b1-43b7-a140-cb3568981830,8,1
8ccd139e-74ae-4a8f-a705-32614246111d,8,5
80f30f3d-50d5-4b56-8c26-e17143ed1705,1,1
82fbfb43-a3d9-478e-9d4a-7495245de388,3,2
368acaea-52cb-482e-a6d4-86348d61081c,3,1
7f755b48-f7cd-4218-82f9-bf24b526731a,7,4
2edef0fe-4457-4453-b8dd-297f9fc2b8b1,5,4
2d455edc-9024-46e2-83bc-a164b26cae93,1,5
c5ce634f-4e2a-42ec-8e39-1abf26fc473f,2,2
42ccf585-dd0c-46c3-a0ba-b2cb87d8db0d,3,2
919a0c51-12cf-4014-a85f-60f98c5052d7,3,1
6d256123-c9ec-4734-96e1-0d951f518425,6,5
b8a0b331-7936-4e41-8c2a-b31a19e3185b,6,2
5549dfd6-f45c-4fec-8889-035b4875a1f8,1,1
69827ec1-5967-46a9-b9bc-94002c9b6130,2,4
3e7587be-d554-49ba-8ffd-9f58e720ea28,3,4
96d0037e-d811-477a-88bb-0f9233bf24ac,5,3
72998a78-4490-4f98-b7c7-9cc66b0e2a9d,7,4
9fe5ad6a-a461-432a-906a-dc42cff3c376,8,4
bed28d1c-9cc8-4791-9a10-fe7c76630f99,5,2
42ccf585-dd0c-46c3-a0ba-b2cb87d8db0d,2,4
bcc95c8d-e448-4101-adb4-ab441932fb01,7,5
701fe40b-7627-4bd2-bece-e4c45cdd4274,1,4
ae44378f-daf2-4abe-8d9b-3006ea82278e,3,4
f55057f9-dca0-495e-bd23-079856854556,3,2
f7825bda-3cab-474d-b209-0b04dbbaf0d5,5,1
12b9f4e3-2d49-43b1-8d53-06c31205e26c,8,4
7587c800-cae3-418b-8b44-4ef324aac515,2,5
bb17cd64-20bb-4ebb-855c-bf9089a134f1,5,4
1ec5720d-3cd2-4331-8459-74466690eced,7,2
a68f478c-71c1-4c88-8f22-fc6cb7e60328,3,4
557c1227-c741-4207-8196-a608cfb8b1fb,6,2
c6f41d62-486b-4f91-abc3-8f8b4fefaa35,7,3
2b35f9d4-1a47-4470-9607-f8ea3fe745c4,2,2
bf71b356-fdfa-47d9-b713-69da0a644da6,4,5
0f4430e6-d4f4-4bae-977b-31aea7c38bb5,5,4
2d455edc-9024-46e2-83bc-a164b26cae93,7,3
3197655f-d60f-4932-8dd2-479ea7cc301e,3,2
d673694d-ff6f-4841-8cf0-a7f75ff6d4e2,8,4
1c6c1e31-98d6-4cda-8551-4a27738c8cf9,4,4
3197655f-d60f-4932-8dd2-479ea7cc301e,7,5
ad41e33b-ce78-4944-9eb2-1e682e654c99,3,4
70b65cc2-599a-43fd-8b9c-901af3f159d7,3,1
7117a310-631b-4f03-b27e-f5f635c4993c,6,5
be974a0e-44b5-414b-a28b-2587cc78b9ba,4,4
cff0ef0e-dbc8-48f4-887b-10f9195d2eb2,1,1
d147a098-bfde-40d4-9488-5ae9911875dd,4,5
1c6c1e31-98d6-4cda-8551-4a27738c8cf9,2,5
12f9fde1-756d-43e0-a54d-9225f26771c1,7,3
95519599-4d5c-40f1-9b2c-beb8878c1b20,7,1
ae670d11-4d89-417c-8229-f8abbc705ede,5,4
c6f41d62-486b-4f91-abc3-8f8b4fefaa35,1,4
3e7587be-d554-49ba-8ffd-9f58e720ea28,8,4
120d5bd7-607f-4720-be3d-2c3e38f16f7e,8,4
215ec9d3-c849-42c1-ad5f-d000fe06743f,2,4
c5ce634f-4e2a-42ec-8e39-1abf26fc473f,7,3
76bd6e26-a3ef-4c3d-ad34-ba063bf2723b,2,2
12b9f4e3-2d49-43b1-8d53-06c31205e26c,5,2
485730b6-3a8b-446e-b87c-13cd6a9b04b2,8,4
0f1ab389-80a1-404f-ab9c-6e76c82f076f,1,5
aaae7f6e-0039-44b5-8fe6-12c32b114cdc,5,1
a94c7d96-4334-46ef-95b2-6cf03fa32b22,3,5
9fe5ad6a-a461-432a-906a-dc42cff3c376,8,1
a0ca7c4a-7f10-429c-8b5c-ff5d1dbd2a3e,6,4
35861add-1e55-4e0a-bd49-0b83b9f37d08,3,3
f0459210-8d92-4c58-9c11-2ff974688c2a,5,5
c8568f7f-27f2-492b-a728-9d0504bc298a,5,2
7f755b48-f7cd-4218-82f9-bf24b526731a,7,2
5e5fa0ef-e149-41c5-8d7b-efff307c183a,3,2
c61c644b-a433-4e68-9975-5b23e4fcfdf0,7,3
b786b4bb-29f3-4cdd-ba9a-d1c24a8a4475,1,3
0e421a50-2a09-47a6-a911-dd9fb4262d05,2,2
65998224-304c-487e-b74e-5b0fd491ac6a,2,1
00d6765b-5869-42ec-a2e0-2644cffb90bc,7,1
368acaea-52cb-482e-a6d4-86348d61081c,3,5
65c419df-399a-47c4-8a12-8bc2f5420303,3,3
e23f9fdc-f8c7-4b95-b445-a15c1dfd1b79,2,3
d0dc011b-3642-46c1-b87c-b404287938a7,4,1
8b29b7ba-b43d-404a-8cac-f3ab36697527,2,1
7587c800-cae3-418b-8b44-4ef324aac515,3,5
16affd88-4c44-4652-8837-f0135d26708e,6,5
8209b506-0173-4121-94e0-781b70454be3,1,5
7474214c-2866-4120-8cdb-ace25ba9f342,4,3
527921c0-94cb-41a4-acd3-7d6c2eb62edc,3,2
e2a84b9c-b16b-4c31-9ca8-c527c4697f01,4,5
e8499b67-6dee-4c6f-8e8b-a69de8b9b19a,4,4
ae44378f-daf2-4abe-8d9b-3006ea82278e,4,3
89a2923f-83b4-4364-beb8-750c5bf14d3d,5,4
49559d45-a009-4bf0-b1f9-a6043f1db255,1,4
94776997-985a-41db-87f7-3fbfb3a4b569,3,5
b8a0b331-7936-4e41-8c2a-b31a19e3185b,7,1
b453dce4-20a3-473f-b9c9-d5e3b6a1c653,1,5
7bdf5639-725a-4828-b6c3-5b5cc736cc13,5,3
012ffcf9-7c26-45ee-a185-81e6f2be6fa3,8,4
8b29b7ba-b43d-404a-8cac-f3ab36697527,2,2
1a27a444-d299-4163-82f8-b3a90c110a64,3,2
ec186ff0-a5f8-41c1-8175-161e1a42cbac,8,5
be974a0e-44b5-414b-a28b-2587cc78b9ba,5,3
2b35f9d4-1a47-4470-9607-f8ea3fe745c4,6,1
1c6c1e31-98d6-4cda-8551-4a27738c8cf9,2,5
65d09708-6e4c-48c4-b356-34c9b27a6aed,4,3
232564f9-76cd-4fb4-9ea3-4b81bfbfe935,8,4
1a138f7b-8832-4c6f-9d8a-467c5dbb02c5,2,1
33951a63-098a-43ad-80ef-d669c6ff57ad,3,5
cf9e412c-39d0-4516-abdd-11b9b93aa043,5,1
79131885-70ce-44ea-93e4-5b1abee3a03f,5,4
778e96ad-82f2-4912-920f-e8c87645a06d,4,4
d508f789-3f29-4b5b-bdca-203b2f8b14bb,5,4
1a2dbdbc-24c6-4111-a5fe-c32216f87b7f,1,2
9485f9be-e445-44df-9e2a-a24afd08107a,2,5
bf0156f5-d81d-40e8-a4da-4bb803fc4fbc,7,3
ad5aacb1-1258-4141-a048-222168d86665,4,2
d431dd90-3250-46ca-818a-63cba036f2e7,4,2
b1860147-5f7f-46eb-be58-4c2827bd9ca0,5,2
1e65e76b-cd6e-47d3-a077-b252234056f5,6,5
f9ea8cbf-8eec-4726-92ec-4177681e4ac0,4,2
3a2f5b8a-04af-43a4-8691-f204582209a1,4,5
1ae2b794-a338-450c-baed-87d0beb801c7,3,3
42ccf585-dd0c-46c3-a0ba-b2cb87d8db0d,8,3
527921c0-94cb-41a4-acd3-7d6c2eb62edc,3,4
6faca8b2-e2ee-4413-ae52-7ed488dc2453,2,4
14896234-b762-455f-993b-c4cc973022c2,5,2
6eec5a96-ae73-425e-befa-191e4d5cbe1b,3,1
4ca70073-8c35-4320-a2ae-8b476f61dbd6,6,2
f380e561-a1c6-4115-aaed-39a38567a4ef,3,3
6e8c7926-b6c7-4410-b136-99d4a12631e7,2,2
5bb02278-cde1-43b6-8a30-57a2435fb4fa,1,3
9e578d52-76e4-4099-a491-3fd455fcbbad,8,4
31eb328f-0573-43ce-8829-1e934298127d,2,2
ad5aacb1-1258-4141-a048-222168d86665,4,3
7f755b48-f7cd-4218-82f9-bf24b526731a,2,2
69b2dab0-c64b-48d4-b300-9c6f86d792c6,4,2
ec581489-012a-431d-ba72-c024febb3431,1,5
c5293ffa-e6a8-422c-860e-f9f364a9684a,8,2
d3b1f2ed-979f-4e9b-81e7-38d57e71c53c,7,3
7474214c-2866-4120-8cdb-ace25ba9f342,5,2
c04b7278-0ad9-40b1-94f0-4087be369233,6,3
7c0c73e3-47c9-492c-8825-c2f20681a20d,6,5
2d609413-6e29-4d46-81b7-39936fd9e380,1,1
c277cf98-752a-404a-bc5b-d76c73e2b985,4,3
670165ce-eeb8-40d4-850e-e698939935a8,2,1
7117a310-631b-4f03-b27e-f5f635c4993c,8,1
60821f6f-6701-4c01-8938-6951cc125fa5,8,2
b1fb2a8d-c215-4b0e-a4a9-64690c65d41e,6,5
4d76e7f2-a7c7-48c3-89f4-cd1e6b5549fc,6,3
f2988164-159d-4ce7-a792-588348621796,2,1
2d455edc-9024-46e2-83bc-a164b26cae93,6,3
e3635e2e-74b1-43b7-a140-cb3568981830,7,1
fcf6ac87-aec0-4216-9c4d-f44c4bd1f385,7,4
75eb52ce-c487-4e7d-b175-46a1cd1bcf13,6,2
fdbcea21-a8ab-4e07-ba64-48effa7caa14,7,3
5551ab32-ccfa-4862-b070-53da13cdf25b,1,4
120d5bd7-607f-4720-be3d-2c3e38f16f7e,3,2
af20d113-4e67-4224-9702-67ad9a3ed152,6,4
2d609413-6e29-4d46-81b7-39936fd9e380,7,3
7117a310-631b-4f03-b27e-f5f635c4993c,3,5
a7fdd847-ebcc-4bca-9149-78d6159a612a,5,5
41f4cbfd-4eec-4720-a1b7-f55e4a444bc5,6,2
dc56ef20-80af-4fa6-b59f-97c8ff779e77,8,3
49b4454f-4780-49af-b201-e3e96c19610a,6,1
69827ec1-5967-46a9-b9bc-94002c9b6130,3,3
0b0f4258-695a-4a3b-9b40-b0a8fd166995,3,5
ff9379c7-1d2c-46f1-ad6c-bb168d91962b,4,2
5f111c8c-080f-4984-8271-f69bd91d2c7c,5,5
d38efe4c-6376-4c49-abd7-05615e596927,6,2
bb059108-d9f7-4568-993f-4c83d41277cf,1,4
f7deea27-815c-4e4f-9bfd-c2648fd9f482,8,5
fee6b6cd-206d-4983-8cfc-fc7d10b23f3e,2,5
d147a098-bfde-40d4-9488-5ae9911875dd,8,4
0bb8ba07-2527-4e64-b6f1-251368ee790d,2,2
fdc3c52c-cdf9-4cf1-8a0c-a8ef6fe5280f,2,5
503dbaac-b4ab-41a0-9aa4-8eb743898d44,1,3
4ae35964-2989-4540-8579-477a0892fd96,3,2
8a0788f1-003d-4ce1-91df-eac8b190beaa,3,3
31fe553c-7bbb-45bb-ba32-df3c9e7a77aa,7,5
9fe5ad6a-a461-432a-906a-dc42cff3c376,1,1
131e9dbb-b3c7-44da-b0d3-c69509feac95,5,2
919a0c51-12cf-4014-a85f-60f98c5052d7,7,4
3391c5cb-49aa-4054-a5d0-352342f0a431,4,4
df82bfa3-a665-4654-9336-5fc10c991d44,6,4
def69d73-412a-471b-9611-a0bb14707e74,6,4
f239dfa2-c1a9-456c-b1d1-53c35c9a2c45,8,4
09792140-ae83-4355-ba2b-ca4f2d3ae1ff,2,3
76bd6e26-a3ef-4c3d-ad34-ba063bf2723b,5,4
6465f949-afc1-429d-bcf7-168b5d1fde9b,1,4
a54b516d-a7c8-43ab-bd86-7919ee65b9c1,5,3
d1ab6654-efe9-40bb-8a71-b6ad526dd553,6,1
94091979-2c32-46ac-a662-30b6614604ae,6,3
32d498c9-f1ee-44f3-b5b3-b609c5ed0ab3,5,5
de9ed400-731d-42e9-a5a9-fc65f1d61eb4,6,4
d38efe4c-6376-4c49-abd7-05615e596927,8,5
d3b1f2ed-979f-4e9b-81e7-38d57e71c53c,6,5
7bb18f93-b96a-4414-a41f-ecc33a617b4d,8,2
d60ebd81-d533-4019-ba44-2fa47b710e5f,4,5
a0336512-098d-416a-87c9-83a9670fc31d,8,1
d3b2bcb7-1325-49ce-9e7d-900a5c0bf7b3,1,1
950bc6a2-27f9-4f2f-a70b-db6b47dc7a9e,4,1
5d1a7669-f1e6-494b-a6aa-b3e534726a38,7,4
89a8b3cb-7ecc-4359-9fb4-bd2609047826,3,4
813ace58-438d-4f1e-9460-a4c8c6bf65a2,8,2
ae851e1d-b980-46fc-9ac5-23ba947a1905,6,5
232564f9-76cd-4fb4-9ea3-4b81bfbfe935,5,2
4ac8fdca-2ea2-4194-954e-3c205d45129d,4,3
012ffcf9-7c26-45ee-a185-81e6f2be6fa3,1,4
49559d45-a009-4bf0-b1f9-a6043f1db255,5,3
5bc98ff3-c916-413f-9feb-1ed2f25340ee,8,5
6f1c374d-0169-4297-8035-9059042453af,2,3
62bff47b-56d4-4240-b2f7-0a3dc36ffa9a,6,4
87d20729-ed36-4a48-98b2-e0df579c7485,7,2
ad6cbf32-dcb9-4ef5-9dec-8b8332e7fcb6,8,1
2d609413-6e29-4d46-81b7-39936fd9e380,7,4
af20d113-4e67-4224-9702-67ad9a3ed152,8,4
14df3718-675b-4c94-a124-358292489803,1,5
8833b033-f522-4795-a22b-91ac9b3c0f2d,1,2
65998224-304c-487e-b74e-5b0fd491ac6a,3,4
6d46c77f-ea1c-4386-a16a-e3819b8ab25d,3,3
350e89e0-310e-418e-85b2-0c2bdc89d77f,5,4
d747b107-0eab-40bd-bac2-e55b7bf04e01,5,3
d438e5d0-6275-4aa7-80d9-951dcd626eaa,5,5
5747dff7-1e11-44cf-84b8-b8f15ff87bc1,1,5
5e5fa0ef-e149-41c5-8d7b-efff307c183a,2,4
e2a84b9c-b16b-4c31-9ca8-c527c4697f01,7,1
bb6876ea-0de4-4440-9c1f-e7a3a64d2379,3,3
cd2bd085-f73d-4dbb-a9a9-1a9b7cac5347,3,4
046f0254-4f60-4b61-9792-11c68b85c780,8,2
82fbfb43-a3d9-478e-9d4a-7495245de388,2,5
bf01a388-949c-4f95-895d-7684b5cab6a5,3,3
120d5bd7-607f-4720-be3d-2c3e38f16f7e,2,5
cf9e412c-39d0-4516-abdd-11b9b93aa043,7,4
73fea0b7-da5d-4631-9e14-f96e0be3abc2,6,1
f55ec886-bbfc-426b-a14f-49095ef75e6c,3,4
95ba36eb-8cb5-4858-abf4-7c9ac3759875,5,3
31fe553c-7bbb-45bb-ba32-df3c9e7a77aa,3,5
da9e9186-6419-416c-93e9-4a6c306b27a1,7,2
3e7587be-d554-49ba-8ffd-9f58e720ea28,1,3
1e65e76b-cd6e-47d3-a077-b252234056f5,3,1
aaae7f6e-0039-44b5-8fe6-12c32b114cdc,3,5
49def278-c966-4fcb-b752-78cc37f4efc4,4,5
8b29b7ba-b43d-404a-8cac-f3ab36697527,5,4
83e11eec-8548-498a-a8c4-25358499e304,7,3
670165ce-eeb8-40d4-850e-e698939935a8,4,1
4a48cf89-33a1-414c-8252-8925f66661e9,7,4
e61ac59c-8a9e-48c8-8285-304015e8d500,2,3
c61c644b-a433-4e68-9975-5b23e4fcfdf0,7,5
92cb6eb1-c895-429d-9ee0-05ffec1028a9,5,5
0df067ef-28bc-4ea4-b9bc-fc37b30db486,1,4
ca33e48c-a56f-466e-b4f2-9d28cc52374f,5,5
78e687b2-f0a7-45cc-96bf-85ab965afae7,6,1
befbeab7-c2c9-45c4-9da4-174971e7c42c,5,2
74536f68-b61c-4e73-a55d-49c71386b15b,5,4
41930f58-ea40-4201-82f3-bd92392c1a20,1,4
17b2d46c-c771-4c42-b640-a9b1ad038cbe,2,4
7359a754-4c16-4aa3-84be-e1a78ebd865e,7,2
befbeab7-c2c9-45c4-9da4-174971e7c42c,5,5
1a21c26a-2a6e-466d-8fe1-dc55e742813e,3,1
6b902e38-da9d-422f-9012-20969a541b55,5,5
24ad2d03-ee28-49ef-a9f6-cd57510b71a4,4,2
0df067ef-28bc-4ea4-b9bc-fc37b30db486,4,3
efc5a7c4-4079-4059-8ffd-031fa12963af,8,3
c04b7278-0ad9-40b1-94f0-4087be369233,3,5
b786b4bb-29f3-4cdd-ba9a-d1c24a8a4475,4,1
0985c89f-ae92-4660-adc2-f06b907bc993,2,4
dbb54e81-87ae-4491-bdfd-9c0677dac794,1,4
557c1227-c741-4207-8196-a608cfb8b1fb,8,2
b786b4bb-29f3-4cdd-ba9a-d1c24a8a4475,2,1
d43574fa-9028-48d0-9546-5fe19c3a8539,6,2
0667d4dd-23c3-411b-a1de-66bb7b4ca584,2,2
d147a098-bfde-40d4-9488-5ae9911875dd,1,2
1a138f7b-8832-4c6f-9d8a-467c5dbb02c5,7,2
c04b7278-0ad9-40b1-94f0-4087be369233,2,4
c5a1e07f-8740-4432-bd3d-1ddb2fbafe4d,6,1
7c1161a6-c668-495a-88ef-b3c39710ebae,3,4
65c419df-399a-47c4-8a12-8bc2f5420303,8,3
bdf86742-eafd-44dd-a653-b94c29b1cb24,8,2
52468e2c-22a5-40eb-8aba-278cf9828c46,5,2
17162a4f-13a1-46c3-8709-c44c5535c58f,6,5
0f1ab389-80a1-404f-ab9c-6e76c82f076f,3,3
bcc95c8d-e448-4101-adb4-ab441932fb01,2,2
0fe57a41-c44c-49c7-b68e-1350c5146b37,7,3
9c0d379e-7d6f-4de5-9008-2a9093565420,5,4
65998224-304c-487e-b74e-5b0fd491ac6a,7,5
5e5fa0ef-e149-41c5-8d7b-efff307c183a,4,5
df4bd2c3-8ec2-494f-b432-d23f1acef02f,4,5
09792140-ae83-4355-ba2b-ca4f2d3ae1ff,7,5
3ecf9cdb-68a5-4905-9c39-03188adab3a0,4,5
80f7dc64-fa96-436c-85de-1836a84476e1,7,1
f1c4b801-09b2-4fcc-96a7-b111e6c66cf2,4,3
d60ebd81-d533-4019-ba44-2fa47b710e5f,6,2
0f4430e6-d4f4-4bae-977b-31aea7c38bb5,6,1
a0ca7c4a-7f10-429c-8b5c-ff5d1dbd2a3e,8,5
9e8f5f29-0d56-4531-a529-dbc1705ac8ee,8,4
d325de59-7de9-459c-bbdc-cf950833b4e7,1,5
bb6876ea-0de4-4440-9c1f-e7a3a64d2379,8,5
81c448a0-c083-48d9-951a-a960c3824f43,2,1
bb6876ea-0de4-4440-9c1f-e7a3a64d2379,4,4
fdc3c52c-cdf9-4cf1-8a0c-a8ef6fe5280f,2,4
5551ab32-ccfa-4862-b070-53da13cdf25b,2,5
f380e561-a1c6-4115-aaed-39a38567a4ef,7,3
2b35f9d4-1a47-4470-9607-f8ea3fe745c4,2,4
2b35f9d4-1a47-4470-9607-f8ea3fe745c4,1,5
d94cf087-8e42-4a43-a82d-bfce1f88e3e0,1,3
0b7eda3b-3995-47d3-9ef6-44abde7b6c8b,7,4
db7b12eb-b044-488f-a0d7-ee6d8c1e954a,7,2
5f602ed3-afdf-4241-b859-d8ef2cd773e5,2,4
bf01a388-949c-4f95-895d-7684b5cab6a5,4,2
8dee702a-b8a0-4c3e-877e-661d29f2f956,7,3
509106f8-1de5-45a7-ae45-66d7b460fd63,8,2
467449a8-72b2-43c1-a43d-7b32dfd4c820,8,3
368acaea-52cb-482e-a6d4-86348d61081c,1,5
705511dc-7267-496e-869f-2fc3c619b3f0,4,1
d747b107-0eab-40bd-bac2-e55b7bf04e01,5,1
0f574dad-e6d8-4be9-bff0-15f02842f7f2,5,2
14df3718-675b-4c94-a124-358292489803,7,2
131e9dbb-b3c7-44da-b0d3-c69509feac95,6,2
e9053313-ce82-41b4-92fc-82fb6c5a7173,2,2
30b0c8fb-dc7f-4cb5-93ca-7eb2e8825595,5,5
1473b1b4-7b53-43ef-83db-4ae9cfc01de9,1,5
30b0c8fb-dc7f-4cb5-93ca-7eb2e8825595,3,5
91a797b9-de46-46c2-a372-7a08c44783ec,4,3
9cd85cae-b316-4fa8-bb41-852e1d83b67a,1,5
70b65cc2-599a-43fd-8b9c-901af3f159d7,6,2
9146bcbf-06f9-49ba-ad37-adb7d4da1bd8,3,4
b453dce4-20a3-473f-b9c9-d5e3b6a1c653,1,2
65998224-304c-487e-b74e-5b0fd491ac6a,5,5
509106f8-1de5-45a7-ae45-66d7b460fd63,8,3
74536f68-b61c-4e73-a55d-49c71386b15b,1,5
00d6765b-5869-42ec-a2e0-2644cffb90bc,5,3
0d6740a5-fd82-4f54-a30c-f740f06ab2f0,7,3
8209b506-0173-4121-94e0-781b70454be3,8,3
7c7ab1cb-3256-4a61-8831-92521e8cf64e,2,3
89106a07-9022-4ba4-a2a7-0cc432c0c2fb,2,3
6a9e05e0-6ecb-44f6-9fbd-875485ae17f1,2,4
bb6876ea-0de4-4440-9c1f-e7a3a64d2379,7,1
ae44378f-daf2-4abe-8d9b-3006ea82278e,4,4
ac823fd9-b3e8-4009-9a4f-9628ec354c89,8,4
0985c89f-ae92-4660-adc2-f06b907bc993,1,2
c04b7278-0ad9-40b1-94f0-4087be369233,5,2
d0dc011b-3642-46c1-b87c-b404287938a7,4,3
c40601dd-6c4a-4be8-9ef8-4bd26578b19e,6,5
04349f71-45fa-4262-8415-c9c8ba45b895,8,3
9fe5ad6a-a461-432a-906a-dc42cff3c376,3,2
e8a1e449-bda1-46c8-9e69-d63f4c2800d7,2,4
6bf661e6-43ea-4569-9f32-67d35f76e335,5,5
812cbb85-8970-42b7-95f0-c59278724dcf,1,4
8833b033-f522-4795-a22b-91ac9b3c0f2d,2,4
1ae2b794-a338-450c-baed-87d0beb801c7,3,5
f7deea27-815c-4e4f-9bfd-c2648fd9f482,2,2
04349f71-45fa-4262-8415-c9c8ba45b895,6,3
f41284ef-2c13-4b6a-accd-d2b1abc7ebbe,3,4
87f6ea6e-0f19-4306-87ac-6465f6707dc1,4,1
502e2c6e-6ede-4ac0-8f59-c4f537c4f4e4,8,1
d438e5d0-6275-4aa7-80d9-951dcd626eaa,8,4
136f0175-7c46-4b01-8d45-3fa96531b1ed,5,4
7c0c73e3-47c9-492c-8825-c2f20681a20d,8,5
c40601dd-6c4a-4be8-9ef8-4bd26578b19e,6,2
503dbaac-b4ab-41a0-9aa4-8eb743898d44,4,1
46550531-44ce-48b8-9951-b57ae888cb95,4,5
0667d4dd-23c3-411b-a1de-66bb7b4ca584,2,5
4abbb01d-1a62-4a17-853a-33492647572f,5,2
0a69011e-236d-4e37-ba47-c854557ea6f3,7,5
31eb328f-0573-43ce-8829-1e934298127d,7,3
87d1e3c8-cbae-472b-a6c0-0422ae36ba55,3,2
80300b2e-dc7a-484f-a5b9-ed898aacbd1f,2,4
65c419df-399a-47c4-8a12-8bc2f5420303,5,3
76867724-1b40-4e2d-922a-832e6ba0bd87,5,1
4da99649-86f2-444c-9490-a659ca659503,8,5
65d09708-6e4c-48c4-b356-34c9b27a6aed,8,4
86ce6dbe-84ed-4d7a-8242-ec133a16f6aa,6,4
74886263-48b4-4ec3-bb0c-5f968573fffe,1,5
c5293ffa-e6a8-422c-860e-f9f364a9684a,1,1
df82bfa3-a665-4654-9336-5fc10c991d44,2,3
d1ab6654-efe9-40bb-8a71-b6ad526dd553,5,4
5857ba10-4e37-4927-b96f-c528c633e92d,6,2
9fe5ad6a-a461-432a-906a-dc42cff3c376,6,4
ac823fd9-b3e8-4009-9a4f-9628ec354c89,2,1
c04b7278-0ad9-40b1-94f0-4087be369233,1,1
dbb54e81-87ae-4491-bdfd-9c0677dac794,2,5
9c24bc24-67d0-4e47-b72b-de15b63b090d,8,1
7117a310-631b-4f03-b27e-f5f635c4993c,6,3
950bc6a2-27f9-4f2f-a70b-db6b47dc7a9e,2,2
813ace58-438d-4f1e-9460-a4c8c6bf65a2,5,4
14673edf-41cb-48f3-b371-f9856c0268e5,1,4
beacdeb4-6610-4685-bc5b-f2e0896fdfbf,6,3
b1fb2a8d-c215-4b0e-a4a9-64690c65d41e,5,2
3b638ed2-70e5-4813-802d-8460fa5e8c78,1,1
69b2dab0-c64b-48d4-b300-9c6f86d792c6,8,3
6bb4497a-933a-4c9c-b18e-53067839345c,3,3
748cdeed-45b9-4669-a604-7422b624bfc9,5,4
21c8c06c-5ceb-44da-bfc4-a2f05784e414,2,5
87f6ea6e-0f19-4306-87ac-6465f6707dc1,6,3
86ce6dbe-84ed-4d7a-8242-ec133a16f6aa,7,3
f7deea27-815c-4e4f-9bfd-c2648fd9f482,2,4
3ecf9cdb-68a5-4905-9c39-03188adab3a0,4,2
7fe871eb-46c0-457b-a93f-a859b475713c,5,3
5549dfd6-f45c-4fec-8889-035b4875a1f8,6,3
467449a8-72b2-43c1-a43d-7b32dfd4c820,8,1
73ac3f88-9c1d-4eb4-a66b-d6ba863d40a0,3,3
d508f789-3f29-4b5b-bdca-203b2f8b14bb,3,4
5857ba10-4e37-4927-b96f-c528c633e92d,7,2
e8a1e449-bda1-46c8-9e69-d63f4c2800d7,4,3
80b88138-8c69-4fd3-8764-78770f3864fb,6,5
3783e310-5af0-4f54-bfca-70714ad2de06,6,1
78b70da9-504a-496b-9589-b094670a7fa6,6,5
1473b1b4-7b53-43ef-83db-4ae9cfc01de9,8,5
00d6765b-5869-42ec-a2e0-2644cffb90bc,6,1
606d1a86-bda3-4044-a124-e815e2f74d72,3,2
521f14ee-6431-4f22-bafb-44f4f885608a,6,5
9146bcbf-06f9-49ba-ad37-adb7d4da1bd8,3,4
e73fc1a3-bcfd-4ccb-a3b5-47a2b3f5130d,7,4
232564f9-76cd-4fb4-9ea3-4b81bfbfe935,6,5
671a20d2-46d3-4ded-80d2-fcc162cbb551,1,2
bb6876ea-0de4-4440-9c1f-e7a3a64d2379,6,4
fcbc2a3d-1794-4393-ad8f-bfd5c0aafa84,2,5
d094d9ed-1ad2-42bd-bba5-c6705d2bcd36,2,5
57923f56-03c5-4191-b421-3643cd4c440e,1,1
6a9e05e0-6ecb-44f6-9fbd-875485ae17f1,1,4
714f5c85-b730-46f1-b3d5-254dbd246df7,7,2
95519599-4d5c-40f1-9b2c-beb8878c1b20,4,1
d8f10011-a28e-4a27-9147-486106ae7997,8,1
d431dd90-3250-46ca-818a-63cba036f2e7,5,3
f45ec9a3-bbf5-477d-9444-482487e77041,1,1
82b9dcc7-e8cb-47df-9f45-b603ffd974ea,1,1
f2d007a4-a98f-404e-94f6-13d2d8daf146,8,2
3d8b2d1a-2611-4685-8387-e25afcb630d1,8,5
6b902e38-da9d-422f-9012-20969a541b55,2,5
df4bd2c3-8ec2-494f-b432-d23f1acef02f,8,4
60821f6f-6701-4c01-8938-6951cc125fa5,5,2
6c4a7fa8-30a7-4792-9e74-84a100844d05,1,3
f380e561-a1c6-4115-aaed-39a38567a4ef,5,1
4ebd0de8-7f9c-4b5a-aabc-8c5896ba6d8d,5,5
950bc6a2-27f9-4f2f-a70b-db6b47dc7a9e,3,5
41f4cbfd-4eec-4720-a1b7-f55e4a444bc5,4,5
6b902e38-da9d-422f-9012-20969a541b55,6,5
1a138f7b-8832-4c6f-9d8a-467c5dbb02c5,1,2
00d6765b-5869-42ec-a2e0-2644cffb90bc,8,5
131e9dbb-b3c7-44da-b0d3-c69509feac95,7,5
1a27a444-d299-4163-82f8-b3a90c110a64,3,1
ff9379c7-1d2c-46f1-ad6c-bb168d91962b,3,1
5473eedb-246e-43d3-a75d-1ba18eea3e61,5,4
5e5fa0ef-e149-41c5-8d7b-efff307c183a,7,4
5bb02278-cde1-43b6-8a30-57a2435fb4fa,5,4
30b0c8fb-dc7f-4cb5-93ca-7eb2e8825595,1,1
db7b12eb-b044-488f-a0d7-ee6d8c1e954a,4,1
1e5d1a8d-3c94-490d-b042-0038e32e5a48,6,2
6d256123-c9ec-4734-96e1-0d951f518425,7,2
b3986dd0-5076-4c6d-8a0e-d6d3a1b13dbb,6,5
d88bd785-df55-4d02-95ff-cc79ee4448d4,5,3
2d3c56e6-8ddd-41f2-9d22-f19e1b49df7e,6,3
dc56ef20-80af-4fa6-b59f-97c8ff779e77,5,5
df82bfa3-a665-4654-9336-5fc10c991d44,7,4
f2d007a4-a98f-404e-94f6-13d2d8daf146,4,1
42ccf585-dd0c-46c3-a0ba-b2cb87d8db0d,8,2
8a3536e8-fe61-403f-9d4d-b1897b3e4875,4,2
b786b4bb-29f3-4cdd-ba9a-d1c24a8a4475,1,5
dbb54e81-87ae-4491-bdfd-9c0677dac794,5,1
3eba94ee-8d9d-40d6-a92b-5d4975afcea2,6,2
1ec5720d-3cd2-4331-8459-74466690eced,2,5
f1ee5055-93db-4dd8-b535-710ff512e7cc,4,1
3b638ed2-70e5-4813-802d-8460fa5e8c78,8,5
f55057f9-dca0-495e-bd23-079856854556,1,2
6d46c77f-ea1c-4386-a16a-e3819b8ab25d,4,3
b0792471-96fc-438f-9665-5c61d70d224f,8,3
c8568f7f-27f2-492b-a728-9d0504bc298a,6,5
f3481941-93fc-4155-beda-3a4442acc56f,3,2
17162a4f-13a1-46c3-8709-c44c5535c58f,2,2
8a410f60-9286-4653-8743-d5fd36a6bfd3,8,3
49559d45-a009-4bf0-b1f9-a6043f1db255,6,2
93067f1c-a402-4b8f-b01d-16b4aa347dcb,8,1
0f1ab389-80a1-404f-ab9c-6e76c82f076f,8,4
6e8c7926-b6c7-4410-b136-99d4a12631e7,4,2
509106f8-1de5-45a7-ae45-66d7b460fd63,3,4
1c743b7f-53bf-4637-a516-dd604295fa5f,3,5
00d6765b-5869-42ec-a2e0-2644cffb90bc,1,2
11ac13b8-96aa-4605-9fc6-cee20dad0c03,2,2
95519599-4d5c-40f1-9b2c-beb8878c1b20,1,2
1ae2b794-a338-450c-baed-87d0beb801c7,1,1
c5293ffa-e6a8-422c-860e-f9f364a9684a,8,3
52e02583-ecb4-41c0-9179-e54102aa8e44,6,4
ac0ba32b-72da-4fe7-b056-61c9702fe357,1,1
ac823fd9-b3e8-4009-9a4f-9628ec354c89,7,3
62bff47b-56d4-4240-b2f7-0a3dc36ffa9a,1,4
5549dfd6-f45c-4fec-8889-035b4875a1f8,1,2
2775e2d5-a0ee-4567-b1c6-6814619c192b,3,1
e3635e2e-74b1-43b7-a140-cb3568981830,2,3
7587c800-cae3-418b-8b44-4ef324aac515,8,1
eb372dd0-4dee-4143-9ffa-f77b15e4cfda,2,5
5f602ed3-afdf-4241-b859-d8ef2cd773e5,4,3
34b36a73-313f-45da-9cc5-c6437242f3f8,5,5
41f20853-2cbd-4019-be35-1845ac4ccd7a,2,2
046f0254-4f60-4b61-9792-11c68b85c780,3,5
24b6a707-6458-45a9-8b6b-c98ab45604ad,4,3
7308b59a-3db9-4508-90d4-94152ecb5f38,6,5
14673edf-41cb-48f3-b371-f9856c0268e5,7,1
89a8b3cb-7ecc-4359-9fb4-bd2609047826,7,5
5a57fb79-5712-4c77-b4dd-4c080a1957f4,8,4
e5332626-0afe-4b39-bcbc-d5c53d4a3b7c,3,3
de9ed400-731d-42e9-a5a9-fc65f1d61eb4,4,1
b0304e32-8e6a-4663-81e8-dd085ea6a094,7,4
32d498c9-f1ee-44f3-b5b3-b609c5ed0ab3,3,1
d094d9ed-1ad2-42bd-bba5-c6705d2bcd36,5,1
69827ec1-5967-46a9-b9bc-94002c9b6130,2,4
a895f401-366a-4151-ac10-88ccdb324361,4,5
cd2bd085-f73d-4dbb-a9a9-1a9b7cac5347,5,5
e2a84b9c-b16b-4c31-9ca8-c527c4697f01,5,2
7f755b48-f7cd-4218-82f9-bf24b526731a,1,2
5747dff7-1e11-44cf-84b8-b8f15ff87bc1,8,2
e73e5fd1-f3e8-493d-ac20-24bb98893cda,8,2
dbb54e81-87ae-4491-bdfd-9c0677dac794,8,1
dee22f31-1f0a-44e0-98eb-f77b71522655,7,4
c17dfd17-d741-49c8-8353-5915117b8598,8,4
0a69011e-236d-4e37-ba47-c854557ea6f3,3,3
f7deea27-815c-4e4f-9bfd-c2648fd9f482,2,2
cd826b56-a233-4da4-99e0-1d3c133d9f1e,2,3
824be8cc-93bc-494f-96a0-0aad9a062efe,6,4
94776997-985a-41db-87f7-3fbfb3a4b569,3,4
9cd85cae-b316-4fa8-bb41-852e1d83b67a,5,4
502e2c6e-6ede-4ac0-8f59-c4f537c4f4e4,2,3
bf71b356-fdfa-47d9-b713-69da0a644da6,8,5
34b36a73-313f-45da-9cc5-c6437242f3f8,3,5
1a138f7b-8832-4c6f-9d8a-467c5dbb02c5,7,5
117b5761-bbc6-4a83-be07-5bc58718b81f,3,1
bee72ceb-fc83-46d6-8441-1c0be7a3256d,2,1
7d0de6a5-106f-4c8e-b63a-01ae3cb1fa59,8,5
2d455edc-9024-46e2-83bc-a164b26cae93,8,5
78b70da9-504a-496b-9589-b094670a7fa6,2,1
a0ca7c4a-7f10-429c-8b5c-ff5d1dbd2a3e,1,3
2d3c56e6-8ddd-41f2-9d22-f19e1b49df7e,5,1
6bf661e6-43ea-4569-9f32-67d35f76e335,5,3
8209b506-0173-4121-94e0-781b70454be3,5,5
73fea0b7-da5d-4631-9e14-f96e0be3abc2,8,4
f2445d90-9380-4a63-8caa-52b30a781b3f,7,3
c5293ffa-e6a8-422c-860e-f9f364a9684a,8,2
24ad2d03-ee28-49ef-a9f6-cd57510b71a4,1,4
0d0fa739-0bc2-49d2-b39c-f6ab2bc325c7,7,3
3d61ab95-9a43-4f36-9810-1a1c4aa7017a,4,5
78e687b2-f0a7-45cc-96bf-85ab965afae7,3,3
5473eedb-246e-43d3-a75d-1ba18eea3e61,5,5
da9e9186-6419-416c-93e9-4a6c306b27a1,8,2
70b65cc2-599a-43fd-8b9c-901af3f159d7,3,4
383bb5ab-8371-47e1-9948-29cd8b1f9ded,7,4
e61ac59c-8a9e-48c8-8285-304015e8d500,1,5
dc367d7e-795b-4178-a3ef-0bc87f967813,8,5
8a3536e8-fe61-403f-9d4d-b1897b3e4875,5,3
c70b630a-43c0-46d2-bfa4-a50a21abf64d,4,2
117b5761-bbc6-4a83-be07-5bc58718b81f,5,1
db350561-6652-470b-a1a8-393a9cbfcb31,6,5
11ac13b8-96aa-4605-9fc6-cee20dad0c03,4,4
9e8f5f29-0d56-4531-a529-dbc1705ac8ee,3,1
4afdea9a-e65a-4d19-8f06-0bc7ed893664,8,4
2d3c56e6-8ddd-41f2-9d22-f19e1b49df7e,3,2
a8085580-7cec-4c18-8008-8243de438ed4,4,4
d4a6071f-0620-47c4-8fbb-bfe26c700427,5,4
89106a07-9022-4ba4-a2a7-0cc432c0c2fb,6,3
e9053313-ce82-41b4-92fc-82fb6c5a7173,6,3
892fa026-295d-448c-8985-81a81ed35376,4,5
24b6a707-6458-45a9-8b6b-c98ab45604ad,3,4
72998a78-4490-4f98-b7c7-9cc66b0e2a9d,1,2
fec1f1f2-a145-40a3-b070-65f3a9b68c38,8,5
522b2720-02d3-4491-b7b2-7ca20c2e98e5,5,5
9485f9be-e445-44df-9e2a-a24afd08107a,7,2
52e02583-ecb4-41c0-9179-e54102aa8e44,7,1
b0304e32-8e6a-4663-81e8-dd085ea6a094,3,1
b786b4bb-29f3-4cdd-ba9a-d1c24a8a4475,1,2
8b78d283-7b22-4943-875a-4fd887f0df4a,3,3
7474214c-2866-4120-8cdb-ace25ba9f342,6,1
227fc989-90e4-439f-887a-ebff68e3abcd,3,3
ec581489-012a-431d-ba72-c024febb3431,4,1
7d0de6a5-106f-4c8e-b63a-01ae3cb1fa59,2,5
d38efe4c-6376-4c49-abd7-05615e596927,8,4
a54b516d-a7c8-43ab-bd86-7919ee65b9c1,1,3
7eccb3c5-c3c1-4b35-8d07-10663df019d8,4,5
f55057f9-dca0-495e-bd23-079856854556,3,2
1a27a444-d299-4163-82f8-b3a90c110a64,2,1
49559d45-a009-4bf0-b1f9-a6043f1db255,5,2
befbeab7-c2c9-45c4-9da4-174971e7c42c,6,3
e61ac59c-8a9e-48c8-8285-304015e8d500,6,5
82b9dcc7-e8cb-47df-9f45-b603ffd974ea,7,2
b0792471-96fc-438f-9665-5c61d70d224f,4,2
02cb4cb9-9f1f-4f96-95d5-55603612e0c4,5,4
0b0f4258-695a-4a3b-9b40-b0a8fd166995,4,1
1c6c1e31-98d6-4cda-8551-4a27738c8cf9,5,1
ac0ba32b-72da-4fe7-b056-61c9702fe357,8,3
ec186ff0-a5f8-41c1-8175-161e1a42cbac,4,4
467449a8-72b2-43c1-a43d-7b32dfd4c820,5,1
3197655f-d60f-4932-8dd2-479ea7cc301e,3,3
d7d558b9-ac49-49af-86b1-9cd70420661b,5,5
c70b630a-43c0-46d2-bfa4-a50a21abf64d,2,1
ab041485-03cb-4dbe-9583-c70a66accc18,8,2
312ebb67-cdc9-49b1-a85c-2d72560a3a39,3,3
65d09708-6e4c-48c4-b356-34c9b27a6aed,1,4
41f4cbfd-4eec-4720-a1b7-f55e4a444bc5,2,2
12f9fde1-756d-43e0-a54d-9225f26771c1,8,4
5d1a7669-f1e6-494b-a6aa-b3e534726a38,8,1
6d256123-c9ec-4734-96e1-0d951f518425,1,5
fd5b81b6-ba8c-4f04-973a-a037a1faa17d,2,5
60821f6f-6701-4c01-8938-6951cc125fa5,7,4
5e8def39-5e9b-421b-818e-324d458f4c2b,8,5
df4bd2c3-8ec2-494f-b432-d23f1acef02f,6,3
ea4e9e41-de3c-4b8f-8dfd-bfed47a8e7e8,8,5
78b70da9-504a-496b-9589-b094670a7fa6,4,2
0df067ef-28bc-4ea4-b9bc-fc37b30db486,3,2
eb3edd84-748e-4a7d-ab44-2c64b24fa817,2,3
18b38754-50cd-4bfd-90e0-8f395f3eaa2e,4,1
522b2720-02d3-4491-b7b2-7ca20c2e98e5,4,2
4ebd0de8-7f9c-4b5a-aabc-8c5896ba6d8d,5,1
350e89e0-310e-418e-85b2-0c2bdc89d77f,6,1
24b6a707-6458-45a9-8b6b-c98ab45604ad,3,2
29c0e22e-8ed8-40c2-ab1b-f6352dc55293,5,4
def69d73-412a-471b-9611-a0bb14707e74,5,5
be974a0e-44b5-414b-a28b-2587cc78b9ba,7,3
892fa026-295d-448c-8985-81a81ed35376,8,3
7eccb3c5-c3c1-4b35-8d07-10663df019d8,8,3
701fe40b-7627-4bd2-bece-e4c45cdd4274,3,5
813c09ec-98ce-4f5c-807a-b2d21d9a60c8,7,2
fdbcea21-a8ab-4e07-ba64-48effa7caa14,1,3
98db80a9-a6f8-47eb-8dd7-33af642cf63c,8,4
e2a84b9c-b16b-4c31-9ca8-c527c4697f01,1,1
117b5761-bbc6-4a83-be07-5bc58718b81f,8,1
c40601dd-6c4a-4be8-9ef8-4bd26578b19e,3,5
cd2bd085-f73d-4dbb-a9a9-1a9b7cac5347,5,1
a895f401-366a-4151-ac10-88ccdb324361,7,1
75630d5c-9fe9-46bc-95cf-6733795df118,4,5
60821f6f-6701-4c01-8938-6951cc125fa5,8,1
1afff7c2-4a95-4d58-b115-9fda4f35e863,5,5
16affd88-4c44-4652-8837-f0135d26708e,5,4
65998224-304c-487e-b74e-5b0fd491ac6a,6,1
ebed1708-abfa-4409-923b-506d6b68f930,2,4
e9053313-ce82-41b4-92fc-82fb6c5a7173,7,5
601b2474-ca9f-4ce4-a6f1-7bc47f043c14,8,2
f16dd342-11cc-4b68-ac4e-f2a5cb97865b,6,5
80f7dc64-fa96-436c-85de-1836a84476e1,3,3
ebfe58ea-96bb-402f-9bd1-dbde57b33831,8,4
9fa205c4-58af-4e4a-919d-3f55c9839103,6,1
bf0156f5-d81d-40e8-a4da-4bb803fc4fbc,4,3
75eb52ce-c487-4e7d-b175-46a1cd1bcf13,3,5
accbb2e3-6ff5-4b57-b916-db30e0a886ce,7,3
c2b03ddc-c734-485f-b1a2-b7faa7f54f24,5,1
11841497-93e6-4f64-acb7-16dd51054794,4,2
1b14c2c1-2eaa-4741-8a86-38b38807c14d,3,2
4ac8fdca-2ea2-4194-954e-3c205d45129d,4,3
d3b2bcb7-1325-49ce-9e7d-900a5c0bf7b3,5,5
4ae35964-2989-4540-8579-477a0892fd96,4,4
74536f68-b61c-4e73-a55d-49c71386b15b,4,4
a7fdd847-ebcc-4bca-9149-78d6159a612a,3,4
14f8d984-5ee0-409f-9a00-ad5f29dd0a90,5,2
d43574fa-9028-48d0-9546-5fe19c3a8539,1,5
509106f8-1de5-45a7-ae45-66d7b460fd63,2,3
41f4cbfd-4eec-4720-a1b7-f55e4a444bc5,2,4
ebfe58ea-96bb-402f-9bd1-dbde57b33831,1,3
0bed7b45-dc4a-4c76-8cb2-0e54429d81fe,2,4
ebed1708-abfa-4409-923b-506d6b68f930,1,2
ec581489-012a-431d-ba72-c024febb3431,4,1
a54b516d-a7c8-43ab-bd86-7919ee65b9c1,5,4
1a21c26a-2a6e-466d-8fe1-dc55e742813e,3,5
6465f949-afc1-429d-bcf7-168b5d1fde9b,7,3
d4a6071f-0620-47c4-8fbb-bfe26c700427,8,4
131e9dbb-b3c7-44da-b0d3-c69509feac95,3,4
d68fc38e-52ff-46f5-9ba0-caa2f344443f,4,4
f7deea27-815c-4e4f-9bfd-c2648fd9f482,6,4
02cb4cb9-9f1f-4f96-95d5-55603612e0c4,4,3
75cd2b71-2cc5-464d-8ceb-c28c960dca09,2,2
f7862eb3-4a14-445a-8156-31fd184d7005,3,3
aa10d914-d58e-49aa-83ec-67e6f731a700,3,4
6eec5a96-ae73-425e-befa-191e4d5cbe1b,7,2
95667df6-dd3b-4e83-822e-ac93807f9f29,8,5
14896234-b762-455f-993b-c4cc973022c2,8,3
892fa026-295d-448c-8985-81a81ed35376,6,4
7c7ab1cb-3256-4a61-8831-92521e8cf64e,3,5
bcc95c8d-e448-4101-adb4-ab441932fb01,3,5
b5621382-d382-45c4-a79e-66a8f3c25e69,5,3
db7b12eb-b044-488f-a0d7-ee6d8c1e954a,7,4
87d1e3c8-cbae-472b-a6c0-0422ae36ba55,2,3
6d301c97-f982-4711-bfa8-25b164247f2c,1,2
813ace58-438d-4f1e-9460-a4c8c6bf65a2,2,4
aa10d914-d58e-49aa-83ec-67e6f731a700,8,2
4ebd0de8-7f9c-4b5a-aabc-8c5896ba6d8d,4,5
89a8b3cb-7ecc-4359-9fb4-bd2609047826,6,1
04349f71-45fa-4262-8415-c9c8ba45b895,2,5
7bdf5639-725a-4828-b6c3-5b5cc736cc13,1,5
09792140-ae83-4355-ba2b-ca4f2d3ae1ff,8,3
41f4cbfd-4eec-4720-a1b7-f55e4a444bc5,3,1
f507112d-c095-4469-b7fb-bc5316f4d88c,2,3
b6f9a779-412c-4f21-8073-13381bf31490,8,4
e8a1e449-bda1-46c8-9e69-d63f4c2800d7,1,3
cff0ef0e-dbc8-48f4-887b-10f9195d2eb2,6,5
b6f9a779-412c-4f21-8073-13381bf31490,1,4
04349f71-45fa-4262-8415-c9c8ba45b895,6,4
e8fdb110-0d24-4479-b1d1-628c4b8f14aa,5,4
af20d113-4e67-4224-9702-67ad9a3ed152,5,5
09792140-ae83-4355-ba2b-ca4f2d3ae1ff,2,2
117b5761-bbc6-4a83-be07-5bc58718b81f,7,5
dc367d7e-795b-4178-a3ef-0bc87f967813,8,2
3eba94ee-8d9d-40d6-a92b-5d4975afcea2,5,5
0f4430e6-d4f4-4bae-977b-31aea7c38bb5,7,1
7bb18f93-b96a-4414-a41f-ecc33a617b4d,5,1
9fa205c4-58af-4e4a-919d-3f55c9839103,4,3
fe2956cc-0861-4fb8-b1b3-039c6551626d,8,2
701fe40b-7627-4bd2-bece-e4c45cdd4274,5,1
7587c800-cae3-418b-8b44-4ef324aac515,2,3
57923f56-03c5-4191-b421-3643cd4c440e,4,1
7c0c73e3-47c9-492c-8825-c2f20681a20d,2,4
bf71b356-fdfa-47d9-b713-69da0a644da6,3,2
befbeab7-c2c9-45c4-9da4-174971e7c42c,3,1
0667d4dd-23c3-411b-a1de-66bb7b4ca584,5,2
ad41e33b-ce78-4944-9eb2-1e682e654c99,3,1
9fe5ad6a-a461-432a-906a-dc42cff3c376,3,3
3eba94ee-8d9d-40d6-a92b-5d4975afcea2,4,5
5a57fb79-5712-4c77-b4dd-4c080a1957f4,6,1
3315aaad-4075-4843-ae7a-fb90546368e3,7,1
c2b03ddc-c734-485f-b1a2-b7faa7f54f24,2,1
80f30f3d-50d5-4b56-8c26-e17143ed1705,3,2
ee72719a-0315-4700-9da1-10621c382730,8,5
ad6cbf32-dcb9-4ef5-9dec-8b8332e7fcb6,4,1
40ea3e95-cafb-43d1-8bea-69b06d8695f1,6,2
6259764a-64f8-49c0-a0e2-774d8b7c3291,6,2
efc5a7c4-4079-4059-8ffd-031fa12963af,1,5
53776362-0a67-43fc-89a2-f83745a4cd08,7,2
17b2d46c-c771-4c42-b640-a9b1ad038cbe,1,5
9c24bc24-67d0-4e47-b72b-de15b63b090d,2,2
c15ca881-6382-4580-9e8e-5129af57b5ab,3,5
046f0254-4f60-4b61-9792-11c68b85c780,8,3
ae44378f-daf2-4abe-8d9b-3006ea82278e,5,1
d68fc38e-52ff-46f5-9ba0-caa2f344443f,2,1
7c7ab1cb-3256-4a61-8831-92521e8cf64e,7,3
354514d6-9063-46a1-a172-303e01f7da15,5,4
26b9b6c9-8b69-4d1a-8597-56d5b5fdb4f5,8,3
3dc23e04-0d73-4189-9e56-e35261b1e660,1,4
d094d9ed-1ad2-42bd-bba5-c6705d2bcd36,8,1
5f5fa9de-f4f0-4273-83ae-e1a43b68b1c9,1,2
41f4cbfd-4eec-4720-a1b7-f55e4a444bc5,6,5
d438e5d0-6275-4aa7-80d9-951dcd626eaa,4,4
83e11eec-8548-498a-a8c4-25358499e304,8,3
69b2dab0-c64b-48d4-b300-9c6f86d792c6,6,1
3a2d65b5-5117-4c85-a85c-d64995f231cf,1,4
f1c4b801-09b2-4fcc-96a7-b111e6c66cf2,2,3
6c4a7fa8-30a7-4792-9e74-84a100844d05,1,4
671a20d2-46d3-4ded-80d2-fcc162cbb551,8,5
9cd85cae-b316-4fa8-bb41-852e1d83b67a,8,2
a68f478c-71c1-4c88-8f22-fc6cb7e60328,7,1
1a138f7b-8832-4c6f-9d8a-467c5dbb02c5,5,3
0a69011e-236d-4e37-ba47-c854557ea6f3,3,2
cff0ef0e-dbc8-48f4-887b-10f9195d2eb2,7,3
94776997-985a-41db-87f7-3fbfb3a4b569,7,3
c6f41d62-486b-4f91-abc3-8f8b4fefaa35,1,2
81c448a0-c083-48d9-951a-a960c3824f43,6,1
d43574fa-9028-48d0-9546-5fe19c3a8539,6,3
cd9fac8c-3481-4c9a-b49a-12daa08409d6,6,2
95519599-4d5c-40f1-9b2c-beb8878c1b20,7,1
49559d45-a009-4bf0-b1f9-a6043f1db255,5,2
f02fcaf3-1bfb-4760-898b-455a6a659c46,2,4
1b14c2c1-2eaa-4741-8a86-38b38807c14d,7,3
b302fe5f-ba36-466e-b011-c2149aa6ca8b,4,3
527921c0-94cb-41a4-acd3-7d6c2eb62edc,6,2
92cb6eb1-c895-429d-9ee0-05ffec1028a9,7,3
7eccb3c5-c3c1-4b35-8d07-10663df019d8,6,4
4be03c30-12e2-4603-b040-53aed32f1212,7,1
1c743b7f-53bf-4637-a516-dd604295fa5f,2,3
76bd6e26-a3ef-4c3d-ad34-ba063bf2723b,7,1
cc73f1c9-9c0e-46bb-a498-93ad5367d884,4,3
c15ca881-6382-4580-9e8e-5129af57b5ab,1,3
92bf8fd9-dba9-41aa-88c8-f83088a1cba3,3,2
9962475a-3d51-42f8-aced-8d2a02fb2cc6,7,2
53776362-0a67-43fc-89a2-f83745a4cd08,6,3
3b638ed2-70e5-4813-802d-8460fa5e8c78,4,4
21c384ce-ceac-448a-9a7f-5eac87ad7ef3,2,3
509106f8-1de5-45a7-ae45-66d7b460fd63,3,1
d43574fa-9028-48d0-9546-5fe19c3a8539,7,5
7308b59a-3db9-4508-90d4-94152ecb5f38,8,5
7f755b48-f7cd-4218-82f9-bf24b526731a,7,1
ad463107-e7cc-4306-b0df-16a750a38180,4,5
74886263-48b4-4ec3-bb0c-5f968573fffe,6,2
d438e5d0-6275-4aa7-80d9-951dcd626eaa,7,3
65998224-304c-487e-b74e-5b0fd491ac6a,4,1
980ff33c-c03c-433c-a4b6-9cd92769bd06,2,5
7fe871eb-46c0-457b-a93f-a859b475713c,6,1
5809fd72-7c2f-46e9-8557-079802c7fe37,5,2
0df067ef-28bc-4ea4-b9bc-fc37b30db486,3,3
0d0fa739-0bc2-49d2-b39c-f6ab2bc325c7,7,1
b1860147-5f7f-46eb-be58-4c2827bd9ca0,7,5
813ace58-438d-4f1e-9460-a4c8c6bf65a2,8,5
fdbcea21-a8ab-4e07-ba64-48effa7caa14,6,5
4ebd0de8-7f9c-4b5a-aabc-8c5896ba6d8d,2,3
9e8f5f29-0d56-4531-a529-dbc1705ac8ee,3,2
5f5fa9de-f4f0-4273-83ae-e1a43b68b1c9,5,3
20a79730-685f-4bc0-b157-97a6159a3e4a,2,2
012ffcf9-7c26-45ee-a185-81e6f2be6fa3,2,3
7359a754-4c16-4aa3-84be-e1a78ebd865e,7,1
f7825bda-3cab-474d-b209-0b04dbbaf0d5,8,2
9e578d52-76e4-4099-a491-3fd455fcbbad,7,4
b0792471-96fc-438f-9665-5c61d70d224f,3,1
778e96ad-82f2-4912-920f-e8c87645a06d,2,3
e9053313-ce82-41b4-92fc-82fb6c5a7173,6,3
3dc23e04-0d73-4189-9e56-e35261b1e660,4,4
e73e5fd1-f3e8-493d-ac20-24bb98893cda,5,4
f2445d90-9380-4a63-8caa-52b30a781b3f,3,1
facc8f90-ad8f-4997-ab98-e7cb370648f1,6,4
d508f789-3f29-4b5b-bdca-203b2f8b14bb,5,5
379b3e0e-f8df-4258-82e7-63c2556fd46e,3,5
f41284ef-2c13-4b6a-accd-d2b1abc7ebbe,1,5
0bed7b45-dc4a-4c76-8cb2-0e54429d81fe,5,2
14ec90b4-1b2a-4307-bcba-4ea815154074,6,5
94776997-985a-41db-87f7-3fbfb3a4b569,2,2
8a0788f1-003d-4ce1-91df-eac8b190beaa,3,1
b1fb2a8d-c215-4b0e-a4a9-64690c65d41e,4,4
f4eedbc8-e689-4f74-8893-b15e9e4b2410,3,3
22e65ff5-55b1-46f0-911f-463a3d303382,6,5
89a2923f-83b4-4364-beb8-750c5bf14d3d,3,2
a54b516d-a7c8-43ab-bd86-7919ee65b9c1,3,4
3e7587be-d554-49ba-8ffd-9f58e720ea28,3,3
31eb328f-0573-43ce-8829-1e934298127d,2,4
5d0fddaf-6289-4103-98df-49e33edb022e,3,4
92bf8fd9-dba9-41aa-88c8-f83088a1cba3,4,5
75630d5c-9fe9-46bc-95cf-6733795df118,7,3
de703f67-a498-43a4-8326-e8c0c4a84929,1,1
80f7dc64-fa96-436c-85de-1836a84476e1,3,3
cae8ae2c-342d-4bff-99e0-fea638324977,8,1
813ace58-438d-4f1e-9460-a4c8c6bf65a2,2,1
98694b0e-0047-4aac-81fc-0ba9792d396f,2,4
8ccd139e-74ae-4a8f-a705-32614246111d,7,2
95519599-4d5c-40f1-9b2c-beb8878c1b20,8,1
f3481941-93fc-4155-beda-3a4442acc56f,6,1
748cdeed-45b9-4669-a604-7422b624bfc9,8,4
3e7587be-d554-49ba-8ffd-9f58e720ea28,6,1
b5621382-d382-45c4-a79e-66a8f3c25e69,7,4
6faca8b2-e2ee-4413-ae52-7ed488dc2453,6,5
4ac8fdca-2ea2-4194-954e-3c205d45129d,3,1
db87c790-ab10-400a-b57a-fd6c26a4e616,3,3
5f111c8c-080f-4984-8271-f69bd91d2c7c,3,3
8a3536e8-fe61-403f-9d4d-b1897b3e4875,7,4
532a209a-cd29-445e-8db1-03ab3f7a492e,1,1
7117a310-631b-4f03-b27e-f5f635c4993c,1,4
117b5761-bbc6-4a83-be07-5bc58718b81f,2,3
76867724-1b40-4e2d-922a-832e6ba0bd87,8,4
f1ee5055-93db-4dd8-b535-710ff512e7cc,6,4
299e42fc-1a77-4ec1-955f-98cc52def2ad,8,2
232564f9-76cd-4fb4-9ea3-4b81bfbfe935,2,5
bcc95c8d-e448-4101-adb4-ab441932fb01,3,5
00d6765b-5869-42ec-a2e0-2644cffb90bc,3,1
4d76e7f2-a7c7-48c3-89f4-cd1e6b5549fc,3,3
ad41e33b-ce78-4944-9eb2-1e682e654c99,4,3
31fe553c-7bbb-45bb-ba32-df3c9e7a77aa,2,2
d325de59-7de9-459c-bbdc-cf950833b4e7,1,2
f1bd9dcc-a11a-4955-8332-d831cbeacf62,2,2
350e89e0-310e-418e-85b2-0c2bdc89d77f,5,1
c5ce634f-4e2a-42ec-8e39-1abf26fc473f,1,3
62bff47b-56d4-4240-b2f7-0a3dc36ffa9a,3,1
18b38754-50cd-4bfd-90e0-8f395f3eaa2e,7,5
0985c89f-ae92-4660-adc2-f06b907bc993,4,1
87f6ea6e-0f19-4306-87ac-6465f6707dc1,8,1
c2b03ddc-c734-485f-b1a2-b7faa7f54f24,5,2
f2d007a4-a98f-404e-94f6-13d2d8daf146,7,5
4e25f205-90da-4fba-9d48-8ca73f4dd875,2,4
d094d9ed-1ad2-42bd-bba5-c6705d2bcd36,8,4
ab041485-03cb-4dbe-9583-c70a66accc18,6,1
da6993c4-7f28-461c-8cda-818fa8d0f111,2,4
ca33e48c-a56f-466e-b4f2-9d28cc52374f,3,5
467449a8-72b2-43c1-a43d-7b32dfd4c820,4,1
d2dfc993-0547-4aa6-ae25-182a1b287703,8,5
ebfe58ea-96bb-402f-9bd1-dbde57b33831,2,2
5a57fb79-5712-4c77-b4dd-4c080a1957f4,8,4
59274e34-58e0-48ba-8d40-2bc36c2d42cd,5,4
7c7ab1cb-3256-4a61-8831-92521e8cf64e,1,4
837480f4-6342-4695-b5f6-15dd6a7ba30b,5,3
0f574dad-e6d8-4be9-bff0-15f02842f7f2,1,3
1c6c1e31-98d6-4cda-8551-4a27738c8cf9,3,4
96d0037e-d811-477a-88bb-0f9233bf24ac,8,1
fee6b6cd-206d-4983-8cfc-fc7d10b23f3e,3,3
ca07f546-0bc7-41e2-8ec6-8bbc304b45c2,3,1
b0304e32-8e6a-4663-81e8-dd085ea6a094,4,1
49def278-c966-4fcb-b752-78cc37f4efc4,6,1
1638d862-b0ac-44dc-8daf-2bc9885f0f97,7,5
312ebb67-cdc9-49b1-a85c-2d72560a3a39,6,4
c5293ffa-e6a8-422c-860e-f9f364a9684a,4,4
82b9dcc7-e8cb-47df-9f45-b603ffd974ea,1,5
cae8ae2c-342d-4bff-99e0-fea638324977,5,1
7eccb3c5-c3c1-4b35-8d07-10663df019d8,4,5
9c0d379e-7d6f-4de5-9008-2a9093565420,3,4
d4a24be6-6865-423e-b2d7-e2457e6435db,4,5
42796ce1-1e2f-4d79-9986-25d5d3f6d788,5,5
c5a1e07f-8740-4432-bd3d-1ddb2fbafe4d,6,4
e8a1e449-bda1-46c8-9e69-d63f4c2800d7,4,1
41f20853-2cbd-4019-be35-1845ac4ccd7a,1,3
98694b0e-0047-4aac-81fc-0ba9792d396f,3,1
db7b12eb-b044-488f-a0d7-ee6d8c1e954a,1,1
2b35f9d4-1a47-4470-9607-f8ea3fe745c4,3,2
f9393214-b695-4d56-a7ef-79301cbf5ce8,7,2
ab9aed36-7a98-4bb5-a903-35273d4e1604,7,2
d094d9ed-1ad2-42bd-bba5-c6705d2bcd36,5,1
ced9ed9b-a26d-47fa-ba67-b203e45a0df7,7,3
5a57fb79-5712-4c77-b4dd-4c080a1957f4,7,3
bdf86742-eafd-44dd-a653-b94c29b1cb24,6,1
892fa026-295d-448c-8985-81a81ed35376,8,4
21c8c06c-5ceb-44da-bfc4-a2f05784e414,7,1
79131885-70ce-44ea-93e4-5b1abee3a03f,6,3
1a2dbdbc-24c6-4111-a5fe-c32216f87b7f,5,3
21c8c06c-5ceb-44da-bfc4-a2f05784e414,4,3
6bf661e6-43ea-4569-9f32-67d35f76e335,1,3
d431dd90-3250-46ca-818a-63cba036f2e7,8,1
b6f9a779-412c-4f21-8073-13381bf31490,8,4
4abbb01d-1a62-4a17-853a-33492647572f,5,1
78b70da9-504a-496b-9589-b094670a7fa6,8,3
d8f10011-a28e-4a27-9147-486106ae7997,1,4
aa10d914-d58e-49aa-83ec-67e6f731a700,1,3
d7d558b9-ac49-49af-86b1-9cd70420661b,2,3
354514d6-9063-46a1-a172-303e01f7da15,6,4
6c4a7fa8-30a7-4792-9e74-84a100844d05,3,2
4da99649-86f2-444c-9490-a659ca659503,1,2
312ebb67-cdc9-49b1-a85c-2d72560a3a39,7,2
d3b1f2ed-979f-4e9b-81e7-38d57e71c53c,5,5
4da99649-86f2-444c-9490-a659ca659503,4,1
8f2a73b7-8608-4f1d-bb4c-becc41154c93,3,2
6e8c7926-b6c7-4410-b136-99d4a12631e7,2,5
31fe553c-7bbb-45bb-ba32-df3c9e7a77aa,3,2
49def278-c966-4fcb-b752-78cc37f4efc4,8,5
65998224-304c-487e-b74e-5b0fd491ac6a,3,2
79131885-70ce-44ea-93e4-5b1abee3a03f,4,4
cd826b56-a233-4da4-99e0-1d3c133d9f1e,4,2
2b35f9d4-1a47-4470-9607-f8ea3fe745c4,6,1
ebed1708-abfa-4409-923b-506d6b68f930,6,4
136f0175-7c46-4b01-8d45-3fa96531b1ed,5,1
da9e9186-6419-416c-93e9-4a6c306b27a1,1,2
cae8ae2c-342d-4bff-99e0-fea638324977,1,2
6eec5a96-ae73-425e-befa-191e4d5cbe1b,2,3
f45ec9a3-bbf5-477d-9444-482487e77041,6,2
e8499b67-6dee-4c6f-8e8b-a69de8b9b19a,7,4
82fbfb43-a3d9-478e-9d4a-7495245de388,3,5
95ba36eb-8cb5-4858-abf4-7c9ac3759875,1,4
9962475a-3d51-42f8-aced-8d2a02fb2cc6,8,4
299e42fc-1a77-4ec1-955f-98cc52def2ad,4,3
c277cf98-752a-404a-bc5b-d76c73e2b985,7,5
6eec5a96-ae73-425e-befa-191e4d5cbe1b,5,4
42ccf585-dd0c-46c3-a0ba-b2cb87d8db0d,3,3
83e11eec-8548-498a-a8c4-25358499e304,8,4
7eccb3c5-c3c1-4b35-8d07-10663df019d8,5,3
1473b1b4-7b53-43ef-83db-4ae9cfc01de9,8,3
02cb4cb9-9f1f-4f96-95d5-55603612e0c4,3,2
d38efe4c-6376-4c49-abd7-05615e596927,6,4
14307f80-2ff0-4ccf-9ac8-73768a43edb2,3,3
748cdeed-45b9-4669-a604-7422b624bfc9,2,5
6a9e05e0-6ecb-44f6-9fbd-875485ae17f1,2,1
5bc98ff3-c916-413f-9feb-1ed2f25340ee,3,1
5809fd72-7c2f-46e9-8557-079802c7fe37,6,5
2f0008bb-df0a-4618-92e7-1c1807c61bc2,2,2
354514d6-9063-46a1-a172-303e01f7da15,8,1
e8fdb110-0d24-4479-b1d1-628c4b8f14aa,6,5
5809fd72-7c2f-46e9-8557-079802c7fe37,8,3
3d61ab95-9a43-4f36-9810-1a1c4aa7017a,2,4
601b2474-ca9f-4ce4-a6f1-7bc47f043c14,1,2
65c419df-399a-47c4-8a12-8bc2f5420303,7,3
cf9e412c-39d0-4516-abdd-11b9b93aa043,8,4
59e0a091-7dfe-4736-8278-137754372aee,8,5
b1860147-5f7f-46eb-be58-4c2827bd9ca0,1,1
5473eedb-246e-43d3-a75d-1ba18eea3e61,5,1
1a27a444-d299-4163-82f8-b3a90c110a64,1,3
41f20853-2cbd-4019-be35-1845ac4ccd7a,1,4
76867724-1b40-4e2d-922a-832e6ba0bd87,2,4
79131885-70ce-44ea-93e4-5b1abee3a03f,7,2
be974a0e-44b5-414b-a28b-2587cc78b9ba,2,5
ea4e9e41-de3c-4b8f-8dfd-bfed47a8e7e8,6,1
09792140-ae83-4355-ba2b-ca4f2d3ae1ff,7,3
9c0d379e-7d6f-4de5-9008-2a9093565420,4,3
d43574fa-9028-48d0-9546-5fe19c3a8539,6,3
c5ce634f-4e2a-42ec-8e39-1abf26fc473f,6,4
11ac13b8-96aa-4605-9fc6-cee20dad0c03,2,2
2527bed5-8eca-4f3c-abf0-2da346449e62,7,4
ab041485-03cb-4dbe-9583-c70a66accc18,3,2
db7b12eb-b044-488f-a0d7-ee6d8c1e954a,3,1
7587c800-cae3-418b-8b44-4ef324aac515,4,2
5f111c8c-080f-4984-8271-f69bd91d2c7c,7,1
8dee702a-b8a0-4c3e-877e-661d29f2f956,3,5
be974a0e-44b5-414b-a28b-2587cc78b9ba,6,1
c70b630a-43c0-46d2-bfa4-a50a21abf64d,1,3
d325de59-7de9-459c-bbdc-cf950833b4e7,2,1
cae8ae2c-342d-4bff-99e0-fea638324977,1,2
cff0ef0e-dbc8-48f4-887b-10f9195d2eb2,2,3
de4f38de-d825-44e2-9df9-0cb4e0aed32d,4,3
0bed7b45-dc4a-4c76-8cb2-0e54429d81fe,2,3
91580238-3a39-40ed-9478-d0919794b722,8,3
db350561-6652-470b-a1a8-393a9cbfcb31,8,4
eb372dd0-4dee-4143-9ffa-f77b15e4cfda,2,2
f239dfa2-c1a9-456c-b1d1-53c35c9a2c45,6,1
49559d45-a009-4bf0-b1f9-a6043f1db255,5,4
0f4430e6-d4f4-4bae-977b-31aea7c38bb5,6,3
65c419df-399a-47c4-8a12-8bc2f5420303,4,2
ebed1708-abfa-4409-923b-506d6b68f930,2,3
5f5fa9de-f4f0-4273-83ae-e1a43b68b1c9,3,4
f380e561-a1c6-4115-aaed-39a38567a4ef,6,3
485730b6-3a8b-446e-b87c-13cd6a9b04b2,5,5
94091979-2c32-46ac-a662-30b6614604ae,1,4
dc56ef20-80af-4fa6-b59f-97c8ff779e77,8,1
d0dc011b-3642-46c1-b87c-b404287938a7,5,1
3d8b2d1a-2611-4685-8387-e25afcb630d1,2,5
d431dd90-3250-46ca-818a-63cba036f2e7,3,5
b0792471-96fc-438f-9665-5c61d70d224f,4,2
0d03fe67-5744-4ac9-8eea-b8a1beae377a,7,5
bcc95c8d-e448-4101-adb4-ab441932fb01,8,4
a1322965-3e8e-4ba1-b32b-3e66d8aaf1aa,6,5
8b78d283-7b22-4943-875a-4fd887f0df4a,1,4
72998a78-4490-4f98-b7c7-9cc66b0e2a9d,5,5
80f30f3d-50d5-4b56-8c26-e17143ed1705,6,2
ad5aacb1-1258-4141-a048-222168d86665,1,2
20a79730-685f-4bc0-b157-97a6159a3e4a,5,3
b0304e32-8e6a-4663-81e8-dd085ea6a094,3,4
521f14ee-6431-4f22-bafb-44f4f885608a,1,2
8b29b7ba-b43d-404a-8cac-f3ab36697527,3,2
d4a6071f-0620-47c4-8fbb-bfe26c700427,5,5
601b2474-ca9f-4ce4-a6f1-7bc47f043c14,3,1
8f2a73b7-8608-4f1d-bb4c-becc41154c93,7,3
20a79730-685f-4bc0-b157-97a6159a3e4a,4,1
fcbc2a3d-1794-4393-ad8f-bfd5c0aafa84,4,1
5551ab32-ccfa-4862-b070-53da13cdf25b,2,2
7c0c73e3-47c9-492c-8825-c2f20681a20d,1,4
502e2c6e-6ede-4ac0-8f59-c4f537c4f4e4,2,5
86ce6dbe-84ed-4d7a-8242-ec133a16f6aa,5,1
f133352a-c208-4184-893c-d94f77832364,4,2
7c1161a6-c668-495a-88ef-b3c39710ebae,8,3
485730b6-3a8b-446e-b87c-13cd6a9b04b2,3,5
9146bcbf-06f9-49ba-ad37-adb7d4da1bd8,5,1
75eb52ce-c487-4e7d-b175-46a1cd1bcf13,2,4
824be8cc-93bc-494f-96a0-0aad9a062efe,5,2
9c0d379e-7d6f-4de5-9008-2a9093565420,5,2
5f5fa9de-f4f0-4273-83ae-e1a43b68b1c9,7,3
3315aaad-4075-4843-ae7a-fb90546368e3,6,5
aaae7f6e-0039-44b5-8fe6-12c32b114cdc,5,1
131e9dbb-b3c7-44da-b0d3-c69509feac95,5,1
0bb8ba07-2527-4e64-b6f1-251368ee790d,1,3
1afff7c2-4a95-4d58-b115-9fda4f35e863,2,4
bc580663-7742-44b6-a4ad-aebae505ce45,4,2
dee22f31-1f0a-44e0-98eb-f77b71522655,1,4
f9ea8cbf-8eec-4726-92ec-4177681e4ac0,8,4
83e11eec-8548-498a-a8c4-25358499e304,4,3
527921c0-94cb-41a4-acd3-7d6c2eb62edc,8,1
80f7dc64-fa96-436c-85de-1836a84476e1,4,4
f133352a-c208-4184-893c-d94f77832364,8,3
b2b71afe-2dbd-470b-97df-ceaf65f4f646,4,3
bcc95c8d-e448-4101-adb4-ab441932fb01,7,3
f7825bda-3cab-474d-b209-0b04dbbaf0d5,1,5
fdbcea21-a8ab-4e07-ba64-48effa7caa14,6,3
09792140-ae83-4355-ba2b-ca4f2d3ae1ff,8,1
7359a754-4c16-4aa3-84be-e1a78ebd865e,2,5
3ecf9cdb-68a5-4905-9c39-03188adab3a0,7,5
a895f401-366a-4151-ac10-88ccdb324361,4,5
de703f67-a498-43a4-8326-e8c0c4a84929,8,1
2edef0fe-4457-4453-b8dd-297f9fc2b8b1,6,3
6f1c374d-0169-4297-8035-9059042453af,7,3
b1fb2a8d-c215-4b0e-a4a9-64690c65d41e,1,1
b5621382-d382-45c4-a79e-66a8f3c25e69,2,1
0d6740a5-fd82-4f54-a30c-f740f06ab2f0,5,4
5bb02278-cde1-43b6-8a30-57a2435fb4fa,4,3
7c0c73e3-47c9-492c-8825-c2f20681a20d,6,1
46550531-44ce-48b8-9951-b57ae888cb95,2,4
be20dc27-c656-413f-b783-7bd3cc3b6337,1,1
6d256123-c9ec-4734-96e1-0d951f518425,5,1
1e65e76b-cd6e-47d3-a077-b252234056f5,3,2
efc5a7c4-4079-4059-8ffd-031fa12963af,2,2
24b6a707-6458-45a9-8b6b-c98ab45604ad,1,4
33951a63-098a-43ad-80ef-d669c6ff57ad,5,4
f02fcaf3-1bfb-4760-898b-455a6a659c46,6,1
ad5aacb1-1258-4141-a048-222168d86665,3,1
b170b3f5-9f02-4a57-8546-a6d4579f07f1,4,2
3e7587be-d554-49ba-8ffd-9f58e720ea28,3,1
e1038f88-632f-4d94-84c5-074136857488,8,2
c5ce634f-4e2a-42ec-8e39-1abf26fc473f,3,4
38388e9a-67b8-482a-9412-b472a4121bbf,6,5
cf67b923-fe9e-4106-bc9f-f076724f5d9b,4,4
ec581489-012a-431d-ba72-c024febb3431,6,2
f2445d90-9380-4a63-8caa-52b30a781b3f,7,2
eb3edd84-748e-4a7d-ab44-2c64b24fa817,5,2
4bd7a797-5e52-4617-8961-a36ed3d911fe,2,5
e2a84b9c-b16b-4c31-9ca8-c527c4697f01,2,3
1e65e76b-cd6e-47d3-a077-b252234056f5,6,4
b302fe5f-ba36-466e-b011-c2149aa6ca8b,2,3
accbb2e3-6ff5-4b57-b916-db30e0a886ce,2,2
aa10d914-d58e-49aa-83ec-67e6f731a700,5,3
9438e961-c11f-424e-b281-dea637616363,3,5
d508f789-3f29-4b5b-bdca-203b2f8b14bb,8,5
1c6c1e31-98d6-4cda-8551-4a27738c8cf9,6,1
f7825bda-3cab-474d-b209-0b04dbbaf0d5,4,1
379b3e0e-f8df-4258-82e7-63c2556fd46e,3,5
49559d45-a009-4bf0-b1f9-a6043f1db255,8,4
d325de59-7de9-459c-bbdc-cf950833b4e7,4,5
1638d862-b0ac-44dc-8daf-2bc9885f0f97,7,3
85d555c5-4a49-4ad4-a5b8-70200b667ccd,8,1
f41284ef-2c13-4b6a-accd-d2b1abc7ebbe,3,4
6259764a-64f8-49c0-a0e2-774d8b7c3291,7,2
272d3a6c-036d-4e0f-adac-1919e364a780,1,4
22e65ff5-55b1-46f0-911f-463a3d303382,6,2
17162a4f-13a1-46c3-8709-c44c5535c58f,3,3
eb3edd84-748e-4a7d-ab44-2c64b24fa817,7,2
f9393214-b695-4d56-a7ef-79301cbf5ce8,8,5
df4bd2c3-8ec2-494f-b432-d23f1acef02f,6,2
af20d113-4e67-4224-9702-67ad9a3ed152,4,3
89a2923f-83b4-4364-beb8-750c5bf14d3d,5,4
7c0c73e3-47c9-492c-8825-c2f20681a20d,6,5
509106f8-1de5-45a7-ae45-66d7b460fd63,5,3
d94cf087-8e42-4a43-a82d-bfce1f88e3e0,5,1
131e9dbb-b3c7-44da-b0d3-c69509feac95,7,3
bcc95c8d-e448-4101-adb4-ab441932fb01,3,3
0d03fe67-5744-4ac9-8eea-b8a1beae377a,7,2
b1fb2a8d-c215-4b0e-a4a9-64690c65d41e,8,1
ae851e1d-b980-46fc-9ac5-23ba947a1905,5,3
74536f68-b61c-4e73-a55d-49c71386b15b,8,1
14df3718-675b-4c94-a124-358292489803,1,1
17b2d46c-c771-4c42-b640-a9b1ad038cbe,8,5
ad5aacb1-1258-4141-a048-222168d86665,4,1
9c0d379e-7d6f-4de5-9008-2a9093565420,2,3
2ad072a6-cb05-4d16-b7e0-a8f29e38438c,2,1
6bf661e6-43ea-4569-9f32-67d35f76e335,3,5
fdbcea21-a8ab-4e07-ba64-48effa7caa14,1,3
ae851e1d-b980-46fc-9ac5-23ba947a1905,6,1
ad5aacb1-1258-4141-a048-222168d86665,1,1
8833b033-f522-4795-a22b-91ac9b3c0f2d,4,5
485730b6-3a8b-446e-b87c-13cd6a9b04b2,2,3
cf67b923-fe9e-4106-bc9f-f076724f5d9b,1,3
9fe5ad6a-a461-432a-906a-dc42cff3c376,3,4
3e772814-0c6b-4d76-87e3-62039b93fe09,2,5
dc56ef20-80af-4fa6-b59f-97c8ff779e77,1,3
db87c790-ab10-400a-b57a-fd6c26a4e616,6,5
b1fb2a8d-c215-4b0e-a4a9-64690c65d41e,5,3
c5ce634f-4e2a-42ec-8e39-1abf26fc473f,4,5
9cd85cae-b316-4fa8-bb41-852e1d83b67a,4,2
2775e2d5-a0ee-4567-b1c6-6814619c192b,5,3
215ec9d3-c849-42c1-ad5f-d000fe06743f,8,1
df4bd2c3-8ec2-494f-b432-d23f1acef02f,6,4
4d76e7f2-a7c7-48c3-89f4-cd1e6b5549fc,6,3
fec1f1f2-a145-40a3-b070-65f3a9b68c38,4,3
748cdeed-45b9-4669-a604-7422b624bfc9,3,5
c8568f7f-27f2-492b-a728-9d0504bc298a,3,5
3b638ed2-70e5-4813-802d-8460fa5e8c78,8,1
843880d8-5f49-4415-831a-c2480d5626bb,4,4
95519599-4d5c-40f1-9b2c-beb8878c1b20,5,2
e1038f88-632f-4d94-84c5-074136857488,4,4
21c8c06c-5ceb-44da-bfc4-a2f05784e414,5,3
0d6740a5-fd82-4f54-a30c-f740f06ab2f0,3,1
c40601dd-6c4a-4be8-9ef8-4bd26578b19e,7,3
748cdeed-45b9-4669-a604-7422b624bfc9,5,1
8a3536e8-fe61-403f-9d4d-b1897b3e4875,2,3
c2b03ddc-c734-485f-b1a2-b7faa7f54f24,8,5
49559d45-a009-4bf0-b1f9-a6043f1db255,2,4
b786b4bb-29f3-4cdd-ba9a-d1c24a8a4475,4,3
f2445d90-9380-4a63-8caa-52b30a781b3f,1,5
2f0008bb-df0a-4618-92e7-1c1807c61bc2,4,3
2527bed5-8eca-4f3c-abf0-2da346449e62,1,2
5f602ed3-afdf-4241-b859-d8ef2cd773e5,4,3
c70b630a-43c0-46d2-bfa4-a50a21abf64d,5,1
d4a6071f-0620-47c4-8fbb-bfe26c700427,7,2
8a0788f1-003d-4ce1-91df-eac8b190beaa,8,2
824be8cc-93bc-494f-96a0-0aad9a062efe,8,1
7308b59a-3db9-4508-90d4-94152ecb5f38,4,2
6c4a7fa8-30a7-4792-9e74-84a100844d05,7,1
83e11eec-8548-498a-a8c4-25358499e304,8,5
b8a0b331-7936-4e41-8c2a-b31a19e3185b,1,2
9146bcbf-06f9-49ba-ad37-adb7d4da1bd8,2,3
da6993c4-7f28-461c-8cda-818fa8d0f111,1,3
9438e961-c11f-424e-b281-dea637616363,6,4
d8f10011-a28e-4a27-9147-486106ae7997,4,4
ab9aed36-7a98-4bb5-a903-35273d4e1604,6,1
fd5b81b6-ba8c-4f04-973a-a037a1faa17d,3,1
d431dd90-3250-46ca-818a-63cba036f2e7,1,3
4e25f205-90da-4fba-9d48-8ca73f4dd875,7,4
79131885-70ce-44ea-93e4-5b1abee3a03f,8,5
919a0c51-12cf-4014-a85f-60f98c5052d7,5,4
db7b12eb-b044-488f-a0d7-ee6d8c1e954a,6,2
89106a07-9022-4ba4-a2a7-0cc432c0c2fb,1,5
3e2b2735-afed-49d9-98b4-631ca5b5a42f,1,3
7308b59a-3db9-4508-90d4-94152ecb5f38,2,1
49def278-c966-4fcb-b752-78cc37f4efc4,2,4
bb6876ea-0de4-4440-9c1f-e7a3a64d2379,5,5
9e32b74e-c3a9-4110-a453-f928e066d69a,2,5
14ec90b4-1b2a-4307-bcba-4ea815154074,3,2
ed5902a3-3486-4b91-82ce-be5890fe8ce6,6,4
9485f9be-e445-44df-9e2a-a24afd08107a,3,2
272d3a6c-036d-4e0f-adac-1919e364a780,5,1
fee6b6cd-206d-4983-8cfc-fc7d10b23f3e,6,3
1a27a444-d299-4163-82f8-b3a90c110a64,3,2
f1ee5055-93db-4dd8-b535-710ff512e7cc,6,5
69827ec1-5967-46a9-b9bc-94002c9b6130,8,3
59e0a091-7dfe-4736-8278-137754372aee,6,2
41f20853-2cbd-4019-be35-1845ac4ccd7a,5,2
6f1c374d-0169-4297-8035-9059042453af,3,5
950bc6a2-27f9-4f2f-a70b-db6b47dc7a9e,5,4
d325de59-7de9-459c-bbdc-cf950833b4e7,5,1
7f047424-3edd-4556-9e0f-e2732fe837a7,6,2
de703f67-a498-43a4-8326-e8c0c4a84929,8,2
ab9aed36-7a98-4bb5-a903-35273d4e1604,1,4
94091979-2c32-46ac-a662-30b6614604ae,6,4
75554ce3-d309-4a2e-a7ce-6dac2a03b401,5,1
714f5c85-b730-46f1-b3d5-254dbd246df7,6,2
bb6876ea-0de4-4440-9c1f-e7a3a64d2379,8,3
f3481941-93fc-4155-beda-3a4442acc56f,7,3
da6993c4-7f28-461c-8cda-818fa8d0f111,7,3
7c1161a6-c668-495a-88ef-b3c39710ebae,1,2
d60ebd81-d533-4019-ba44-2fa47b710e5f,6,4
7c1161a6-c668-495a-88ef-b3c39710ebae,4,5
f4eedbc8-e689-4f74-8893-b15e9e4b2410,8,3
6a9e05e0-6ecb-44f6-9fbd-875485ae17f1,5,3
4da99649-86f2-444c-9490-a659ca659503,4,3
9fe5ad6a-a461-432a-906a-dc42cff3c376,5,4
6eec5a96-ae73-425e-befa-191e4d5cbe1b,1,3
73ac3f88-9c1d-4eb4-a66b-d6ba863d40a0,6,1
6f1c374d-0169-4297-8035-9059042453af,5,3
4ebd0de8-7f9c-4b5a-aabc-8c5896ba6d8d,2,4
abdc8784-8530-4cc3-ad9f-474199cb6d0c,8,5
fdc3c52c-cdf9-4cf1-8a0c-a8ef6fe5280f,7,5
11841497-93e6-4f64-acb7-16dd51054794,3,2
843880d8-5f49-4415-831a-c2480d5626bb,6,2
12b9f4e3-2d49-43b1-8d53-06c31205e26c,1,1
80b88138-8c69-4fd3-8764-78770f3864fb,5,4
0b7eda3b-3995-47d3-9ef6-44abde7b6c8b,1,3
49def278-c966-4fcb-b752-78cc37f4efc4,5,5
de9ed400-731d-42e9-a5a9-fc65f1d61eb4,3,2
509106f8-1de5-45a7-ae45-66d7b460fd63,1,5
41930f58-ea40-4201-82f3-bd92392c1a20,4,3
e2a84b9c-b16b-4c31-9ca8-c527c4697f01,2,3
77579e0b-bcb5-4744-b497-66126c0583b0,2,3
76bd6e26-a3ef-4c3d-ad34-ba063bf2723b,5,4
a10da21c-e07c-492d-80f4-814d3621274d,1,1
ddde3b2d-5494-4404-b2da-552b11adeab3,2,5
e61ac59c-8a9e-48c8-8285-304015e8d500,3,2
4da99649-86f2-444c-9490-a659ca659503,5,3
557c1227-c741-4207-8196-a608cfb8b1fb,8,1
87d20729-ed36-4a48-98b2-e0df579c7485,3,2
f239dfa2-c1a9-456c-b1d1-53c35c9a2c45,7,1
927abb95-6e03-48f6-a04e-67a3553966fc,2,3
8dee702a-b8a0-4c3e-877e-661d29f2f956,6,5
502e2c6e-6ede-4ac0-8f59-c4f537c4f4e4,7,4
b1860147-5f7f-46eb-be58-4c2827bd9ca0,8,5
24ad2d03-ee28-49ef-a9f6-cd57510b71a4,6,4
ad6cbf32-dcb9-4ef5-9dec-8b8332e7fcb6,7,3
59274e34-58e0-48ba-8d40-2bc36c2d42cd,1,1
1c6c1e31-98d6-4cda-8551-4a27738c8cf9,5,5
a54b516d-a7c8-43ab-bd86-7919ee65b9c1,1,2
b2b71afe-2dbd-470b-97df-ceaf65f4f646,4,3
a94c7d96-4334-46ef-95b2-6cf03fa32b22,6,4
bf71b356-fdfa-47d9-b713-69da0a644da6,8,4
7bb18f93-b96a-4414-a41f-ecc33a617b4d,8,5
96d0037e-d811-477a-88bb-0f9233bf24ac,2,2
0667d4dd-23c3-411b-a1de-66bb7b4ca584,2,2
6c4a7fa8-30a7-4792-9e74-84a100844d05,1,4
522b2720-02d3-4491-b7b2-7ca20c2e98e5,3,4
4a48cf89-33a1-414c-8252-8925f66661e9,4,5
837480f4-6342-4695-b5f6-15dd6a7ba30b,8,1
72998a78-4490-4f98-b7c7-9cc66b0e2a9d,7,1
5435b9ee-9b23-4527-adb9-b985e3e50973,2,4
fcbc2a3d-1794-4393-ad8f-bfd5c0aafa84,3,4
503dbaac-b4ab-41a0-9aa4-8eb743898d44,3,2
354514d6-9063-46a1-a172-303e01f7da15,3,4
7c7ab1cb-3256-4a61-8831-92521e8cf64e,5,4
22e65ff5-55b1-46f0-911f-463a3d303382,2,4
59274e34-58e0-48ba-8d40-2bc36c2d42cd,3,1
e8fdb110-0d24-4479-b1d1-628c4b8f14aa,8,4
dea3bf90-be95-4060-9d61-6d341a678869,2,4
812cbb85-8970-42b7-95f0-c59278724dcf,1,2
3764a8c6-a041-41e1-bd77-596064304c4e,6,4
e9053313-ce82-41b4-92fc-82fb6c5a7173,8,2
3dc23e04-0d73-4189-9e56-e35261b1e660,1,2
7359a754-4c16-4aa3-84be-e1a78ebd865e,7,5
0f1ab389-80a1-404f-ab9c-6e76c82f076f,4,2
9962475a-3d51-42f8-aced-8d2a02fb2cc6,6,2
4e25f205-90da-4fba-9d48-8ca73f4dd875,4,1
16affd88-4c44-4652-8837-f0135d26708e,3,4
1473b1b4-7b53-43ef-83db-4ae9cfc01de9,1,4
3764a8c6-a041-41e1-bd77-596064304c4e,8,2
24ad2d03-ee28-49ef-a9f6-cd57510b71a4,4,3
e73e5fd1-f3e8-493d-ac20-24bb98893cda,6,3
2775e2d5-a0ee-4567-b1c6-6814619c192b,3,4
f9ea8cbf-8eec-4726-92ec-4177681e4ac0,6,2
c61c644b-a433-4e68-9975-5b23e4fcfdf0,8,1
c70b630a-43c0-46d2-bfa4-a50a21abf64d,8,2
1e65e76b-cd6e-47d3-a077-b252234056f5,5,5
aaae7f6e-0039-44b5-8fe6-12c32b114cdc,5,1
b6f9a779-412c-4f21-8073-13381bf31490,6,1
a9a44362-f695-4504-8f8d-df3bff52245c,3,5
65d09708-6e4c-48c4-b356-34c9b27a6aed,5,3
0fe57a41-c44c-49c7-b68e-1350c5146b37,6,3
98694b0e-0047-4aac-81fc-0ba9792d396f,4,4
350e89e0-310e-418e-85b2-0c2bdc89d77f,3,1
70b65cc2-599a-43fd-8b9c-901af3f159d7,4,1
8b68c453-3e11-44ec-87cc-ec43839eaf15,3,1
3764a8c6-a041-41e1-bd77-596064304c4e,4,1
272d3a6c-036d-4e0f-adac-1919e364a780,1,1
f2de8650-c29e-429d-9fb1-526ef634b9e2,6,5
7c7ab1cb-3256-4a61-8831-92521e8cf64e,3,2
0d0f869c-e883-4eba-abd7-19e2f32c5df2,8,4
83e11eec-8548-498a-a8c4-25358499e304,5,3
c8568f7f-27f2-492b-a728-9d0504bc298a,4,1
9fa205c4-58af-4e4a-919d-3f55c9839103,3,1
0a69011e-236d-4e37-ba47-c854557ea6f3,8,5
4be03c30-12e2-4603-b040-53aed32f1212,7,4
9962475a-3d51-42f8-aced-8d2a02fb2cc6,2,5
c5ca0a5d-6cf8-4728-9225-1d0ee8af00c6,6,2
49b4454f-4780-49af-b201-e3e96c19610a,1,2
69b2dab0-c64b-48d4-b300-9c6f86d792c6,6,5
1c6c1e31-98d6-4cda-8551-4a27738c8cf9,8,3
beacdeb4-6610-4685-bc5b-f2e0896fdfbf,3,5
1473b1b4-7b53-43ef-83db-4ae9cfc01de9,6,5
3764a8c6-a041-41e1-bd77-596064304c4e,7,3
21c8c06c-5ceb-44da-bfc4-a2f05784e414,5,1
701fe40b-7627-4bd2-bece-e4c45cdd4274,8,5
0d0fa739-0bc2-49d2-b39c-f6ab2bc325c7,3,1
80300b2e-dc7a-484f-a5b9-ed898aacbd1f,1,5
dd26665e-ebb9-4f36-92e2-52ef650c15a7,5,2
ab9aed36-7a98-4bb5-a903-35273d4e1604,3,2
4be03c30-12e2-4603-b040-53aed32f1212,6,3
d094d9ed-1ad2-42bd-bba5-c6705d2bcd36,6,1
d3b2bcb7-1325-49ce-9e7d-900a5c0bf7b3,4,4
4ebd0de8-7f9c-4b5a-aabc-8c5896ba6d8d,8,5
c5ca0a5d-6cf8-4728-9225-1d0ee8af00c6,4,2
96d0037e-d811-477a-88bb-0f9233bf24ac,2,4
34b36a73-313f-45da-9cc5-c6437242f3f8,8,4
4e442815-1b6b-4e25-915f-43fbb93ae9a7,5,5
fdc3c52c-cdf9-4cf1-8a0c-a8ef6fe5280f,1,1
d438e5d0-6275-4aa7-80d9-951dcd626eaa,4,2
e5332626-0afe-4b39-bcbc-d5c53d4a3b7c,8,5
7474214c-2866-4120-8cdb-ace25ba9f342,4,3
d3b2bcb7-1325-49ce-9e7d-900a5c0bf7b3,6,3
7587c800-cae3-418b-8b44-4ef324aac515,1,5
42796ce1-1e2f-4d79-9986-25d5d3f6d788,7,3
9e8f5f29-0d56-4531-a529-dbc1705ac8ee,7,1
9485f9be-e445-44df-9e2a-a24afd08107a,6,2
14307f80-2ff0-4ccf-9ac8-73768a43edb2,4,5
e73e5fd1-f3e8-493d-ac20-24bb98893cda,1,1
b302fe5f-ba36-466e-b011-c2149aa6ca8b,6,5
9fa205c4-58af-4e4a-919d-3f55c9839103,8,3
215ec9d3-c849-42c1-ad5f-d000fe06743f,6,2
1ae2b794-a338-450c-baed-87d0beb801c7,8,1
52468e2c-22a5-40eb-8aba-278cf9828c46,3,2
86ce6dbe-84ed-4d7a-8242-ec133a16f6aa,3,2
0f1ab389-80a1-404f-ab9c-6e76c82f076f,2,2
503dbaac-b4ab-41a0-9aa4-8eb743898d44,4,2
bc580663-7742-44b6-a4ad-aebae505ce45,7,5
09792140-ae83-4355-ba2b-ca4f2d3ae1ff,3,2
7117a310-631b-4f03-b27e-f5f635c4993c,2,4
a9a44362-f695-4504-8f8d-df3bff52245c,3,3
89a2923f-83b4-4364-beb8-750c5bf14d3d,5,2
cc73f1c9-9c0e-46bb-a498-93ad5367d884,1,5
e61ac59c-8a9e-48c8-8285-304015e8d500,1,2
0a69011e-236d-4e37-ba47-c854557ea6f3,8,5
1ec5720d-3cd2-4331-8459-74466690eced,7,3
9c24bc24-67d0-4e47-b72b-de15b63b090d,3,3
a895f401-366a-4151-ac10-88ccdb324361,1,3
dc367d7e-795b-4178-a3ef-0bc87f967813,8,4
80b88138-8c69-4fd3-8764-78770f3864fb,8,5
5857ba10-4e37-4927-b96f-c528c633e92d,4,4
fee6b6cd-206d-4983-8cfc-fc7d10b23f3e,2,4
d94cf087-8e42-4a43-a82d-bfce1f88e3e0,4,1
bb17cd64-20bb-4ebb-855c-bf9089a134f1,5,2
65c419df-399a-47c4-8a12-8bc2f5420303,5,1
181fe116-d9f0-41c8-aaf0-aeaa277c3342,5,1
5f602ed3-afdf-4241-b859-d8ef2cd773e5,8,5
c04b7278-0ad9-40b1-94f0-4087be369233,8,3
1c6c1e31-98d6-4cda-8551-4a27738c8cf9,1,5
a8085580-7cec-4c18-8008-8243de438ed4,8,1
4ae35964-2989-4540-8579-477a0892fd96,8,3
4e25f205-90da-4fba-9d48-8ca73f4dd875,1,3
9eab5f38-feea-4456-a9b1-f5be4187cf36,3,2
0985c89f-ae92-4660-adc2-f06b907bc993,6,3
f45ec9a3-bbf5-477d-9444-482487e77041,3,4
00d6765b-5869-42ec-a2e0-2644cffb90bc,2,2
32d498c9-f1ee-44f3-b5b3-b609c5ed0ab3,1,5
b8a0b331-7936-4e41-8c2a-b31a19e3185b,6,3
2f0008bb-df0a-4618-92e7-1c1807c61bc2,4,1
b786b4bb-29f3-4cdd-ba9a-d1c24a8a4475,6,3
a0ca7c4a-7f10-429c-8b5c-ff5d1dbd2a3e,6,5
c15ca881-6382-4580-9e8e-5129af57b5ab,4,3
98694b0e-0047-4aac-81fc-0ba9792d396f,8,5
7522f1ce-b7cb-4cf8-90a6-aad523c41fae,2,1
9c24bc24-67d0-4e47-b72b-de15b63b090d,3,3
ea4e9e41-de3c-4b8f-8dfd-bfed47a8e7e8,5,1
d3b1f2ed-979f-4e9b-81e7-38d57e71c53c,5,1
c17dfd17-d741-49c8-8353-5915117b8598,7,3
83e11eec-8548-498a-a8c4-25358499e304,6,2
22e65ff5-55b1-46f0-911f-463a3d303382,5,1
7bb18f93-b96a-4414-a41f-ecc33a617b4d,1,5
9e32b74e-c3a9-4110-a453-f928e066d69a,6,4
d4a6071f-0620-47c4-8fbb-bfe26c700427,3,1
ca33e48c-a56f-466e-b4f2-9d28cc52374f,1,1
12b9f4e3-2d49-43b1-8d53-06c31205e26c,6,4
f2988164-159d-4ce7-a792-588348621796,6,5
0bed7b45-dc4a-4c76-8cb2-0e54429d81fe,3,1
6bb4497a-933a-4c9c-b18e-53067839345c,3,4
ad41e33b-ce78-4944-9eb2-1e682e654c99,7,2
d0dc011b-3642-46c1-b87c-b404287938a7,6,2
2d3c56e6-8ddd-41f2-9d22-f19e1b49df7e,6,3
272d3a6c-036d-4e0f-adac-1919e364a780,7,5
76867724-1b40-4e2d-922a-832e6ba0bd87,5,4
7bdf5639-725a-4828-b6c3-5b5cc736cc13,6,2
0985c89f-ae92-4660-adc2-f06b907bc993,8,5
78e687b2-f0a7-45cc-96bf-85ab965afae7,5,1
1473b1b4-7b53-43ef-83db-4ae9cfc01de9,3,3
def69d73-412a-471b-9611-a0bb14707e74,1,3
503dbaac-b4ab-41a0-9aa4-8eb743898d44,6,2
ea4e9e41-de3c-4b8f-8dfd-bfed47a8e7e8,2,3
d3b1f2ed-979f-4e9b-81e7-38d57e71c53c,6,2
87f6ea6e-0f19-4306-87ac-6465f6707dc1,1,3
1a2dbdbc-24c6-4111-a5fe-c32216f87b7f,3,5
89106a07-9022-4ba4-a2a7-0cc432c0c2fb,7,1
6c4a7fa8-30a7-4792-9e74-84a100844d05,4,1
5857ba10-4e37-4927-b96f-c528c633e92d,3,2
78e687b2-f0a7-45cc-96bf-85ab965afae7,8,3
ec581489-012a-431d-ba72-c024febb3431,8,4
312ebb67-cdc9-49b1-a85c-2d72560a3a39,6,3
d3b2bcb7-1325-49ce-9e7d-900a5c0bf7b3,3,4
16bacc1e-6a6d-454f-837f-d4f0525989f7,2,4
312ebb67-cdc9-49b1-a85c-2d72560a3a39,2,1
78c6184e-c6d2-429d-80f3-9f0606c918f5,2,3
705511dc-7267-496e-869f-2fc3c619b3f0,1,1
8833b033-f522-4795-a22b-91ac9b3c0f2d,6,2
69b2dab0-c64b-48d4-b300-9c6f86d792c6,2,3
69827ec1-5967-46a9-b9bc-94002c9b6130,7,4
0fe57a41-c44c-49c7-b68e-1350c5146b37,4,3
d0dc011b-3642-46c1-b87c-b404287938a7,7,5
0fe57a41-c44c-49c7-b68e-1350c5146b37,1,1
33951a63-098a-43ad-80ef-d669c6ff57ad,8,1
73ac3f88-9c1d-4eb4-a66b-d6ba863d40a0,7,3
117b5761-bbc6-4a83-be07-5bc58718b81f,7,3
b2b71afe-2dbd-470b-97df-ceaf65f4f646,2,4
b5621382-d382-45c4-a79e-66a8f3c25e69,6,1
9e578d52-76e4-4099-a491-3fd455fcbbad,1,1
c70b630a-43c0-46d2-bfa4-a50a21abf64d,2,5
8833b033-f522-4795-a22b-91ac9b3c0f2d,7,3
6c4a7fa8-30a7-4792-9e74-84a100844d05,4,4
cf67b923-fe9e-4106-bc9f-f076724f5d9b,1,4
d38efe4c-6376-4c49-abd7-05615e596927,5,2
c70b630a-43c0-46d2-bfa4-a50a21abf64d,7,2
4360e285-b926-4d65-bb3b-fffb6e92805e,7,2
0f1ab389-80a1-404f-ab9c-6e76c82f076f,6,4
0d03fe67-5744-4ac9-8eea-b8a1beae377a,8,1
ddde3b2d-5494-4404-b2da-552b11adeab3,8,1
7522f1ce-b7cb-4cf8-90a6-aad523c41fae,5,2
f55ec886-bbfc-426b-a14f-49095ef75e6c,4,3
3197655f-d60f-4932-8dd2-479ea7cc301e,7,1
29c0e22e-8ed8-40c2-ab1b-f6352dc55293,4,1
046f0254-4f60-4b61-9792-11c68b85c780,1,4
ae851e1d-b980-46fc-9ac5-23ba947a1905,3,3
fe2956cc-0861-4fb8-b1b3-039c6551626d,4,3
9438e961-c11f-424e-b281-dea637616363,6,4
b3986dd0-5076-4c6d-8a0e-d6d3a1b13dbb,1,2
a94c7d96-4334-46ef-95b2-6cf03fa32b22,5,4
3783e310-5af0-4f54-bfca-70714ad2de06,6,2
9e8f5f29-0d56-4531-a529-dbc1705ac8ee,4,1
ebfe58ea-96bb-402f-9bd1-dbde57b33831,5,5
f2d007a4-a98f-404e-94f6-13d2d8daf146,8,3
ad5aacb1-1258-4141-a048-222168d86665,6,5
f7deea27-815c-4e4f-9bfd-c2648fd9f482,5,5
9cd85cae-b316-4fa8-bb41-852e1d83b67a,2,3
c5293ffa-e6a8-422c-860e-f9f364a9684a,1,4
75554ce3-d309-4a2e-a7ce-6dac2a03b401,8,2
f0459210-8d92-4c58-9c11-2ff974688c2a,4,4
f16dd342-11cc-4b68-ac4e-f2a5cb97865b,5,1
80f7dc64-fa96-436c-85de-1836a84476e1,8,3
a68f478c-71c1-4c88-8f22-fc6cb7e60328,5,2
92bf8fd9-dba9-41aa-88c8-f83088a1cba3,5,5
5bc98ff3-c916-413f-9feb-1ed2f25340ee,5,5
1ae2b794-a338-450c-baed-87d0beb801c7,3,2
ed5902a3-3486-4b91-82ce-be5890fe8ce6,5,2
1e5d1a8d-3c94-490d-b042-0038e32e5a48,5,1
4a48cf89-33a1-414c-8252-8925f66661e9,8,5
9e32b74e-c3a9-4110-a453-f928e066d69a,1,2
f2d007a4-a98f-404e-94f6-13d2d8daf146,7,2
96d0037e-d811-477a-88bb-0f9233bf24ac,5,5
dea3bf90-be95-4060-9d61-6d341a678869,8,4
8a3536e8-fe61-403f-9d4d-b1897b3e4875,7,4
6c4a7fa8-30a7-4792-9e74-84a100844d05,2,1
fdbcea21-a8ab-4e07-ba64-48effa7caa14,1,4
dee22f31-1f0a-44e0-98eb-f77b71522655,4,4
fee6b6cd-206d-4983-8cfc-fc7d10b23f3e,1,2
f2445d90-9380-4a63-8caa-52b30a781b3f,2,2
70b65cc2-599a-43fd-8b9c-901af3f159d7,7,2
3783e310-5af0-4f54-bfca-70714ad2de06,4,3
e943af72-0777-4bdd-ac90-09b7c7518c2a,4,3
9146bcbf-06f9-49ba-ad37-adb7d4da1bd8,4,3
b2b71afe-2dbd-470b-97df-ceaf65f4f646,6,4
5e8def39-5e9b-421b-818e-324d458f4c2b,5,3
f02fcaf3-1bfb-4760-898b-455a6a659c46,2,2
cff0ef0e-dbc8-48f4-887b-10f9195d2eb2,1,5
75cd2b71-2cc5-464d-8ceb-c28c960dca09,8,5
70f0bc7d-2e5b-4060-8fd4-a863704e5c6b,8,4
d38efe4c-6376-4c49-abd7-05615e596927,4,1
b453dce4-20a3-473f-b9c9-d5e3b6a1c653,4,1
f2445d90-9380-4a63-8caa-52b30a781b3f,2,1
17162a4f-13a1-46c3-8709-c44c5535c58f,6,2
62bff47b-56d4-4240-b2f7-0a3dc36ffa9a,4,4
22e65ff5-55b1-46f0-911f-463a3d303382,8,2
ddde3b2d-5494-4404-b2da-552b11adeab3,6,1
d68fc38e-52ff-46f5-9ba0-caa2f344443f,6,2
5bc98ff3-c916-413f-9feb-1ed2f25340ee,2,5
8dee702a-b8a0-4c3e-877e-661d29f2f956,1,2
3e772814-0c6b-4d76-87e3-62039b93fe09,8,5
89106a07-9022-4ba4-a2a7-0cc432c0c2fb,3,1
3a2f5b8a-04af-43a4-8691-f204582209a1,4,1
3197655f-d60f-4932-8dd2-479ea7cc301e,8,4
86ce6dbe-84ed-4d7a-8242-ec133a16f6aa,5,2
d747b107-0eab-40bd-bac2-e55b7bf04e01,6,1
42ccf585-dd0c-46c3-a0ba-b2cb87d8db0d,2,3
78b70da9-504a-496b-9589-b094670a7fa6,3,5
41930f58-ea40-4201-82f3-bd92392c1a20,3,4
b170b3f5-9f02-4a57-8546-a6d4579f07f1,2,2
8b78d283-7b22-4943-875a-4fd887f0df4a,5,3
d1ab6654-efe9-40bb-8a71-b6ad526dd553,7,2
136f0175-7c46-4b01-8d45-3fa96531b1ed,7,1
9e8f5f29-0d56-4531-a529-dbc1705ac8ee,2,5
26b9b6c9-8b69-4d1a-8597-56d5b5fdb4f5,2,4
eb372dd0-4dee-4143-9ffa-f77b15e4cfda,8,2
dee22f31-1f0a-44e0-98eb-f77b71522655,7,5
2775e2d5-a0ee-4567-b1c6-6814619c192b,4,5
8b68c453-3e11-44ec-87cc-ec43839eaf15,2,3
bc580663-7742-44b6-a4ad-aebae505ce45,7,5
812cbb85-8970-42b7-95f0-c59278724dcf,3,1
a68f478c-71c1-4c88-8f22-fc6cb7e60328,2,4
d325de59-7de9-459c-bbdc-cf950833b4e7,8,1
3197655f-d60f-4932-8dd2-479ea7cc301e,3,1
6c4a7fa8-30a7-4792-9e74-84a100844d05,2,2
1c6c1e31-98d6-4cda-8551-4a27738c8cf9,8,1
65998224-304c-487e-b74e-5b0fd491ac6a,5,2
2ad072a6-cb05-4d16-b7e0-a8f29e38438c,4,3
3783e310-5af0-4f54-bfca-70714ad2de06,6,2
fee6b6cd-206d-4983-8cfc-fc7d10b23f3e,6,5
3e772814-0c6b-4d76-87e3-62039b93fe09,3,5
73ac3f88-9c1d-4eb4-a66b-d6ba863d40a0,8,4
69827ec1-5967-46a9-b9bc-94002c9b6130,6,4
843880d8-5f49-4415-831a-c2480d5626bb,6,3
5473eedb-246e-43d3-a75d-1ba18eea3e61,4,4
befbeab7-c2c9-45c4-9da4-174971e7c42c,1,5
74886263-48b4-4ec3-bb0c-5f968573fffe,4,5
b453dce4-20a3-473f-b9c9-d5e3b6a1c653,4,3
0b7eda3b-3995-47d3-9ef6-44abde7b6c8b,3,5
131e9dbb-b3c7-44da-b0d3-c69509feac95,3,5
46550531-44ce-48b8-9951-b57ae888cb95,6,4
3dc23e04-0d73-4189-9e56-e35261b1e660,4,2
42796ce1-1e2f-4d79-9986-25d5d3f6d788,8,2
89a2923f-83b4-4364-beb8-750c5bf14d3d,1,5
9c24bc24-67d0-4e47-b72b-de15b63b090d,4,3
0d0fa739-0bc2-49d2-b39c-f6ab2bc325c7,1,4
df82bfa3-a665-4654-9336-5fc10c991d44,2,1
35861add-1e55-4e0a-bd49-0b83b9f37d08,4,5
d0dc011b-3642-46c1-b87c-b404287938a7,2,4
6a9e05e0-6ecb-44f6-9fbd-875485ae17f1,7,2
272d3a6c-036d-4e0f-adac-1919e364a780,4,1
046f0254-4f60-4b61-9792-11c68b85c780,5,3
f1bd9dcc-a11a-4955-8332-d831cbeacf62,5,4
8dee702a-b8a0-4c3e-877e-661d29f2f956,5,1
59e0a091-7dfe-4736-8278-137754372aee,7,2
31fe553c-7bbb-45bb-ba32-df3c9e7a77aa,1,5
4da99649-86f2-444c-9490-a659ca659503,2,4
b2b71afe-2dbd-470b-97df-ceaf65f4f646,7,4
4ca70073-8c35-4320-a2ae-8b476f61dbd6,3,3
7587c800-cae3-418b-8b44-4ef324aac515,4,1
fee6b6cd-206d-4983-8cfc-fc7d10b23f3e,7,2
4be03c30-12e2-4603-b040-53aed32f1212,5,4
eb3edd84-748e-4a7d-ab44-2c64b24fa817,3,2
2775e2d5-a0ee-4567-b1c6-6814619c192b,2,3
d094d9ed-1ad2-42bd-bba5-c6705d2bcd36,8,2
0b9319f6-b857-42aa-89df-9ebed2b8b342,2,4
3b2af6d5-54be-4298-ab03-c57bbb5c2746,1,1
d0dc011b-3642-46c1-b87c-b404287938a7,2,4
7f755b48-f7cd-4218-82f9-bf24b526731a,4,5
3a2d65b5-5117-4c85-a85c-d64995f231cf,8,2
f3481941-93fc-4155-beda-3a4442acc56f,5,3
bf0156f5-d81d-40e8-a4da-4bb803fc4fbc,7,1
7474214c-2866-4120-8cdb-ace25ba9f342,8,4
4e442815-1b6b-4e25-915f-43fbb93ae9a7,3,2
e8a1e449-bda1-46c8-9e69-d63f4c2800d7,8,3
2527bed5-8eca-4f3c-abf0-2da346449e62,2,4
4ebd0de8-7f9c-4b5a-aabc-8c5896ba6d8d,2,1
a1322965-3e8e-4ba1-b32b-3e66d8aaf1aa,3,5
41f20853-2cbd-4019-be35-1845ac4ccd7a,8,1
69b2dab0-c64b-48d4-b300-9c6f86d792c6,5,2
6465f949-afc1-429d-bcf7-168b5d1fde9b,7,3
3197655f-d60f-4932-8dd2-479ea7cc301e,1,4
da6993c4-7f28-461c-8cda-818fa8d0f111,5,1
8209b506-0173-4121-94e0-781b70454be3,4,5
14f8d984-5ee0-409f-9a00-ad5f29dd0a90,7,1
21c8c06c-5ceb-44da-bfc4-a2f05784e414,6,5
be9a33c0-2daa-40bd-b638-b9d2f69512f3,2,2
671a20d2-46d3-4ded-80d2-fcc162cbb551,6,4
59274e34-58e0-48ba-8d40-2bc36c2d42cd,8,4
c61c644b-a433-4e68-9975-5b23e4fcfdf0,8,4
30b0c8fb-dc7f-4cb5-93ca-7eb2e8825595,7,2
95ba36eb-8cb5-4858-abf4-7c9ac3759875,6,4
6bb4497a-933a-4c9c-b18e-53067839345c,3,4
bee72ceb-fc83-46d6-8441-1c0be7a3256d,6,5
8a3536e8-fe61-403f-9d4d-b1897b3e4875,6,2
892fa026-295d-448c-8985-81a81ed35376,5,3
7fe871eb-46c0-457b-a93f-a859b475713c,6,4
0bed7b45-dc4a-4c76-8cb2-0e54429d81fe,6,3
de4f38de-d825-44e2-9df9-0cb4e0aed32d,6,5
4360e285-b926-4d65-bb3b-fffb6e92805e,7,5
503dbaac-b4ab-41a0-9aa4-8eb743898d44,4,5
f4eedbc8-e689-4f74-8893-b15e9e4b2410,7,1
80300b2e-dc7a-484f-a5b9-ed898aacbd1f,6,4
5857ba10-4e37-4927-b96f-c528c633e92d,7,2
4e442815-1b6b-4e25-915f-43fbb93ae9a7,2,4
24ad2d03-ee28-49ef-a9f6-cd57510b71a4,8,4
1e65e76b-cd6e-47d3-a077-b252234056f5,1,2
e8a1e449-bda1-46c8-9e69-d63f4c2800d7,2,1
fee6b6cd-206d-4983-8cfc-fc7d10b23f3e,8,1
d0dc011b-3642-46c1-b87c-b404287938a7,5,4
14f8d984-5ee0-409f-9a00-ad5f29dd0a90,3,1
ec186ff0-a5f8-41c1-8175-161e1a42cbac,6,5
eb372dd0-4dee-4143-9ffa-f77b15e4cfda,6,5
77579e0b-bcb5-4744-b497-66126c0583b0,8,4
d1ab6654-efe9-40bb-8a71-b6ad526dd553,8,2
be9a33c0-2daa-40bd-b638-b9d2f69512f3,7,3
a7fdd847-ebcc-4bca-9149-78d6159a612a,3,4
4d76e7f2-a7c7-48c3-89f4-cd1e6b5549fc,2,3
d2dfc993-0547-4aa6-ae25-182a1b287703,3,4
5549dfd6-f45c-4fec-8889-035b4875a1f8,8,1
b0304e32-8e6a-4663-81e8-dd085ea6a094,3,4
98694b0e-0047-4aac-81fc-0ba9792d396f,5,1
49def278-c966-4fcb-b752-78cc37f4efc4,1,3
59f23c24-6dae-4e01-98d4-74ef65835544,4,5
131e9dbb-b3c7-44da-b0d3-c69509feac95,8,3
de703f67-a498-43a4-8326-e8c0c4a84929,7,5
0df067ef-28bc-4ea4-b9bc-fc37b30db486,5,3
a0ca7c4a-7f10-429c-8b5c-ff5d1dbd2a3e,4,5
6faca8b2-e2ee-4413-ae52-7ed488dc2453,5,2
12b9f4e3-2d49-43b1-8d53-06c31205e26c,8,2
7f047424-3edd-4556-9e0f-e2732fe837a7,3,3
da9e9186-6419-416c-93e9-4a6c306b27a1,2,1
db87c790-ab10-400a-b57a-fd6c26a4e616,4,1
136aacbe-3dfe-470d-b73c-88241d4c1a2b,3,4
11ac13b8-96aa-4605-9fc6-cee20dad0c03,6,5
70f0bc7d-2e5b-4060-8fd4-a863704e5c6b,1,5
0d0fa739-0bc2-49d2-b39c-f6ab2bc325c7,2,5
df82bfa3-a665-4654-9336-5fc10c991d44,3,4
e5332626-0afe-4b39-bcbc-d5c53d4a3b7c,5,1
4da99649-86f2-444c-9490-a659ca659503,1,5
be20dc27-c656-413f-b783-7bd3cc3b6337,8,1
db87c790-ab10-400a-b57a-fd6c26a4e616,6,1
9c0d379e-7d6f-4de5-9008-2a9093565420,5,2
14df3718-675b-4c94-a124-358292489803,3,4
312ebb67-cdc9-49b1-a85c-2d72560a3a39,1,4
2edef0fe-4457-4453-b8dd-297f9fc2b8b1,7,1
41f20853-2cbd-4019-be35-1845ac4ccd7a,4,2
3391c5cb-49aa-4054-a5d0-352342f0a431,8,1
facc8f90-ad8f-4997-ab98-e7cb370648f1,7,3
42ccf585-dd0c-46c3-a0ba-b2cb87d8db0d,7,3
0b9319f6-b857-42aa-89df-9ebed2b8b342,6,2
d2dfc993-0547-4aa6-ae25-182a1b287703,2,3
a0336512-098d-416a-87c9-83a9670fc31d,7,1
9c0d379e-7d6f-4de5-9008-2a9093565420,5,2
42796ce1-1e2f-4d79-9986-25d5d3f6d788,3,2
812cbb85-8970-42b7-95f0-c59278724dcf,7,5
c5a1e07f-8740-4432-bd3d-1ddb2fbafe4d,3,2
d2dfc993-0547-4aa6-ae25-182a1b287703,1,3
e3635e2e-74b1-43b7-a140-cb3568981830,8,3
0d0f869c-e883-4eba-abd7-19e2f32c5df2,8,2
95667df6-dd3b-4e83-822e-ac93807f9f29,5,5
da9e9186-6419-416c-93e9-4a6c306b27a1,6,4
87d20729-ed36-4a48-98b2-e0df579c7485,8,5
9e32b74e-c3a9-4110-a453-f928e066d69a,8,1
9962475a-3d51-42f8-aced-8d2a02fb2cc6,7,2
53776362-0a67-43fc-89a2-f83745a4cd08,5,5
aaae7f6e-0039-44b5-8fe6-12c32b114cdc,5,3
beacdeb4-6610-4685-bc5b-f2e0896fdfbf,8,1
8a410f60-9286-4653-8743-d5fd36a6bfd3,5,1
a7fdd847-ebcc-4bca-9149-78d6159a612a,2,1
ff9379c7-1d2c-46f1-ad6c-bb168d91962b,2,5
837480f4-6342-4695-b5f6-15dd6a7ba30b,7,3
181fe116-d9f0-41c8-aaf0-aeaa277c3342,3,1
3e2b2735-afed-49d9-98b4-631ca5b5a42f,8,5
74886263-48b4-4ec3-bb0c-5f968573fffe,4,5
1ec5720d-3cd2-4331-8459-74466690eced,3,4
d508f789-3f29-4b5b-bdca-203b2f8b14bb,3,2
5d0fddaf-6289-4103-98df-49e33edb022e,4,4
7eccb3c5-c3c1-4b35-8d07-10663df019d8,3,2
a54b516d-a7c8-43ab-bd86-7919ee65b9c1,2,3
1a21c26a-2a6e-466d-8fe1-dc55e742813e,2,4
65c419df-399a-47c4-8a12-8bc2f5420303,6,5
748cdeed-45b9-4669-a604-7422b624bfc9,6,5
83e11eec-8548-498a-a8c4-25358499e304,4,1
181fe116-d9f0-41c8-aaf0-aeaa277c3342,6,3
6259764a-64f8-49c0-a0e2-774d8b7c3291,7,1
12eeb7f3-961a-4896-a476-6016f69fadf3,5,5
4be03c30-12e2-4603-b040-53aed32f1212,3,2
a8085580-7cec-4c18-8008-8243de438ed4,6,2
53776362-0a67-43fc-89a2-f83745a4cd08,4,4
7d0de6a5-106f-4c8e-b63a-01ae3cb1fa59,7,1
14673edf-41cb-48f3-b371-f9856c0268e5,7,2
1c743b7f-53bf-4637-a516-dd604295fa5f,5,2
0d0f869c-e883-4eba-abd7-19e2f32c5df2,3,1
be974a0e-44b5-414b-a28b-2587cc78b9ba,7,1
0d0fa739-0bc2-49d2-b39c-f6ab2bc325c7,6,4
59f23c24-6dae-4e01-98d4-74ef65835544,3,3
136aacbe-3dfe-470d-b73c-88241d4c1a2b,2,2
f7825bda-3cab-474d-b209-0b04dbbaf0d5,4,5
b1860147-5f7f-46eb-be58-4c2827bd9ca0,2,4
a94c7d96-4334-46ef-95b2-6cf03fa32b22,8,3
0b9319f6-b857-42aa-89df-9ebed2b8b342,5,4
7c1161a6-c668-495a-88ef-b3c39710ebae,4,1
f239dfa2-c1a9-456c-b1d1-53c35c9a2c45,6,5
8dee702a-b8a0-4c3e-877e-661d29f2f956,4,1
b0792471-96fc-438f-9665-5c61d70d224f,1,1
3315aaad-4075-4843-ae7a-fb90546368e3,5,3
136aacbe-3dfe-470d-b73c-88241d4c1a2b,4,4
350e89e0-310e-418e-85b2-0c2bdc89d77f,8,1
9eab5f38-feea-4456-a9b1-f5be4187cf36,6,5
f41284ef-2c13-4b6a-accd-d2b1abc7ebbe,8,3
4e25f205-90da-4fba-9d48-8ca73f4dd875,1,3
ad6cbf32-dcb9-4ef5-9dec-8b8332e7fcb6,1,3
db350561-6652-470b-a1a8-393a9cbfcb31,2,2
9eab5f38-feea-4456-a9b1-f5be4187cf36,6,4
c5293ffa-e6a8-422c-860e-f9f364a9684a,4,4
5551ab32-ccfa-4862-b070-53da13cdf25b,1,1
95667df6-dd3b-4e83-822e-ac93807f9f29,7,1
9962475a-3d51-42f8-aced-8d2a02fb2cc6,4,1
87d1e3c8-cbae-472b-a6c0-0422ae36ba55,1,3
ca07f546-0bc7-41e2-8ec6-8bbc304b45c2,4,2
e73fc1a3-bcfd-4ccb-a3b5-47a2b3f5130d,2,3
3a2f5b8a-04af-43a4-8691-f204582209a1,6,2
299e42fc-1a77-4ec1-955f-98cc52def2ad,7,3
89a2923f-83b4-4364-beb8-750c5bf14d3d,5,3
ac0ba32b-72da-4fe7-b056-61c9702fe357,3,3
21c384ce-ceac-448a-9a7f-5eac87ad7ef3,7,1
6d46c77f-ea1c-4386-a16a-e3819b8ab25d,2,2
837480f4-6342-4695-b5f6-15dd6a7ba30b,2,2
bb059108-d9f7-4568-993f-4c83d41277cf,1,3
3b2af6d5-54be-4298-ab03-c57bbb5c2746,4,1
c40601dd-6c4a-4be8-9ef8-4bd26578b19e,4,4
df4bd2c3-8ec2-494f-b432-d23f1acef02f,1,4
4abbb01d-1a62-4a17-853a-33492647572f,6,5
db7b12eb-b044-488f-a0d7-ee6d8c1e954a,8,5
ae44378f-daf2-4abe-8d9b-3006ea82278e,7,5
8ccd139e-74ae-4a8f-a705-32614246111d,1,5
7bdf5639-725a-4828-b6c3-5b5cc736cc13,7,3
1b273b83-b990-4bcd-924b-a9dbdd6e673f,3,2
73ac3f88-9c1d-4eb4-a66b-d6ba863d40a0,5,2
f2988164-159d-4ce7-a792-588348621796,5,1
cd2bd085-f73d-4dbb-a9a9-1a9b7cac5347,4,4
59e0a091-7dfe-4736-8278-137754372aee,2,4
12eeb7f3-961a-4896-a476-6016f69fadf3,3,2
79131885-70ce-44ea-93e4-5b1abee3a03f,4,2
8ccd139e-74ae-4a8f-a705-32614246111d,1,5
eb3edd84-748e-4a7d-ab44-2c64b24fa817,3,2
00d6765b-5869-42ec-a2e0-2644cffb90bc,5,5
ae44378f-daf2-4abe-8d9b-3006ea82278e,8,1
4ebd0de8-7f9c-4b5a-aabc-8c5896ba6d8d,7,5
f133352a-c208-4184-893c-d94f77832364,7,4
812cbb85-8970-42b7-95f0-c59278724dcf,2,4
6e8c7926-b6c7-4410-b136-99d4a12631e7,6,3
012ffcf9-7c26-45ee-a185-81e6f2be6fa3,5,3
db87c790-ab10-400a-b57a-fd6c26a4e616,6,3
701fe40b-7627-4bd2-bece-e4c45cdd4274,6,5
dc367d7e-795b-4178-a3ef-0bc87f967813,3,4
f507112d-c095-4469-b7fb-bc5316f4d88c,1,3
8f2a73b7-8608-4f1d-bb4c-becc41154c93,7,5
6557201d-2ab0-42e9-9aa7-fbae2644128e,8,3
2527bed5-8eca-4f3c-abf0-2da346449e62,3,2
4abbb01d-1a62-4a17-853a-33492647572f,5,2
d8f10011-a28e-4a27-9147-486106ae7997,4,2
d3b1f2ed-979f-4e9b-81e7-38d57e71c53c,1,4
49def278-c966-4fcb-b752-78cc37f4efc4,4,4
c15ca881-6382-4580-9e8e-5129af57b5ab,6,3
87d1e3c8-cbae-472b-a6c0-0422ae36ba55,3,4
65c419df-399a-47c4-8a12-8bc2f5420303,4,4
7d0de6a5-106f-4c8e-b63a-01ae3cb1fa59,6,1
8b78d283-7b22-4943-875a-4fd887f0df4a,6,4
bee72ceb-fc83-46d6-8441-1c0be7a3256d,6,1
0d0f869c-e883-4eba-abd7-19e2f32c5df2,8,3
4e25f205-90da-4fba-9d48-8ca73f4dd875,1,1
e1038f88-632f-4d94-84c5-074136857488,5,5
b0304e32-8e6a-4663-81e8-dd085ea6a094,2,5
7308b59a-3db9-4508-90d4-94152ecb5f38,5,2
fec1f1f2-a145-40a3-b070-65f3a9b68c38,6,1
b2b71afe-2dbd-470b-97df-ceaf65f4f646,7,3
e73e5fd1-f3e8-493d-ac20-24bb98893cda,1,3
714f5c85-b730-46f1-b3d5-254dbd246df7,5,2
cff0ef0e-dbc8-48f4-887b-10f9195d2eb2,1,3
fee6b6cd-206d-4983-8cfc-fc7d10b23f3e,2,1
a7fdd847-ebcc-4bca-9149-78d6159a612a,8,1
dc56ef20-80af-4fa6-b59f-97c8ff779e77,1,3
efc5a7c4-4079-4059-8ffd-031fa12963af,5,4
dba448b1-3abd-4595-a13b-84747d435283,1,5
f2d007a4-a98f-404e-94f6-13d2d8daf146,1,1
beacdeb4-6610-4685-bc5b-f2e0896fdfbf,8,5
59e0a091-7dfe-4736-8278-137754372aee,1,3
5809fd72-7c2f-46e9-8557-079802c7fe37,2,2
42ccf585-dd0c-46c3-a0ba-b2cb87d8db0d,3,4
4ca70073-8c35-4320-a2ae-8b476f61dbd6,3,1
b302fe5f-ba36-466e-b011-c2149aa6ca8b,1,1
d43574fa-9028-48d0-9546-5fe19c3a8539,8,2
f2de8650-c29e-429d-9fb1-526ef634b9e2,4,2
8209b506-0173-4121-94e0-781b70454be3,7,5
136aacbe-3dfe-470d-b73c-88241d4c1a2b,4,4
3ecf9cdb-68a5-4905-9c39-03188adab3a0,6,3
0667d4dd-23c3-411b-a1de-66bb7b4ca584,4,3
5809fd72-7c2f-46e9-8557-079802c7fe37,8,4
59f23c24-6dae-4e01-98d4-74ef65835544,5,3
00d6765b-5869-42ec-a2e0-2644cffb90bc,4,4
14896234-b762-455f-993b-c4cc973022c2,4,4
ae44378f-daf2-4abe-8d9b-3006ea82278e,8,1
41930f58-ea40-4201-82f3-bd92392c1a20,3,3
5d1a7669-f1e6-494b-a6aa-b3e534726a38,5,5
bf1c6c36-3209-4991-be12-eb67f7a49772,6,1
131e9dbb-b3c7-44da-b0d3-c69509feac95,2,4
6d46c77f-ea1c-4386-a16a-e3819b8ab25d,1,2
d4a24be6-6865-423e-b2d7-e2457e6435db,7,4
bb17cd64-20bb-4ebb-855c-bf9089a134f1,5,5
da9e9186-6419-416c-93e9-4a6c306b27a1,7,3
cc73f1c9-9c0e-46bb-a498-93ad5367d884,5,2
8dee702a-b8a0-4c3e-877e-661d29f2f956,4,4
f2de8650-c29e-429d-9fb1-526ef634b9e2,1,1
0fe57a41-c44c-49c7-b68e-1350c5146b37,5,1
f1c4b801-09b2-4fcc-96a7-b111e6c66cf2,1,1
77579e0b-bcb5-4744-b497-66126c0583b0,6,5
bed28d1c-9cc8-4791-9a10-fe7c76630f99,1,4
c40601dd-6c4a-4be8-9ef8-4bd26578b19e,6,1
ead49453-8632-44fe-befc-4bbf5357c1a8,5,1
965fa1ff-7479-4e71-a63f-bc0ac2f6f9fb,8,4
950bc6a2-27f9-4f2f-a70b-db6b47dc7a9e,4,2
22e65ff5-55b1-46f0-911f-463a3d303382,8,5
22e65ff5-55b1-46f0-911f-463a3d303382,7,2
6557201d-2ab0-42e9-9aa7-fbae2644128e,1,5
0ee9fefc-f0e7-45e8-8d7c-b0859712a9b1,5,5
c5293ffa-e6a8-422c-860e-f9f364a9684a,6,3
f1bd9dcc-a11a-4955-8332-d831cbeacf62,6,3
714f5c85-b730-46f1-b3d5-254dbd246df7,4,4
09792140-ae83-4355-ba2b-ca4f2d3ae1ff,1,1
14307f80-2ff0-4ccf-9ac8-73768a43edb2,6,1
f2445d90-9380-4a63-8caa-52b30a781b3f,3,2
4da99649-86f2-444c-9490-a659ca659503,7,1
813ace58-438d-4f1e-9460-a4c8c6bf65a2,5,4
12eeb7f3-961a-4896-a476-6016f69fadf3,8,1
6d301c97-f982-4711-bfa8-25b164247f2c,3,1
31eb328f-0573-43ce-8829-1e934298127d,4,3
70f0bc7d-2e5b-4060-8fd4-a863704e5c6b,4,1
4bd7a797-5e52-4617-8961-a36ed3d911fe,7,3
ebfe58ea-96bb-402f-9bd1-dbde57b33831,5,3
f55057f9-dca0-495e-bd23-079856854556,4,1
a10da21c-e07c-492d-80f4-814d3621274d,5,1
24ad2d03-ee28-49ef-a9f6-cd57510b71a4,5,5
31eb328f-0573-43ce-8829-1e934298127d,8,3
b5621382-d382-45c4-a79e-66a8f3c25e69,6,5
2775e2d5-a0ee-4567-b1c6-6814619c192b,1,1
215ec9d3-c849-42c1-ad5f-d000fe06743f,8,2
272d3a6c-036d-4e0f-adac-1919e364a780,5,5
70b65cc2-599a-43fd-8b9c-901af3f159d7,2,1
fd5b81b6-ba8c-4f04-973a-a037a1faa17d,2,5
f3481941-93fc-4155-beda-3a4442acc56f,7,4
4360e285-b926-4d65-bb3b-fffb6e92805e,4,4
7f047424-3edd-4556-9e0f-e2732fe837a7,3,4
ff9379c7-1d2c-46f1-ad6c-bb168d91962b,5,2
cd2bd085-f73d-4dbb-a9a9-1a9b7cac5347,6,5
d431dd90-3250-46ca-818a-63cba036f2e7,6,1
78b70da9-504a-496b-9589-b094670a7fa6,2,3
7fe871eb-46c0-457b-a93f-a859b475713c,5,5
7c1161a6-c668-495a-88ef-b3c39710ebae,3,2
d38efe4c-6376-4c49-abd7-05615e596927,5,4
e9053313-ce82-41b4-92fc-82fb6c5a7173,2,3
b453dce4-20a3-473f-b9c9-d5e3b6a1c653,4,4
f55ec886-bbfc-426b-a14f-49095ef75e6c,4,2
3dc23e04-0d73-4189-9e56-e35261b1e660,7,3
12f9fde1-756d-43e0-a54d-9225f26771c1,6,3
a895f401-366a-4151-ac10-88ccdb324361,8,1
ac0ba32b-72da-4fe7-b056-61c9702fe357,5,3
09792140-ae83-4355-ba2b-ca4f2d3ae1ff,7,5
6e8c7926-b6c7-4410-b136-99d4a12631e7,6,2
1c743b7f-53bf-4637-a516-dd604295fa5f,1,3
41930f58-ea40-4201-82f3-bd92392c1a20,6,1
0f4430e6-d4f4-4bae-977b-31aea7c38bb5,6,2
4ebd0de8-7f9c-4b5a-aabc-8c5896ba6d8d,6,3
0e421a50-2a09-47a6-a911-dd9fb4262d05,4,2
d0dc011b-3642-46c1-b87c-b404287938a7,4,2
42796ce1-1e2f-4d79-9986-25d5d3f6d788,5,1
8a0788f1-003d-4ce1-91df-eac8b190beaa,4,4
52e02583-ecb4-41c0-9179-e54102aa8e44,1,5
14896234-b762-455f-993b-c4cc973022c2,7,1
5bc98ff3-c916-413f-9feb-1ed2f25340ee,6,4
11ac13b8-96aa-4605-9fc6-cee20dad0c03,8,2
8b78d283-7b22-4943-875a-4fd887f0df4a,3,3
52e02583-ecb4-41c0-9179-e54102aa8e44,7,3
75630d5c-9fe9-46bc-95cf-6733795df118,5,4
dc367d7e-795b-4178-a3ef-0bc87f967813,5,2
ee72719a-0315-4700-9da1-10621c382730,5,3
fcbc2a3d-1794-4393-ad8f-bfd5c0aafa84,2,5
6bf661e6-43ea-4569-9f32-67d35f76e335,1,4
fcbc2a3d-1794-4393-ad8f-bfd5c0aafa84,1,4
d094d9ed-1ad2-42bd-bba5-c6705d2bcd36,2,5
8b68c453-3e11-44ec-87cc-ec43839eaf15,5,2
c5a1e07f-8740-4432-bd3d-1ddb2fbafe4d,4,4
9962475a-3d51-42f8-aced-8d2a02fb2cc6,1,1
ed5902a3-3486-4b91-82ce-be5890fe8ce6,1,2
ab9aed36-7a98-4bb5-a903-35273d4e1604,2,1
671a20d2-46d3-4ded-80d2-fcc162cbb551,8,5
76bd6e26-a3ef-4c3d-ad34-ba063bf2723b,2,5
7bdf5639-725a-4828-b6c3-5b5cc736cc13,2,4
892fa026-295d-448c-8985-81a81ed35376,1,3
0b0f4258-695a-4a3b-9b40-b0a8fd166995,6,1
b170b3f5-9f02-4a57-8546-a6d4579f07f1,6,2
d508f789-3f29-4b5b-bdca-203b2f8b14bb,8,3
95ba36eb-8cb5-4858-abf4-7c9ac3759875,5,5
502e2c6e-6ede-4ac0-8f59-c4f537c4f4e4,2,2
d3b2bcb7-1325-49ce-9e7d-900a5c0bf7b3,4,5
3a2d65b5-5117-4c85-a85c-d64995f231cf,7,1
41f4cbfd-4eec-4720-a1b7-f55e4a444bc5,3,5
136f0175-7c46-4b01-8d45-3fa96531b1ed,8,3
f2445d90-9380-4a63-8caa-52b30a781b3f,2,4
a9a44362-f695-4504-8f8d-df3bff52245c,6,3
5e5fa0ef-e149-41c5-8d7b-efff307c183a,2,3
7522f1ce-b7cb-4cf8-90a6-aad523c41fae,7,3
ec186ff0-a5f8-41c1-8175-161e1a42cbac,4,4
da9e9186-6419-416c-93e9-4a6c306b27a1,5,3
d325de59-7de9-459c-bbdc-cf950833b4e7,4,1
22e65ff5-55b1-46f0-911f-463a3d303382,5,1
41f20853-2cbd-4019-be35-1845ac4ccd7a,4,3
60821f6f-6701-4c01-8938-6951cc125fa5,7,4
be9a33c0-2daa-40bd-b638-b9d2f69512f3,6,3
bdf86742-eafd-44dd-a653-b94c29b1cb24,1,1
5747dff7-1e11-44cf-84b8-b8f15ff87bc1,2,1
ac0ba32b-72da-4fe7-b056-61c9702fe357,3,4
6faca8b2-e2ee-4413-ae52-7ed488dc2453,5,5
1b273b83-b990-4bcd-924b-a9dbdd6e673f,3,2
c2b03ddc-c734-485f-b1a2-b7faa7f54f24,1,1
502e2c6e-6ede-4ac0-8f59-c4f537c4f4e4,6,1
8ccd139e-74ae-4a8f-a705-32614246111d,5,1
f55057f9-dca0-495e-bd23-079856854556,5,4
354514d6-9063-46a1-a172-303e01f7da15,7,2
bdf86742-eafd-44dd-a653-b94c29b1cb24,2,5
ed5902a3-3486-4b91-82ce-be5890fe8ce6,1,1
0d6740a5-fd82-4f54-a30c-f740f06ab2f0,1,3
d7d558b9-ac49-49af-86b1-9cd70420661b,1,3
813c09ec-98ce-4f5c-807a-b2d21d9a60c8,3,1
75eb52ce-c487-4e7d-b175-46a1cd1bcf13,2,4
b1860147-5f7f-46eb-be58-4c2827bd9ca0,2,3
52468e2c-22a5-40eb-8aba-278cf9828c46,4,5
c5a1e07f-8740-4432-bd3d-1ddb2fbafe4d,3,4
ddde3b2d-5494-4404-b2da-552b11adeab3,4,4
9eab5f38-feea-4456-a9b1-f5be4187cf36,5,3
136f0175-7c46-4b01-8d45-3fa96531b1ed,8,3
93067f1c-a402-4b8f-b01d-16b4aa347dcb,6,1
f2988164-159d-4ce7-a792-588348621796,3,3
9fe5ad6a-a461-432a-906a-dc42cff3c376,4,5
8dee702a-b8a0-4c3e-877e-661d29f2f956,5,2
5435b9ee-9b23-4527-adb9-b985e3e50973,1,3
80f30f3d-50d5-4b56-8c26-e17143ed1705,6,4
35861add-1e55-4e0a-bd49-0b83b9f37d08,4,5
befbeab7-c2c9-45c4-9da4-174971e7c42c,3,1
75554ce3-d309-4a2e-a7ce-6dac2a03b401,1,3
ac0ba32b-72da-4fe7-b056-61c9702fe357,1,2
76867724-1b40-4e2d-922a-832e6ba0bd87,7,2
53776362-0a67-43fc-89a2-f83745a4cd08,2,3
2bcf3840-1ec6-4ed5-b645-47af1bd5aace,5,2
120d5bd7-607f-4720-be3d-2c3e38f16f7e,7,1
a8085580-7cec-4c18-8008-8243de438ed4,8,2
3764a8c6-a041-41e1-bd77-596064304c4e,1,4
f02fcaf3-1bfb-4760-898b-455a6a659c46,6,2
d747b107-0eab-40bd-bac2-e55b7bf04e01,2,3
4e442815-1b6b-4e25-915f-43fbb93ae9a7,1,4
6d46c77f-ea1c-4386-a16a-e3819b8ab25d,8,3
6c4a7fa8-30a7-4792-9e74-84a100844d05,8,2
6b902e38-da9d-422f-9012-20969a541b55,2,5
f1ee5055-93db-4dd8-b535-710ff512e7cc,5,5
0d6740a5-fd82-4f54-a30c-f740f06ab2f0,3,4
5f111c8c-080f-4984-8271-f69bd91d2c7c,5,1
d88bd785-df55-4d02-95ff-cc79ee4448d4,6,2
4e442815-1b6b-4e25-915f-43fbb93ae9a7,3,1
4360e285-b926-4d65-bb3b-fffb6e92805e,2,4
9c0d379e-7d6f-4de5-9008-2a9093565420,4,4
0d03fe67-5744-4ac9-8eea-b8a1beae377a,2,2
78c6184e-c6d2-429d-80f3-9f0606c918f5,4,5
87d1e3c8-cbae-472b-a6c0-0422ae36ba55,3,5
69b2dab0-c64b-48d4-b300-9c6f86d792c6,4,4
a68f478c-71c1-4c88-8f22-fc6cb7e60328,8,4
3783e310-5af0-4f54-bfca-70714ad2de06,8,2
232564f9-76cd-4fb4-9ea3-4b81bfbfe935,4,2
b5621382-d382-45c4-a79e-66a8f3c25e69,1,3
4be03c30-12e2-4603-b040-53aed32f1212,4,3
80300b2e-dc7a-484f-a5b9-ed898aacbd1f,3,3
6d46c77f-ea1c-4386-a16a-e3819b8ab25d,1,1
49def278-c966-4fcb-b752-78cc37f4efc4,6,2
00d6765b-5869-42ec-a2e0-2644cffb90bc,5,3
95519599-4d5c-40f1-9b2c-beb8878c1b20,8,4
bf01a388-949c-4f95-895d-7684b5cab6a5,5,2
4a48cf89-33a1-414c-8252-8925f66661e9,3,5
350e89e0-310e-418e-85b2-0c2bdc89d77f,6,2
f1bd9dcc-a11a-4955-8332-d831cbeacf62,3,1
8ccd139e-74ae-4a8f-a705-32614246111d,4,2
8a410f60-9286-4653-8743-d5fd36a6bfd3,8,5
892fa026-295d-448c-8985-81a81ed35376,7,5
3197655f-d60f-4932-8dd2-479ea7cc301e,8,3
f55057f9-dca0-495e-bd23-079856854556,2,3
1afff7c2-4a95-4d58-b115-9fda4f35e863,4,2
0df067ef-28bc-4ea4-b9bc-fc37b30db486,8,2
5f5fa9de-f4f0-4273-83ae-e1a43b68b1c9,5,3
e9053313-ce82-41b4-92fc-82fb6c5a7173,1,3
b3986dd0-5076-4c6d-8a0e-d6d3a1b13dbb,4,2
a54b516d-a7c8-43ab-bd86-7919ee65b9c1,6,1
312ebb67-cdc9-49b1-a85c-2d72560a3a39,4,1
181fe116-d9f0-41c8-aaf0-aeaa277c3342,2,2
ec581489-012a-431d-ba72-c024febb3431,3,2
3ae2e443-728b-4705-86c9-71f2a1ea79ef,7,5
705511dc-7267-496e-869f-2fc3c619b3f0,2,3
f6494464-5e7f-49d7-b990-8ddbfb9464e2,6,4
bee72ceb-fc83-46d6-8441-1c0be7a3256d,8,2
98694b0e-0047-4aac-81fc-0ba9792d396f,3,1
65c419df-399a-47c4-8a12-8bc2f5420303,4,4
6cb03bd9-fce6-4a25-8303-e017364052ae,7,4
fdbcea21-a8ab-4e07-ba64-48effa7caa14,8,3
c17dfd17-d741-49c8-8353-5915117b8598,8,2
5857ba10-4e37-4927-b96f-c528c633e92d,2,5
4da99649-86f2-444c-9490-a659ca659503,6,3
92bf8fd9-dba9-41aa-88c8-f83088a1cba3,5,2
8dee702a-b8a0-4c3e-877e-661d29f2f956,5,1
59f23c24-6dae-4e01-98d4-74ef65835544,6,4
120d5bd7-607f-4720-be3d-2c3e38f16f7e,8,5
24b6a707-6458-45a9-8b6b-c98ab45604ad,3,5
e8fdb110-0d24-4479-b1d1-628c4b8f14aa,5,4
16bacc1e-6a6d-454f-837f-d4f0525989f7,7,2
557c1227-c741-4207-8196-a608cfb8b1fb,7,4
0a69011e-236d-4e37-ba47-c854557ea6f3,1,1
8a3536e8-fe61-403f-9d4d-b1897b3e4875,3,1
f6494464-5e7f-49d7-b990-8ddbfb9464e2,6,3
75cd2b71-2cc5-464d-8ceb-c28c960dca09,6,1
75630d5c-9fe9-46bc-95cf-6733795df118,4,5
38388e9a-67b8-482a-9412-b472a4121bbf,7,2
73ac3f88-9c1d-4eb4-a66b-d6ba863d40a0,7,2
0f1ab389-80a1-404f-ab9c-6e76c82f076f,6,4
0d6740a5-fd82-4f54-a30c-f740f06ab2f0,1,1
21c384ce-ceac-448a-9a7f-5eac87ad7ef3,5,1
f16dd342-11cc-4b68-ac4e-f2a5cb97865b,3,4
86ce6dbe-84ed-4d7a-8242-ec133a16f6aa,4,4
beacdeb4-6610-4685-bc5b-f2e0896fdfbf,3,5
fd5b81b6-ba8c-4f04-973a-a037a1faa17d,1,4
5d0fddaf-6289-4103-98df-49e33edb022e,2,2
3a2f5b8a-04af-43a4-8691-f204582209a1,1,3
41f20853-2cbd-4019-be35-1845ac4ccd7a,1,5
012ffcf9-7c26-45ee-a185-81e6f2be6fa3,6,3
a94c7d96-4334-46ef-95b2-6cf03fa32b22,3,5
5e8def39-5e9b-421b-818e-324d458f4c2b,7,4
299e42fc-1a77-4ec1-955f-98cc52def2ad,3,1
f3481941-93fc-4155-beda-3a4442acc56f,6,3
a7fdd847-ebcc-4bca-9149-78d6159a612a,7,4
35861add-1e55-4e0a-bd49-0b83b9f37d08,3,4
32d498c9-f1ee-44f3-b5b3-b609c5ed0ab3,1,5
b170b3f5-9f02-4a57-8546-a6d4579f07f1,3,1
eb372dd0-4dee-4143-9ffa-f77b15e4cfda,5,1
6465f949-afc1-429d-bcf7-168b5d1fde9b,1,1
c04b7278-0ad9-40b1-94f0-4087be369233,3,1
671a20d2-46d3-4ded-80d2-fcc162cbb551,6,3
5f602ed3-afdf-4241-b859-d8ef2cd773e5,7,5
76867724-1b40-4e2d-922a-832e6ba0bd87,6,3
22e65ff5-55b1-46f0-911f-463a3d303382,7,1
bc580663-7742-44b6-a4ad-aebae505ce45,6,2
f16dd342-11cc-4b68-ac4e-f2a5cb97865b,8,1
59f23c24-6dae-4e01-98d4-74ef65835544,4,4
33951a63-098a-43ad-80ef-d669c6ff57ad,7,5
be20dc27-c656-413f-b783-7bd3cc3b6337,8,3
2d609413-6e29-4d46-81b7-39936fd9e380,6,4
78c6184e-c6d2-429d-80f3-9f0606c918f5,6,1
7d0de6a5-106f-4c8e-b63a-01ae3cb1fa59,1,3
d4a24be6-6865-423e-b2d7-e2457e6435db,4,3
f45ec9a3-bbf5-477d-9444-482487e77041,4,3
26b9b6c9-8b69-4d1a-8597-56d5b5fdb4f5,1,4
1e5d1a8d-3c94-490d-b042-0038e32e5a48,3,1
0d03fe67-5744-4ac9-8eea-b8a1beae377a,8,3
74536f68-b61c-4e73-a55d-49c71386b15b,2,2
be974a0e-44b5-414b-a28b-2587cc78b9ba,5,4
f133352a-c208-4184-893c-d94f77832364,7,2
6f1c374d-0169-4297-8035-9059042453af,8,5
57923f56-03c5-4191-b421-3643cd4c440e,4,1
e5332626-0afe-4b39-bcbc-d5c53d4a3b7c,7,3
df4bd2c3-8ec2-494f-b432-d23f1acef02f,4,2
78c6184e-c6d2-429d-80f3-9f0606c918f5,6,3
17b2d46c-c771-4c42-b640-a9b1ad038cbe,1,2
de703f67-a498-43a4-8326-e8c0c4a84929,5,2
9c24bc24-67d0-4e47-b72b-de15b63b090d,6,2
cff0ef0e-dbc8-48f4-887b-10f9195d2eb2,5,2
0e421a50-2a09-47a6-a911-dd9fb4262d05,4,5
d94cf087-8e42-4a43-a82d-bfce1f88e3e0,2,3
1c743b7f-53bf-4637-a516-dd604295fa5f,4,1
f2d007a4-a98f-404e-94f6-13d2d8daf146,2,1
35861add-1e55-4e0a-bd49-0b83b9f37d08,8,1
d3b1f2ed-979f-4e9b-81e7-38d57e71c53c,7,4
5809fd72-7c2f-46e9-8557-079802c7fe37,3,5
26b9b6c9-8b69-4d1a-8597-56d5b5fdb4f5,4,4
b5621382-d382-45c4-a79e-66a8f3c25e69,2,4
6eec5a96-ae73-425e-befa-191e4d5cbe1b,8,2
f7deea27-815c-4e4f-9bfd-c2648fd9f482,5,4
29c0e22e-8ed8-40c2-ab1b-f6352dc55293,6,3
73fea0b7-da5d-4631-9e14-f96e0be3abc2,2,3
ced9ed9b-a26d-47fa-ba67-b203e45a0df7,1,4
7c1161a6-c668-495a-88ef-b3c39710ebae,7,2
fcf6ac87-aec0-4216-9c4d-f44c4bd1f385,2,3
bb6876ea-0de4-4440-9c1f-e7a3a64d2379,2,1
227fc989-90e4-439f-887a-ebff68e3abcd,7,4
0f4430e6-d4f4-4bae-977b-31aea7c38bb5,6,2
2d609413-6e29-4d46-81b7-39936fd9e380,2,1
e73fc1a3-bcfd-4ccb-a3b5-47a2b3f5130d,3,2
85d555c5-4a49-4ad4-a5b8-70200b667ccd,1,3
e23f9fdc-f8c7-4b95-b445-a15c1dfd1b79,7,2
7d0de6a5-106f-4c8e-b63a-01ae3cb1fa59,1,3
80f7dc64-fa96-436c-85de-1836a84476e1,4,1
0bb8ba07-2527-4e64-b6f1-251368ee790d,4,1
4be03c30-12e2-4603-b040-53aed32f1212,2,3
8833b033-f522-4795-a22b-91ac9b3c0f2d,6,5
a10da21c-e07c-492d-80f4-814d3621274d,7,1
9e578d52-76e4-4099-a491-3fd455fcbbad,4,5
3b2af6d5-54be-4298-ab03-c57bbb5c2746,4,1
75cd2b71-2cc5-464d-8ceb-c28c960dca09,2,3
fcf6ac87-aec0-4216-9c4d-f44c4bd1f385,2,2
4afdea9a-e65a-4d19-8f06-0bc7ed893664,3,5
7474214c-2866-4120-8cdb-ace25ba9f342,7,1
7117a310-631b-4f03-b27e-f5f635c4993c,5,3
980ff33c-c03c-433c-a4b6-9cd92769bd06,5,2
3391c5cb-49aa-4054-a5d0-352342f0a431,6,3
ae44378f-daf2-4abe-8d9b-3006ea82278e,7,4
85d555c5-4a49-4ad4-a5b8-70200b667ccd,2,2
701fe40b-7627-4bd2-bece-e4c45cdd4274,2,5
de4f38de-d825-44e2-9df9-0cb4e0aed32d,8,3
33951a63-098a-43ad-80ef-d669c6ff57ad,5,5
86ce6dbe-84ed-4d7a-8242-ec133a16f6aa,6,1
9438e961-c11f-424e-b281-dea637616363,7,1
befbeab7-c2c9-45c4-9da4-174971e7c42c,5,4
e3635e2e-74b1-43b7-a140-cb3568981830,4,4
cc73f1c9-9c0e-46bb-a498-93ad5367d884,2,2
98db80a9-a6f8-47eb-8dd7-33af642cf63c,6,3
843880d8-5f49-4415-831a-c2480d5626bb,8,3
7474214c-2866-4120-8cdb-ace25ba9f342,1,5
dba448b1-3abd-4595-a13b-84747d435283,7,5
e23f9fdc-f8c7-4b95-b445-a15c1dfd1b79,6,5
8a410f60-9286-4653-8743-d5fd36a6bfd3,3,1
748cdeed-45b9-4669-a604-7422b624bfc9,3,3
60821f6f-6701-4c01-8938-6951cc125fa5,6,3
8ccd139e-74ae-4a8f-a705-32614246111d,2,4
89a8b3cb-7ecc-4359-9fb4-bd2609047826,5,4
bed28d1c-9cc8-4791-9a10-fe7c76630f99,1,3
1b273b83-b990-4bcd-924b-a9dbdd6e673f,5,4
e1038f88-632f-4d94-84c5-074136857488,3,1
14307f80-2ff0-4ccf-9ac8-73768a43edb2,3,2
41f20853-2cbd-4019-be35-1845ac4ccd7a,6,2
0bed7b45-dc4a-4c76-8cb2-0e54429d81fe,6,4
227fc989-90e4-439f-887a-ebff68e3abcd,6,3
927abb95-6e03-48f6-a04e-67a3553966fc,4,5
4ca70073-8c35-4320-a2ae-8b476f61dbd6,6,3
cff0ef0e-dbc8-48f4-887b-10f9195d2eb2,2,4
24ad2d03-ee28-49ef-a9f6-cd57510b71a4,8,5
73ac3f88-9c1d-4eb4-a66b-d6ba863d40a0,2,1
7eccb3c5-c3c1-4b35-8d07-10663df019d8,3,2
ac0ba32b-72da-4fe7-b056-61c9702fe357,3,1
d438e5d0-6275-4aa7-80d9-951dcd626eaa,7,5
91a797b9-de46-46c2-a372-7a08c44783ec,8,1
5747dff7-1e11-44cf-84b8-b8f15ff87bc1,3,5
7fe871eb-46c0-457b-a93f-a859b475713c,1,4
29c0e22e-8ed8-40c2-ab1b-f6352dc55293,1,2
0fe57a41-c44c-49c7-b68e-1350c5146b37,6,1
e5332626-0afe-4b39-bcbc-d5c53d4a3b7c,1,5
d508f789-3f29-4b5b-bdca-203b2f8b14bb,4,5
ad463107-e7cc-4306-b0df-16a750a38180,8,3
601b2474-ca9f-4ce4-a6f1-7bc47f043c14,1,2
f2988164-159d-4ce7-a792-588348621796,5,3
0b9319f6-b857-42aa-89df-9ebed2b8b342,4,5
f16dd342-11cc-4b68-ac4e-f2a5cb97865b,1,4
5549dfd6-f45c-4fec-8889-035b4875a1f8,6,4
e61ac59c-8a9e-48c8-8285-304015e8d500,1,2
de703f67-a498-43a4-8326-e8c0c4a84929,6,4
3a2d65b5-5117-4c85-a85c-d64995f231cf,2,1
41f4cbfd-4eec-4720-a1b7-f55e4a444bc5,6,3
ee72719a-0315-4700-9da1-10621c382730,6,1
3eba94ee-8d9d-40d6-a92b-5d4975afcea2,6,3
292b2d0b-9c05-4de8-8156-8c3136a721c2,7,4
670165ce-eeb8-40d4-850e-e698939935a8,4,2
f55ec886-bbfc-426b-a14f-49095ef75e6c,8,2
42796ce1-1e2f-4d79-9986-25d5d3f6d788,8,2
5857ba10-4e37-4927-b96f-c528c633e92d,6,4
f7deea27-815c-4e4f-9bfd-c2648fd9f482,2,5
76bd6e26-a3ef-4c3d-ad34-ba063bf2723b,7,2
f55ec886-bbfc-426b-a14f-49095ef75e6c,6,3
9cd85cae-b316-4fa8-bb41-852e1d83b67a,8,2
2d609413-6e29-4d46-81b7-39936fd9e380,3,1
1b273b83-b990-4bcd-924b-a9dbdd6e673f,1,5
de9ed400-731d-42e9-a5a9-fc65f1d61eb4,8,1
f9393214-b695-4d56-a7ef-79301cbf5ce8,2,3
3eba94ee-8d9d-40d6-a92b-5d4975afcea2,6,3
6eec5a96-ae73-425e-befa-191e4d5cbe1b,2,4
0a69011e-236d-4e37-ba47-c854557ea6f3,7,5
75630d5c-9fe9-46bc-95cf-6733795df118,8,2
3e772814-0c6b-4d76-87e3-62039b93fe09,8,4
3e2b2735-afed-49d9-98b4-631ca5b5a42f,6,4
012ffcf9-7c26-45ee-a185-81e6f2be6fa3,3,5
6bf661e6-43ea-4569-9f32-67d35f76e335,5,5
6557201d-2ab0-42e9-9aa7-fbae2644128e,1,3
de4f38de-d825-44e2-9df9-0cb4e0aed32d,7,1
1e5d1a8d-3c94-490d-b042-0038e32e5a48,7,5
cf9e412c-39d0-4516-abdd-11b9b93aa043,3,4
d43574fa-9028-48d0-9546-5fe19c3a8539,7,2
ff9379c7-1d2c-46f1-ad6c-bb168d91962b,4,5
919a0c51-12cf-4014-a85f-60f98c5052d7,7,4
65d09708-6e4c-48c4-b356-34c9b27a6aed,5,4
d68fc38e-52ff-46f5-9ba0-caa2f344443f,4,5
1a2dbdbc-24c6-4111-a5fe-c32216f87b7f,7,4
49559d45-a009-4bf0-b1f9-a6043f1db255,8,1
da6993c4-7f28-461c-8cda-818fa8d0f111,5,5
ac823fd9-b3e8-4009-9a4f-9628ec354c89,3,2
80f30f3d-50d5-4b56-8c26-e17143ed1705,4,1
fe2956cc-0861-4fb8-b1b3-039c6551626d,8,2
232564f9-76cd-4fb4-9ea3-4b81bfbfe935,3,5
be974a0e-44b5-414b-a28b-2587cc78b9ba,4,3
557c1227-c741-4207-8196-a608cfb8b1fb,7,1
fee6b6cd-206d-4983-8cfc-fc7d10b23f3e,8,3
9146bcbf-06f9-49ba-ad37-adb7d4da1bd8,1,5
c8568f7f-27f2-492b-a728-9d0504bc298a,5,2
8dee702a-b8a0-4c3e-877e-661d29f2f956,1,2
92bf8fd9-dba9-41aa-88c8-f83088a1cba3,3,3
9c0d379e-7d6f-4de5-9008-2a9093565420,7,3
f16dd342-11cc-4b68-ac4e-f2a5cb97865b,8,4
2bcf3840-1ec6-4ed5-b645-47af1bd5aace,7,3
8a3536e8-fe61-403f-9d4d-b1897b3e4875,2,2
3e7587be-d554-49ba-8ffd-9f58e720ea28,7,4
f380e561-a1c6-4115-aaed-39a38567a4ef,4,3
ebfe58ea-96bb-402f-9bd1-dbde57b33831,1,2
df82bfa3-a665-4654-9336-5fc10c991d44,3,2
70b65cc2-599a-43fd-8b9c-901af3f159d7,7,3
5e5fa0ef-e149-41c5-8d7b-efff307c183a,7,4
6d46c77f-ea1c-4386-a16a-e3819b8ab25d,3,2
ced9ed9b-a26d-47fa-ba67-b203e45a0df7,7,4
5e5fa0ef-e149-41c5-8d7b-efff307c183a,1,5
21c8c06c-5ceb-44da-bfc4-a2f05784e414,5,1
d2dfc993-0547-4aa6-ae25-182a1b287703,2,5
0b0f4258-695a-4a3b-9b40-b0a8fd166995,7,1
7eccb3c5-c3c1-4b35-8d07-10663df019d8,4,2
dba448b1-3abd-4595-a13b-84747d435283,3,5
59e0a091-7dfe-4736-8278-137754372aee,2,2
3b638ed2-70e5-4813-802d-8460fa5e8c78,4,5
92bf8fd9-dba9-41aa-88c8-f83088a1cba3,7,2
5d1a7669-f1e6-494b-a6aa-b3e534726a38,1,2
670165ce-eeb8-40d4-850e-e698939935a8,2,3
5f5fa9de-f4f0-4273-83ae-e1a43b68b1c9,2,3
98694b0e-0047-4aac-81fc-0ba9792d396f,2,3
0e421a50-2a09-47a6-a911-dd9fb4262d05,3,1
41f20853-2cbd-4019-be35-1845ac4ccd7a,3,1
9c24bc24-67d0-4e47-b72b-de15b63b090d,3,4
383bb5ab-8371-47e1-9948-29cd8b1f9ded,2,3
75eb52ce-c487-4e7d-b175-46a1cd1bcf13,2,4
1c743b7f-53bf-4637-a516-dd604295fa5f,8,2
dee22f31-1f0a-44e0-98eb-f77b71522655,1,3
98db80a9-a6f8-47eb-8dd7-33af642cf63c,8,3
cff0ef0e-dbc8-48f4-887b-10f9195d2eb2,2,5
02cb4cb9-9f1f-4f96-95d5-55603612e0c4,7,2
6259764a-64f8-49c0-a0e2-774d8b7c3291,1,2
1638d862-b0ac-44dc-8daf-2bc9885f0f97,7,2
59274e34-58e0-48ba-8d40-2bc36c2d42cd,1,2
5e5fa0ef-e149-41c5-8d7b-efff307c183a,3,3
bed28d1c-9cc8-4791-9a10-fe7c76630f99,3,3
136aacbe-3dfe-470d-b73c-88241d4c1a2b,2,4
bcc95c8d-e448-4101-adb4-ab441932fb01,1,1
7bb18f93-b96a-4414-a41f-ecc33a617b4d,7,2
95667df6-dd3b-4e83-822e-ac93807f9f29,2,3
ac0ba32b-72da-4fe7-b056-61c9702fe357,1,3
60821f6f-6701-4c01-8938-6951cc125fa5,5,5
2d609413-6e29-4d46-81b7-39936fd9e380,6,2
be20dc27-c656-413f-b783-7bd3cc3b6337,2,2
e23f9fdc-f8c7-4b95-b445-a15c1dfd1b79,4,3
ddde3b2d-5494-4404-b2da-552b11adeab3,4,5
dd26665e-ebb9-4f36-92e2-52ef650c15a7,7,2
1b14c2c1-2eaa-4741-8a86-38b38807c14d,1,3
41f20853-2cbd-4019-be35-1845ac4ccd7a,7,5
be20dc27-c656-413f-b783-7bd3cc3b6337,3,5
f16dd342-11cc-4b68-ac4e-f2a5cb97865b,1,3
272d3a6c-036d-4e0f-adac-1919e364a780,4,5
8f2a73b7-8608-4f1d-bb4c-becc41154c93,2,2
cc73f1c9-9c0e-46bb-a498-93ad5367d884,3,4
ced9ed9b-a26d-47fa-ba67-b203e45a0df7,2,2
8a410f60-9286-4653-8743-d5fd36a6bfd3,5,1
e73fc1a3-bcfd-4ccb-a3b5-47a2b3f5130d,4,2
927abb95-6e03-48f6-a04e-67a3553966fc,6,5
96d0037e-d811-477a-88bb-0f9233bf24ac,7,2
14673edf-41cb-48f3-b371-f9856c0268e5,1,3
4abbb01d-1a62-4a17-853a-33492647572f,3,1
16affd88-4c44-4652-8837-f0135d26708e,8,2
6eec5a96-ae73-425e-befa-191e4d5cbe1b,4,1
9146bcbf-06f9-49ba-ad37-adb7d4da1bd8,7,5
ca33e48c-a56f-466e-b4f2-9d28cc52374f,8,5
e2a84b9c-b16b-4c31-9ca8-c527c4697f01,6,1
24b6a707-6458-45a9-8b6b-c98ab45604ad,7,4
12eeb7f3-961a-4896-a476-6016f69fadf3,6,1
a9a44362-f695-4504-8f8d-df3bff52245c,4,4
96d0037e-d811-477a-88bb-0f9233bf24ac,6,3
5bc98ff3-c916-413f-9feb-1ed2f25340ee,5,4
fdbcea21-a8ab-4e07-ba64-48effa7caa14,7,2
6cb03bd9-fce6-4a25-8303-e017364052ae,2,2
c40601dd-6c4a-4be8-9ef8-4bd26578b19e,5,5
b5e6efc8-5e4b-46df-81ff-dff224e8dfbe,4,1
8209b506-0173-4121-94e0-781b70454be3,6,4
69b2dab0-c64b-48d4-b300-9c6f86d792c6,4,5
b2b71afe-2dbd-470b-97df-ceaf65f4f646,2,5
e73e5fd1-f3e8-493d-ac20-24bb98893cda,5,4
41930f58-ea40-4201-82f3-bd92392c1a20,2,3
95667df6-dd3b-4e83-822e-ac93807f9f29,7,4
46cdfda3-a14a-4078-b078-9a39869901b8,4,2
8209b506-0173-4121-94e0-781b70454be3,7,1
21c384ce-ceac-448a-9a7f-5eac87ad7ef3,4,1
74536f68-b61c-4e73-a55d-49c71386b15b,5,1
4e442815-1b6b-4e25-915f-43fbb93ae9a7,7,2
74886263-48b4-4ec3-bb0c-5f968573fffe,3,4
9fa205c4-58af-4e4a-919d-3f55c9839103,7,2
fec1f1f2-a145-40a3-b070-65f3a9b68c38,6,1
a8085580-7cec-4c18-8008-8243de438ed4,1,4
31eb328f-0573-43ce-8829-1e934298127d,3,4
a9a44362-f695-4504-8f8d-df3bff52245c,2,3
f0459210-8d92-4c58-9c11-2ff974688c2a,4,4
fec1f1f2-a145-40a3-b070-65f3a9b68c38,6,3
7308b59a-3db9-4508-90d4-94152ecb5f38,7,3
522b2720-02d3-4491-b7b2-7ca20c2e98e5,4,1
c277cf98-752a-404a-bc5b-d76c73e2b985,4,5
0f574dad-e6d8-4be9-bff0-15f02842f7f2,6,1
31fe553c-7bbb-45bb-ba32-df3c9e7a77aa,3,4
6bb4497a-933a-4c9c-b18e-53067839345c,6,5
1a27a444-d299-4163-82f8-b3a90c110a64,1,4
d38efe4c-6376-4c49-abd7-05615e596927,7,3
46cdfda3-a14a-4078-b078-9a39869901b8,4,2
db350561-6652-470b-a1a8-393a9cbfcb31,1,3
ec186ff0-a5f8-41c1-8175-161e1a42cbac,4,3
60821f6f-6701-4c01-8938-6951cc125fa5,6,4
9eab5f38-feea-4456-a9b1-f5be4187cf36,4,3
6bf661e6-43ea-4569-9f32-67d35f76e335,3,4
0bed7b45-dc4a-4c76-8cb2-0e54429d81fe,7,5
354514d6-9063-46a1-a172-303e01f7da15,8,1
ebfe58ea-96bb-402f-9bd1-dbde57b33831,3,5
62bff47b-56d4-4240-b2f7-0a3dc36ffa9a,2,4
0df067ef-28bc-4ea4-b9bc-fc37b30db486,8,2
41f4cbfd-4eec-4720-a1b7-f55e4a444bc5,1,1
cd826b56-a233-4da4-99e0-1d3c133d9f1e,3,4
0d0f869c-e883-4eba-abd7-19e2f32c5df2,7,5
db7b12eb-b044-488f-a0d7-ee6d8c1e954a,8,1
ea4e9e41-de3c-4b8f-8dfd-bfed47a8e7e8,4,1
de703f67-a498-43a4-8326-e8c0c4a84929,7,3
532a209a-cd29-445e-8db1-03ab3f7a492e,3,1
e1038f88-632f-4d94-84c5-074136857488,3,1
d3b1f2ed-979f-4e9b-81e7-38d57e71c53c,4,3
f9393214-b695-4d56-a7ef-79301cbf5ce8,7,2
16affd88-4c44-4652-8837-f0135d26708e,5,1
2775e2d5-a0ee-4567-b1c6-6814619c192b,3,3
e8499b67-6dee-4c6f-8e8b-a69de8b9b19a,6,5
e3635e2e-74b1-43b7-a140-cb3568981830,2,5
95667df6-dd3b-4e83-822e-ac93807f9f29,6,2
0df067ef-28bc-4ea4-b9bc-fc37b30db486,2,3
0a69011e-236d-4e37-ba47-c854557ea6f3,4,5
965fa1ff-7479-4e71-a63f-bc0ac2f6f9fb,7,4
77579e0b-bcb5-4744-b497-66126c0583b0,8,1
6465f949-afc1-429d-bcf7-168b5d1fde9b,7,2
73fea0b7-da5d-4631-9e14-f96e0be3abc2,3,3
35861add-1e55-4e0a-bd49-0b83b9f37d08,7,3
6f1c374d-0169-4297-8035-9059042453af,7,4
1ae2b794-a338-450c-baed-87d0beb801c7,7,2
ec581489-012a-431d-ba72-c024febb3431,4,4
701fe40b-7627-4bd2-bece-e4c45cdd4274,6,3
d68fc38e-52ff-46f5-9ba0-caa2f344443f,7,4
c5ce634f-4e2a-42ec-8e39-1abf26fc473f,3,5
1c6c1e31-98d6-4cda-8551-4a27738c8cf9,7,3
e5332626-0afe-4b39-bcbc-d5c53d4a3b7c,5,4
ca33e48c-a56f-466e-b4f2-9d28cc52374f,4,2
e3635e2e-74b1-43b7-a140-cb3568981830,5,2
8a3536e8-fe61-403f-9d4d-b1897b3e4875,4,3
bf0156f5-d81d-40e8-a4da-4bb803fc4fbc,2,5
df82bfa3-a665-4654-9336-5fc10c991d44,7,3
87f6ea6e-0f19-4306-87ac-6465f6707dc1,1,5
a1322965-3e8e-4ba1-b32b-3e66d8aaf1aa,8,2
1ec5720d-3cd2-4331-8459-74466690eced,4,4
3a2f5b8a-04af-43a4-8691-f204582209a1,5,1
24b6a707-6458-45a9-8b6b-c98ab45604ad,4,4
17b2d46c-c771-4c42-b640-a9b1ad038cbe,6,4
2d609413-6e29-4d46-81b7-39936fd9e380,5,2
11ac13b8-96aa-4605-9fc6-cee20dad0c03,3,3
d094d9ed-1ad2-42bd-bba5-c6705d2bcd36,4,3
0b0f4258-695a-4a3b-9b40-b0a8fd166995,1,2
52e02583-ecb4-41c0-9179-e54102aa8e44,1,3
7522f1ce-b7cb-4cf8-90a6-aad523c41fae,7,1
fe2956cc-0861-4fb8-b1b3-039c6551626d,5,4
ad463107-e7cc-4306-b0df-16a750a38180,4,4
9962475a-3d51-42f8-aced-8d2a02fb2cc6,4,1
299e42fc-1a77-4ec1-955f-98cc52def2ad,5,1
5f111c8c-080f-4984-8271-f69bd91d2c7c,6,2
1ae2b794-a338-450c-baed-87d0beb801c7,2,4
f1ee5055-93db-4dd8-b535-710ff512e7cc,1,4
facc8f90-ad8f-4997-ab98-e7cb370648f1,3,4
91a797b9-de46-46c2-a372-7a08c44783ec,5,5
1e5d1a8d-3c94-490d-b042-0038e32e5a48,3,5
c8568f7f-27f2-492b-a728-9d0504bc298a,8,5
17b2d46c-c771-4c42-b640-a9b1ad038cbe,5,1
136aacbe-3dfe-470d-b73c-88241d4c1a2b,6,2
5809fd72-7c2f-46e9-8557-079802c7fe37,4,4
ec581489-012a-431d-ba72-c024febb3431,6,5
cd826b56-a233-4da4-99e0-1d3c133d9f1e,1,3
04349f71-45fa-4262-8415-c9c8ba45b895,6,3
5857ba10-4e37-4927-b96f-c528c633e92d,7,4
be9a33c0-2daa-40bd-b638-b9d2f69512f3,5,4
4abbb01d-1a62-4a17-853a-33492647572f,1,2
4e25f205-90da-4fba-9d48-8ca73f4dd875,6,3
60821f6f-6701-4c01-8938-6951cc125fa5,5,5
f7825bda-3cab-474d-b209-0b04dbbaf0d5,5,3
70f0bc7d-2e5b-4060-8fd4-a863704e5c6b,1,2
db7b12eb-b044-488f-a0d7-ee6d8c1e954a,8,5
467449a8-72b2-43c1-a43d-7b32dfd4c820,4,4
f4eedbc8-e689-4f74-8893-b15e9e4b2410,5,2
49559d45-a009-4bf0-b1f9-a6043f1db255,4,5
95667df6-dd3b-4e83-822e-ac93807f9f29,6,3
6faca8b2-e2ee-4413-ae52-7ed488dc2453,3,4
dee22f31-1f0a-44e0-98eb-f77b71522655,1,3
12f9fde1-756d-43e0-a54d-9225f26771c1,1,4
e8fdb110-0d24-4479-b1d1-628c4b8f14aa,8,1
80300b2e-dc7a-484f-a5b9-ed898aacbd1f,2,5
7f047424-3edd-4556-9e0f-e2732fe837a7,7,4
527921c0-94cb-41a4-acd3-7d6c2eb62edc,8,1
fdbcea21-a8ab-4e07-ba64-48effa7caa14,1,4
bf01a388-949c-4f95-895d-7684b5cab6a5,5,3
52468e2c-22a5-40eb-8aba-278cf9828c46,4,1
14df3718-675b-4c94-a124-358292489803,2,5
93067f1c-a402-4b8f-b01d-16b4aa347dcb,1,5
d438e5d0-6275-4aa7-80d9-951dcd626eaa,6,4
cd9fac8c-3481-4c9a-b49a-12daa08409d6,2,5
0667d4dd-23c3-411b-a1de-66bb7b4ca584,4,2
4afdea9a-e65a-4d19-8f06-0bc7ed893664,7,5
d8f10011-a28e-4a27-9147-486106ae7997,1,2
557c1227-c741-4207-8196-a608cfb8b1fb,4,5
b170b3f5-9f02-4a57-8546-a6d4579f07f1,4,5
70f0bc7d-2e5b-4060-8fd4-a863704e5c6b,1,1
b3986dd0-5076-4c6d-8a0e-d6d3a1b13dbb,3,3
9fa205c4-58af-4e4a-919d-3f55c9839103,7,3
e8fdb110-0d24-4479-b1d1-628c4b8f14aa,8,3
aaae7f6e-0039-44b5-8fe6-12c32b114cdc,2,5
c15ca881-6382-4580-9e8e-5129af57b5ab,8,5
dea3bf90-be95-4060-9d61-6d341a678869,7,1
e3635e2e-74b1-43b7-a140-cb3568981830,6,1
350e89e0-310e-418e-85b2-0c2bdc89d77f,5,5
16affd88-4c44-4652-8837-f0135d26708e,2,4
215ec9d3-c849-42c1-ad5f-d000fe06743f,8,3
d673694d-ff6f-4841-8cf0-a7f75ff6d4e2,4,4
ec581489-012a-431d-ba72-c024febb3431,5,4
0985c89f-ae92-4660-adc2-f06b907bc993,6,1
98694b0e-0047-4aac-81fc-0ba9792d396f,7,2
ca07f546-0bc7-41e2-8ec6-8bbc304b45c2,6,4
e8a1e449-bda1-46c8-9e69-d63f4c2800d7,2,5
f55057f9-dca0-495e-bd23-079856854556,3,5
292b2d0b-9c05-4de8-8156-8c3136a721c2,4,3
0bed7b45-dc4a-4c76-8cb2-0e54429d81fe,6,2
0a69011e-236d-4e37-ba47-c854557ea6f3,7,2
521f14ee-6431-4f22-bafb-44f4f885608a,2,5
a895f401-366a-4151-ac10-88ccdb324361,3,4
b5621382-d382-45c4-a79e-66a8f3c25e69,8,1
3e7587be-d554-49ba-8ffd-9f58e720ea28,4,4
c5293ffa-e6a8-422c-860e-f9f364a9684a,7,5
4ca70073-8c35-4320-a2ae-8b476f61dbd6,6,5
6bb4497a-933a-4c9c-b18e-53067839345c,4,3
beacdeb4-6610-4685-bc5b-f2e0896fdfbf,2,5
b0792471-96fc-438f-9665-5c61d70d224f,3,2
6faca8b2-e2ee-4413-ae52-7ed488dc2453,8,5
aaae7f6e-0039-44b5-8fe6-12c32b114cdc,1,5
34b36a73-313f-45da-9cc5-c6437242f3f8,8,4
bed28d1c-9cc8-4791-9a10-fe7c76630f99,7,4
5d1a7669-f1e6-494b-a6aa-b3e534726a38,6,3
4be03c30-12e2-4603-b040-53aed32f1212,7,3
c40601dd-6c4a-4be8-9ef8-4bd26578b19e,2,1
78c6184e-c6d2-429d-80f3-9f0606c918f5,8,2
de703f67-a498-43a4-8326-e8c0c4a84929,7,1
812cbb85-8970-42b7-95f0-c59278724dcf,2,2
a0336512-098d-416a-87c9-83a9670fc31d,2,5
136aacbe-3dfe-470d-b73c-88241d4c1a2b,6,4
8a3536e8-fe61-403f-9d4d-b1897b3e4875,6,1
57923f56-03c5-4191-b421-3643cd4c440e,6,2
ebed1708-abfa-4409-923b-506d6b68f930,1,4
89a8b3cb-7ecc-4359-9fb4-bd2609047826,6,5
46550531-44ce-48b8-9951-b57ae888cb95,8,1
87f6ea6e-0f19-4306-87ac-6465f6707dc1,7,2
49def278-c966-4fcb-b752-78cc37f4efc4,5,4
bb399f10-3c1b-43bf-b08a-5d929dd83dff,4,5
714f5c85-b730-46f1-b3d5-254dbd246df7,4,3
350e89e0-310e-418e-85b2-0c2bdc89d77f,7,2
1c743b7f-53bf-4637-a516-dd604295fa5f,5,1
96d0037e-d811-477a-88bb-0f9233bf24ac,4,4
bb399f10-3c1b-43bf-b08a-5d929dd83dff,3,4
522b2720-02d3-4491-b7b2-7ca20c2e98e5,3,4
be20dc27-c656-413f-b783-7bd3cc3b6337,6,2
3197655f-d60f-4932-8dd2-479ea7cc301e,4,2
bb17cd64-20bb-4ebb-855c-bf9089a134f1,6,4
60821f6f-6701-4c01-8938-6951cc125fa5,7,5
accbb2e3-6ff5-4b57-b916-db30e0a886ce,6,1
abdc8784-8530-4cc3-ad9f-474199cb6d0c,8,4
fec1f1f2-a145-40a3-b070-65f3a9b68c38,4,1
da9e9186-6419-416c-93e9-4a6c306b27a1,7,2
db7b12eb-b044-488f-a0d7-ee6d8c1e954a,2,3
ea4e9e41-de3c-4b8f-8dfd-bfed47a8e7e8,8,3
33951a63-098a-43ad-80ef-d669c6ff57ad,7,1
96d0037e-d811-477a-88bb-0f9233bf24ac,7,1
b453dce4-20a3-473f-b9c9-d5e3b6a1c653,4,2
131e9dbb-b3c7-44da-b0d3-c69509feac95,3,1
42ccf585-dd0c-46c3-a0ba-b2cb87d8db0d,6,4
8b78d283-7b22-4943-875a-4fd887f0df4a,6,5
5747dff7-1e11-44cf-84b8-b8f15ff87bc1,5,1
117b5761-bbc6-4a83-be07-5bc58718b81f,8,2
813ace58-438d-4f1e-9460-a4c8c6bf65a2,6,2
671a20d2-46d3-4ded-80d2-fcc162cbb551,3,3
7bb18f93-b96a-4414-a41f-ecc33a617b4d,3,1
5473eedb-246e-43d3-a75d-1ba18eea3e61,7,3
81c448a0-c083-48d9-951a-a960c3824f43,1,3
312ebb67-cdc9-49b1-a85c-2d72560a3a39,8,4
24ad2d03-ee28-49ef-a9f6-cd57510b71a4,7,4
7117a310-631b-4f03-b27e-f5f635c4993c,4,3
46cdfda3-a14a-4078-b078-9a39869901b8,3,4
6b902e38-da9d-422f-9012-20969a541b55,7,1
701fe40b-7627-4bd2-bece-e4c45cdd4274,3,2
ed5902a3-3486-4b91-82ce-be5890fe8ce6,4,4
2b35f9d4-1a47-4470-9607-f8ea3fe745c4,2,5
17b2d46c-c771-4c42-b640-a9b1ad038cbe,7,1
da9e9186-6419-416c-93e9-4a6c306b27a1,7,3
95ba36eb-8cb5-4858-abf4-7c9ac3759875,6,2
0667d4dd-23c3-411b-a1de-66bb7b4ca584,1,2
72998a78-4490-4f98-b7c7-9cc66b0e2a9d,3,4
59274e34-58e0-48ba-8d40-2bc36c2d42cd,5,2
0df067ef-28bc-4ea4-b9bc-fc37b30db486,4,3
da6993c4-7f28-461c-8cda-818fa8d0f111,6,3
a0336512-098d-416a-87c9-83a9670fc31d,7,2
bf0156f5-d81d-40e8-a4da-4bb803fc4fbc,3,5
abdc8784-8530-4cc3-ad9f-474199cb6d0c,2,1
de9ed400-731d-42e9-a5a9-fc65f1d61eb4,3,4
6faca8b2-e2ee-4413-ae52-7ed488dc2453,2,4
59e0a091-7dfe-4736-8278-137754372aee,1,3
6bb4497a-933a-4c9c-b18e-53067839345c,7,1
beacdeb4-6610-4685-bc5b-f2e0896fdfbf,5,4
beacdeb4-6610-4685-bc5b-f2e0896fdfbf,6,2
522b2720-02d3-4491-b7b2-7ca20c2e98e5,8,2
822ea109-c81c-4f4c-875f-f08fbb085999,6,3
e9053313-ce82-41b4-92fc-82fb6c5a7173,4,3
33951a63-098a-43ad-80ef-d669c6ff57ad,3,2
fec1f1f2-a145-40a3-b070-65f3a9b68c38,1,3
2d455edc-9024-46e2-83bc-a164b26cae93,8,1
12eeb7f3-961a-4896-a476-6016f69fadf3,8,1
26b9b6c9-8b69-4d1a-8597-56d5b5fdb4f5,1,1
ae44378f-daf2-4abe-8d9b-3006ea82278e,8,2
f3481941-93fc-4155-beda-3a4442acc56f,7,1
0d0fa739-0bc2-49d2-b39c-f6ab2bc325c7,6,1
24b6a707-6458-45a9-8b6b-c98ab45604ad,1,4
cff0ef0e-dbc8-48f4-887b-10f9195d2eb2,8,1
812cbb85-8970-42b7-95f0-c59278724dcf,5,2
79131885-70ce-44ea-93e4-5b1abee3a03f,3,2
ca07f546-0bc7-41e2-8ec6-8bbc304b45c2,2,1
00d6765b-5869-42ec-a2e0-2644cffb90bc,8,3
da9e9186-6419-416c-93e9-4a6c306b27a1,5,2
4360e285-b926-4d65-bb3b-fffb6e92805e,7,1
16bacc1e-6a6d-454f-837f-d4f0525989f7,6,2
d673694d-ff6f-4841-8cf0-a7f75ff6d4e2,2,2
136f0175-7c46-4b01-8d45-3fa96531b1ed,6,3
a8085580-7cec-4c18-8008-8243de438ed4,4,4
1c743b7f-53bf-4637-a516-dd604295fa5f,1,4
1ae2b794-a338-450c-baed-87d0beb801c7,5,1
837480f4-6342-4695-b5f6-15dd6a7ba30b,2,2
da9e9186-6419-416c-93e9-4a6c306b27a1,2,2
95ba36eb-8cb5-4858-abf4-7c9ac3759875,5,1
41f20853-2cbd-4019-be35-1845ac4ccd7a,5,1
5e5fa0ef-e149-41c5-8d7b-efff307c183a,7,5
f7825bda-3cab-474d-b209-0b04dbbaf0d5,2,5
be20dc27-c656-413f-b783-7bd3cc3b6337,5,1
d7d558b9-ac49-49af-86b1-9cd70420661b,3,5
bf01a388-949c-4f95-895d-7684b5cab6a5,6,1
e1038f88-632f-4d94-84c5-074136857488,7,2
85d555c5-4a49-4ad4-a5b8-70200b667ccd,3,4
c5293ffa-e6a8-422c-860e-f9f364a9684a,8,1
0b9319f6-b857-42aa-89df-9ebed2b8b342,7,2
136f0175-7c46-4b01-8d45-3fa96531b1ed,4,1
9eab5f38-feea-4456-a9b1-f5be4187cf36,7,5
dbb54e81-87ae-4491-bdfd-9c0677dac794,2,1
91a797b9-de46-46c2-a372-7a08c44783ec,3,4
6465f949-afc1-429d-bcf7-168b5d1fde9b,1,2
c6f41d62-486b-4f91-abc3-8f8b4fefaa35,1,5
76bd6e26-a3ef-4c3d-ad34-ba063bf2723b,2,2
ec581489-012a-431d-ba72-c024febb3431,7,2
80b88138-8c69-4fd3-8764-78770f3864fb,8,2
f133352a-c208-4184-893c-d94f77832364,4,1
557c1227-c741-4207-8196-a608cfb8b1fb,5,4
d4a6071f-0620-47c4-8fbb-bfe26c700427,2,5
5bc98ff3-c916-413f-9feb-1ed2f25340ee,6,3
d38efe4c-6376-4c49-abd7-05615e596927,1,4
89a2923f-83b4-4364-beb8-750c5bf14d3d,3,4
4abbb01d-1a62-4a17-853a-33492647572f,7,2
980ff33c-c03c-433c-a4b6-9cd92769bd06,2,1
af20d113-4e67-4224-9702-67ad9a3ed152,1,4
2ebffa85-e921-47be-9c44-7778e90d630c,5,3
e3635e2e-74b1-43b7-a140-cb3568981830,4,4
94776997-985a-41db-87f7-3fbfb3a4b569,7,5
0fe57a41-c44c-49c7-b68e-1350c5146b37,8,1
4be03c30-12e2-4603-b040-53aed32f1212,6,2
14673edf-41cb-48f3-b371-f9856c0268e5,2,5
aaae7f6e-0039-44b5-8fe6-12c32b114cdc,5,3
502e2c6e-6ede-4ac0-8f59-c4f537c4f4e4,5,4
ac823fd9-b3e8-4009-9a4f-9628ec354c89,7,3
e61ac59c-8a9e-48c8-8285-304015e8d500,3,3
d0dc011b-3642-46c1-b87c-b404287938a7,5,2
6b902e38-da9d-422f-9012-20969a541b55,1,1
f90408c7-7256-4f1d-9f62-a7d637d87331,7,1
98db80a9-a6f8-47eb-8dd7-33af642cf63c,5,2
6b902e38-da9d-422f-9012-20969a541b55,8,5
7522f1ce-b7cb-4cf8-90a6-aad523c41fae,8,2
62bff47b-56d4-4240-b2f7-0a3dc36ffa9a,2,2
d7d558b9-ac49-49af-86b1-9cd70420661b,7,1
f1ee5055-93db-4dd8-b535-710ff512e7cc,3,1
94091979-2c32-46ac-a662-30b6614604ae,7,2
62bff47b-56d4-4240-b2f7-0a3dc36ffa9a,1,2
1b14c2c1-2eaa-4741-8a86-38b38807c14d,5,4
8a410f60-9286-4653-8743-d5fd36a6bfd3,4,4
aaae7f6e-0039-44b5-8fe6-12c32b114cdc,7,3
41f20853-2cbd-4019-be35-1845ac4ccd7a,6,1
3d8b2d1a-2611-4685-8387-e25afcb630d1,1,5
77579e0b-bcb5-4744-b497-66126c0583b0,4,5
8ccd139e-74ae-4a8f-a705-32614246111d,5,4
8209b506-0173-4121-94e0-781b70454be3,4,1
bcc95c8d-e448-4101-adb4-ab441932fb01,6,4
fcbc2a3d-1794-4393-ad8f-bfd5c0aafa84,7,3
0f1ab389-80a1-404f-ab9c-6e76c82f076f,3,4
cd2bd085-f73d-4dbb-a9a9-1a9b7cac5347,7,4
6d256123-c9ec-4734-96e1-0d951f518425,2,3
d508f789-3f29-4b5b-bdca-203b2f8b14bb,3,3
f90408c7-7256-4f1d-9f62-a7d637d87331,5,2
7522f1ce-b7cb-4cf8-90a6-aad523c41fae,2,2
f2d007a4-a98f-404e-94f6-13d2d8daf146,4,2
227fc989-90e4-439f-887a-ebff68e3abcd,3,5
748cdeed-45b9-4669-a604-7422b624bfc9,2,2
4bd7a797-5e52-4617-8961-a36ed3d911fe,4,5
bf71b356-fdfa-47d9-b713-69da0a644da6,8,1
bf0156f5-d81d-40e8-a4da-4bb803fc4fbc,7,5
be20dc27-c656-413f-b783-7bd3cc3b6337,4,4
f1ee5055-93db-4dd8-b535-710ff512e7cc,1,2
4ae35964-2989-4540-8579-477a0892fd96,6,4
3b638ed2-70e5-4813-802d-8460fa5e8c78,1,5
557c1227-c741-4207-8196-a608cfb8b1fb,2,3
db7b12eb-b044-488f-a0d7-ee6d8c1e954a,4,2
74886263-48b4-4ec3-bb0c-5f968573fffe,2,4
299e42fc-1a77-4ec1-955f-98cc52def2ad,8,2
ab9aed36-7a98-4bb5-a903-35273d4e1604,2,5
714f5c85-b730-46f1-b3d5-254dbd246df7,2,1
778e96ad-82f2-4912-920f-e8c87645a06d,3,5
41f20853-2cbd-4019-be35-1845ac4ccd7a,2,2
f55ec886-bbfc-426b-a14f-49095ef75e6c,3,3
0b9319f6-b857-42aa-89df-9ebed2b8b342,1,1
14307f80-2ff0-4ccf-9ac8-73768a43edb2,2,1
503dbaac-b4ab-41a0-9aa4-8eb743898d44,3,1
ff9379c7-1d2c-46f1-ad6c-bb168d91962b,5,3
46cdfda3-a14a-4078-b078-9a39869901b8,8,2
c5ce634f-4e2a-42ec-8e39-1abf26fc473f,7,1
c70b630a-43c0-46d2-bfa4-a50a21abf64d,5,2
75eb52ce-c487-4e7d-b175-46a1cd1bcf13,1,3
fec1f1f2-a145-40a3-b070-65f3a9b68c38,3,4
59e0a091-7dfe-4736-8278-137754372aee,7,2
bf01a388-949c-4f95-895d-7684b5cab6a5,5,2
ec186ff0-a5f8-41c1-8175-161e1a42cbac,1,3
b2b71afe-2dbd-470b-97df-ceaf65f4f646,8,5
81c448a0-c083-48d9-951a-a960c3824f43,2,5
601b2474-ca9f-4ce4-a6f1-7bc47f043c14,3,1
d4a24be6-6865-423e-b2d7-e2457e6435db,6,2
12eeb7f3-961a-4896-a476-6016f69fadf3,2,5
7522f1ce-b7cb-4cf8-90a6-aad523c41fae,2,1
379b3e0e-f8df-4258-82e7-63c2556fd46e,8,4
813ace58-438d-4f1e-9460-a4c8c6bf65a2,2,1
c5ca0a5d-6cf8-4728-9225-1d0ee8af00c6,3,2
ae851e1d-b980-46fc-9ac5-23ba947a1905,7,4
12f9fde1-756d-43e0-a54d-9225f26771c1,4,1
927abb95-6e03-48f6-a04e-67a3553966fc,6,3
de9ed400-731d-42e9-a5a9-fc65f1d61eb4,5,1
522b2720-02d3-4491-b7b2-7ca20c2e98e5,3,4
70f0bc7d-2e5b-4060-8fd4-a863704e5c6b,5,4
4e25f205-90da-4fba-9d48-8ca73f4dd875,2,5
4ca70073-8c35-4320-a2ae-8b476f61dbd6,4,5
d325de59-7de9-459c-bbdc-cf950833b4e7,5,1
f02fcaf3-1bfb-4760-898b-455a6a659c46,2,5
0bb8ba07-2527-4e64-b6f1-251368ee790d,3,3
e2a84b9c-b16b-4c31-9ca8-c527c4697f01,1,2
3e2b2735-afed-49d9-98b4-631ca5b5a42f,5,5
7c7ab1cb-3256-4a61-8831-92521e8cf64e,6,3
9e32b74e-c3a9-4110-a453-f928e066d69a,8,4
f9393214-b695-4d56-a7ef-79301cbf5ce8,2,3
3dc23e04-0d73-4189-9e56-e35261b1e660,3,1
272d3a6c-036d-4e0f-adac-1919e364a780,1,5
521f14ee-6431-4f22-bafb-44f4f885608a,2,3
ad41e33b-ce78-4944-9eb2-1e682e654c99,4,5
87d1e3c8-cbae-472b-a6c0-0422ae36ba55,2,5
12b9f4e3-2d49-43b1-8d53-06c31205e26c,4,3
a7fdd847-ebcc-4bca-9149-78d6159a612a,4,5
c2fa6060-6242-4edf-a022-9b3581ee85c1,6,5
5549dfd6-f45c-4fec-8889-035b4875a1f8,6,3
59274e34-58e0-48ba-8d40-2bc36c2d42cd,8,4
d7d558b9-ac49-49af-86b1-9cd70420661b,2,1
7474214c-2866-4120-8cdb-ace25ba9f342,6,3
cae8ae2c-342d-4bff-99e0-fea638324977,6,5
3b2af6d5-54be-4298-ab03-c57bbb5c2746,8,5
bb17cd64-20bb-4ebb-855c-bf9089a134f1,3,5
7308b59a-3db9-4508-90d4-94152ecb5f38,2,4
11ac13b8-96aa-4605-9fc6-cee20dad0c03,5,2
af20d113-4e67-4224-9702-67ad9a3ed152,8,2
7f047424-3edd-4556-9e0f-e2732fe837a7,2,2
92bf8fd9-dba9-41aa-88c8-f83088a1cba3,3,4
22e65ff5-55b1-46f0-911f-463a3d303382,6,1
4e25f205-90da-4fba-9d48-8ca73f4dd875,2,4
0df067ef-28bc-4ea4-b9bc-fc37b30db486,7,2
8ccd139e-74ae-4a8f-a705-32614246111d,2,5
1a2dbdbc-24c6-4111-a5fe-c32216f87b7f,3,5
2527bed5-8eca-4f3c-abf0-2da346449e62,8,2
dc367d7e-795b-4178-a3ef-0bc87f967813,1,1
cd826b56-a233-4da4-99e0-1d3c133d9f1e,2,1
72998a78-4490-4f98-b7c7-9cc66b0e2a9d,1,1
c70b630a-43c0-46d2-bfa4-a50a21abf64d,3,1
ebfe58ea-96bb-402f-9bd1-dbde57b33831,4,3
fdc3c52c-cdf9-4cf1-8a0c-a8ef6fe5280f,3,5
dba448b1-3abd-4595-a13b-84747d435283,4,5
fdbcea21-a8ab-4e07-ba64-48effa7caa14,2,3
c5ca0a5d-6cf8-4728-9225-1d0ee8af00c6,3,5
2f0008bb-df0a-4618-92e7-1c1807c61bc2,1,4
bcc95c8d-e448-4101-adb4-ab441932fb01,5,3
d431dd90-3250-46ca-818a-63cba036f2e7,8,5
cff0ef0e-dbc8-48f4-887b-10f9195d2eb2,1,3
a895f401-366a-4151-ac10-88ccdb324361,4,1
dbb54e81-87ae-4491-bdfd-9c0677dac794,5,3
7bdf5639-725a-4828-b6c3-5b5cc736cc13,4,4
d147a098-bfde-40d4-9488-5ae9911875dd,7,4
dc56ef20-80af-4fa6-b59f-97c8ff779e77,1,4
12f9fde1-756d-43e0-a54d-9225f26771c1,4,2
5f602ed3-afdf-4241-b859-d8ef2cd773e5,6,4
fec1f1f2-a145-40a3-b070-65f3a9b68c38,1,4
0667d4dd-23c3-411b-a1de-66bb7b4ca584,3,4
bb059108-d9f7-4568-993f-4c83d41277cf,4,1
38388e9a-67b8-482a-9412-b472a4121bbf,7,2
74886263-48b4-4ec3-bb0c-5f968573fffe,2,4
3b2af6d5-54be-4298-ab03-c57bbb5c2746,1,5
57923f56-03c5-4191-b421-3643cd4c440e,6,1
9c0d379e-7d6f-4de5-9008-2a9093565420,4,3
9146bcbf-06f9-49ba-ad37-adb7d4da1bd8,6,4
20a79730-685f-4bc0-b157-97a6159a3e4a,3,4
1a138f7b-8832-4c6f-9d8a-467c5dbb02c5,4,1
ad41e33b-ce78-4944-9eb2-1e682e654c99,5,1
6a9e05e0-6ecb-44f6-9fbd-875485ae17f1,8,1
24b6a707-6458-45a9-8b6b-c98ab45604ad,5,3
9a882d03-15f1-4eb7-91ed-ec020a43d1ed,8,5
f0459210-8d92-4c58-9c11-2ff974688c2a,3,2
42ccf585-dd0c-46c3-a0ba-b2cb87d8db0d,7,5
2ad072a6-cb05-4d16-b7e0-a8f29e38438c,4,1
4be03c30-12e2-4603-b040-53aed32f1212,6,2
0ee9fefc-f0e7-45e8-8d7c-b0859712a9b1,7,4
c70b630a-43c0-46d2-bfa4-a50a21abf64d,2,1
3ae2e443-728b-4705-86c9-71f2a1ea79ef,6,1
b302fe5f-ba36-466e-b011-c2149aa6ca8b,4,2
de9ed400-731d-42e9-a5a9-fc65f1d61eb4,1,2
f2988164-159d-4ce7-a792-588348621796,4,4
89a8b3cb-7ecc-4359-9fb4-bd2609047826,8,1
f4eedbc8-e689-4f74-8893-b15e9e4b2410,8,1
c5ce634f-4e2a-42ec-8e39-1abf26fc473f,1,5
e8a1e449-bda1-46c8-9e69-d63f4c2800d7,2,2
42796ce1-1e2f-4d79-9986-25d5d3f6d788,4,5
87f6ea6e-0f19-4306-87ac-6465f6707dc1,2,4
6faca8b2-e2ee-4413-ae52-7ed488dc2453,6,3
3eba94ee-8d9d-40d6-a92b-5d4975afcea2,6,2
ca33e48c-a56f-466e-b4f2-9d28cc52374f,1,3
6259764a-64f8-49c0-a0e2-774d8b7c3291,1,2
cc73f1c9-9c0e-46bb-a498-93ad5367d884,1,2
824be8cc-93bc-494f-96a0-0aad9a062efe,2,5
8833b033-f522-4795-a22b-91ac9b3c0f2d,8,3
8a410f60-9286-4653-8743-d5fd36a6bfd3,4,4
dee22f31-1f0a-44e0-98eb-f77b71522655,8,1
16bacc1e-6a6d-454f-837f-d4f0525989f7,3,2
350e89e0-310e-418e-85b2-0c2bdc89d77f,3,2
9a882d03-15f1-4eb7-91ed-ec020a43d1ed,1,5
980ff33c-c03c-433c-a4b6-9cd92769bd06,8,5
350e89e0-310e-418e-85b2-0c2bdc89d77f,2,3
c17dfd17-d741-49c8-8353-5915117b8598,7,3
6d256123-c9ec-4734-96e1-0d951f518425,6,1
9cd85cae-b316-4fa8-bb41-852e1d83b67a,7,2
bf01a388-949c-4f95-895d-7684b5cab6a5,8,3
502e2c6e-6ede-4ac0-8f59-c4f537c4f4e4,2,1
892fa026-295d-448c-8985-81a81ed35376,1,3
131e9dbb-b3c7-44da-b0d3-c69509feac95,3,4
3ecf9cdb-68a5-4905-9c39-03188adab3a0,8,5
3eba94ee-8d9d-40d6-a92b-5d4975afcea2,7,1
91580238-3a39-40ed-9478-d0919794b722,1,3
485730b6-3a8b-446e-b87c-13cd6a9b04b2,8,2
dd26665e-ebb9-4f36-92e2-52ef650c15a7,7,3
6bb4497a-933a-4c9c-b18e-53067839345c,5,5
f7862eb3-4a14-445a-8156-31fd184d7005,4,3
41930f58-ea40-4201-82f3-bd92392c1a20,8,2
502e2c6e-6ede-4ac0-8f59-c4f537c4f4e4,2,4
30b0c8fb-dc7f-4cb5-93ca-7eb2e8825595,1,4
9cd85cae-b316-4fa8-bb41-852e1d83b67a,3,3
69827ec1-5967-46a9-b9bc-94002c9b6130,1,1
d38efe4c-6376-4c49-abd7-05615e596927,7,1
f507112d-c095-4469-b7fb-bc5316f4d88c,7,3
af20d113-4e67-4224-9702-67ad9a3ed152,7,5
0bb8ba07-2527-4e64-b6f1-251368ee790d,2,5
cff0ef0e-dbc8-48f4-887b-10f9195d2eb2,2,2
383bb5ab-8371-47e1-9948-29cd8b1f9ded,7,2
521f14ee-6431-4f22-bafb-44f4f885608a,3,4
fcbc2a3d-1794-4393-ad8f-bfd5c0aafa84,4,2
db7b12eb-b044-488f-a0d7-ee6d8c1e954a,8,2
965fa1ff-7479-4e71-a63f-bc0ac2f6f9fb,7,4
78e687b2-f0a7-45cc-96bf-85ab965afae7,4,2
cf9e412c-39d0-4516-abdd-11b9b93aa043,5,3
4ae35964-2989-4540-8579-477a0892fd96,3,2
4ebd0de8-7f9c-4b5a-aabc-8c5896ba6d8d,6,2
8a410f60-9286-4653-8743-d5fd36a6bfd3,8,1
4bd7a797-5e52-4617-8961-a36ed3d911fe,4,3
0b0f4258-695a-4a3b-9b40-b0a8fd166995,8,4
59f23c24-6dae-4e01-98d4-74ef65835544,2,3
db7b12eb-b044-488f-a0d7-ee6d8c1e954a,2,5
0ee9fefc-f0e7-45e8-8d7c-b0859712a9b1,5,3
e943af72-0777-4bdd-ac90-09b7c7518c2a,5,3
467449a8-72b2-43c1-a43d-7b32dfd4c820,6,4
8209b506-0173-4121-94e0-781b70454be3,1,2
e5332626-0afe-4b39-bcbc-d5c53d4a3b7c,1,2
c70b630a-43c0-46d2-bfa4-a50a21abf64d,2,5
4d76e7f2-a7c7-48c3-89f4-cd1e6b5549fc,1,5
76867724-1b40-4e2d-922a-832e6ba0bd87,2,5
a7fdd847-ebcc-4bca-9149-78d6159a612a,5,2
26b9b6c9-8b69-4d1a-8597-56d5b5fdb4f5,8,4
bed28d1c-9cc8-4791-9a10-fe7c76630f99,7,5
14df3718-675b-4c94-a124-358292489803,7,1
467449a8-72b2-43c1-a43d-7b32dfd4c820,6,1
e943af72-0777-4bdd-ac90-09b7c7518c2a,7,3
da9e9186-6419-416c-93e9-4a6c306b27a1,1,5
ced9ed9b-a26d-47fa-ba67-b203e45a0df7,1,1
9a882d03-15f1-4eb7-91ed-ec020a43d1ed,5,2
40ea3e95-cafb-43d1-8bea-69b06d8695f1,7,4
75eb52ce-c487-4e7d-b175-46a1cd1bcf13,6,1
4ac8fdca-2ea2-4194-954e-3c205d45129d,4,4
52e02583-ecb4-41c0-9179-e54102aa8e44,8,2
a68f478c-71c1-4c88-8f22-fc6cb7e60328,2,1
93067f1c-a402-4b8f-b01d-16b4aa347dcb,2,5
a7fdd847-ebcc-4bca-9149-78d6159a612a,8,4
b170b3f5-9f02-4a57-8546-a6d4579f07f1,4,5
20a79730-685f-4bc0-b157-97a6159a3e4a,7,2
f2988164-159d-4ce7-a792-588348621796,6,2
d94cf087-8e42-4a43-a82d-bfce1f88e3e0,6,1
3ae2e443-728b-4705-86c9-71f2a1ea79ef,3,4
950bc6a2-27f9-4f2f-a70b-db6b47dc7a9e,7,1
de703f67-a498-43a4-8326-e8c0c4a84929,5,3
0d0fa739-0bc2-49d2-b39c-f6ab2bc325c7,3,2
3dc23e04-0d73-4189-9e56-e35261b1e660,1,1
1a27a444-d299-4163-82f8-b3a90c110a64,7,5
09792140-ae83-4355-ba2b-ca4f2d3ae1ff,1,3
65998224-304c-487e-b74e-5b0fd491ac6a,8,4
78b70da9-504a-496b-9589-b094670a7fa6,2,2
b8a0b331-7936-4e41-8c2a-b31a19e3185b,1,4
82b9dcc7-e8cb-47df-9f45-b603ffd974ea,1,5
22e65ff5-55b1-46f0-911f-463a3d303382,4,5
ac0ba32b-72da-4fe7-b056-61c9702fe357,3,1
d747b107-0eab-40bd-bac2-e55b7bf04e01,6,4
b8a0b331-7936-4e41-8c2a-b31a19e3185b,3,1
1e5d1a8d-3c94-490d-b042-0038e32e5a48,3,1
befbeab7-c2c9-45c4-9da4-174971e7c42c,8,5
14ec90b4-1b2a-4307-bcba-4ea815154074,8,3
c04b7278-0ad9-40b1-94f0-4087be369233,7,5
d147a098-bfde-40d4-9488-5ae9911875dd,2,5
8b29b7ba-b43d-404a-8cac-f3ab36697527,4,1
f41284ef-2c13-4b6a-accd-d2b1abc7ebbe,7,4
d508f789-3f29-4b5b-bdca-203b2f8b14bb,5,1
69827ec1-5967-46a9-b9bc-94002c9b6130,6,5
3e7587be-d554-49ba-8ffd-9f58e720ea28,4,3
41930f58-ea40-4201-82f3-bd92392c1a20,1,4
5549dfd6-f45c-4fec-8889-035b4875a1f8,6,1
facc8f90-ad8f-4997-ab98-e7cb370648f1,6,4
bf01a388-949c-4f95-895d-7684b5cab6a5,8,3
3e7587be-d554-49ba-8ffd-9f58e720ea28,5,4
f7deea27-815c-4e4f-9bfd-c2648fd9f482,3,1
bb399f10-3c1b-43bf-b08a-5d929dd83dff,3,4
892fa026-295d-448c-8985-81a81ed35376,3,3
de4f38de-d825-44e2-9df9-0cb4e0aed32d,3,2
a10da21c-e07c-492d-80f4-814d3621274d,1,3
fd5b81b6-ba8c-4f04-973a-a037a1faa17d,2,3
4ca70073-8c35-4320-a2ae-8b476f61dbd6,2,2
fcbc2a3d-1794-4393-ad8f-bfd5c0aafa84,8,1
8b29b7ba-b43d-404a-8cac-f3ab36697527,3,2
41f4cbfd-4eec-4720-a1b7-f55e4a444bc5,1,4
d7d558b9-ac49-49af-86b1-9cd70420661b,4,1
a8085580-7cec-4c18-8008-8243de438ed4,8,2
92bf8fd9-dba9-41aa-88c8-f83088a1cba3,5,1
f1c4b801-09b2-4fcc-96a7-b111e6c66cf2,6,2
14df3718-675b-4c94-a124-358292489803,4,1
4ac8fdca-2ea2-4194-954e-3c205d45129d,5,5
dba448b1-3abd-4595-a13b-84747d435283,5,4
8ccd139e-74ae-4a8f-a705-32614246111d,2,2
dbb54e81-87ae-4491-bdfd-9c0677dac794,5,2
6e8c7926-b6c7-4410-b136-99d4a12631e7,2,4
522b2720-02d3-4491-b7b2-7ca20c2e98e5,3,4
eb3edd84-748e-4a7d-ab44-2c64b24fa817,1,4
29c0e22e-8ed8-40c2-ab1b-f6352dc55293,6,3
d747b107-0eab-40bd-bac2-e55b7bf04e01,4,5
40ea3e95-cafb-43d1-8bea-69b06d8695f1,8,3
1a21c26a-2a6e-466d-8fe1-dc55e742813e,6,3
7f755b48-f7cd-4218-82f9-bf24b526731a,2,3
467449a8-72b2-43c1-a43d-7b32dfd4c820,2,2
8a3536e8-fe61-403f-9d4d-b1897b3e4875,6,4
3e772814-0c6b-4d76-87e3-62039b93fe09,1,4
503dbaac-b4ab-41a0-9aa4-8eb743898d44,3,5
1e65e76b-cd6e-47d3-a077-b252234056f5,2,5
7c7ab1cb-3256-4a61-8831-92521e8cf64e,1,5
299e42fc-1a77-4ec1-955f-98cc52def2ad,3,2
379b3e0e-f8df-4258-82e7-63c2556fd46e,1,1
b5e6efc8-5e4b-46df-81ff-dff224e8dfbe,6,3
1b273b83-b990-4bcd-924b-a9dbdd6e673f,2,4
bee72ceb-fc83-46d6-8441-1c0be7a3256d,6,4
70f0bc7d-2e5b-4060-8fd4-a863704e5c6b,7,2
d88bd785-df55-4d02-95ff-cc79ee4448d4,8,3
d3b2bcb7-1325-49ce-9e7d-900a5c0bf7b3,1,3
da9e9186-6419-416c-93e9-4a6c306b27a1,6,3
fee6b6cd-206d-4983-8cfc-fc7d10b23f3e,7,5
5747dff7-1e11-44cf-84b8-b8f15ff87bc1,7,4
f2445d90-9380-4a63-8caa-52b30a781b3f,8,3
00d6765b-5869-42ec-a2e0-2644cffb90bc,4,5
17162a4f-13a1-46c3-8709-c44c5535c58f,2,5
2ad072a6-cb05-4d16-b7e0-a8f29e38438c,3,2
46550531-44ce-48b8-9951-b57ae888cb95,4,1
e3635e2e-74b1-43b7-a140-cb3568981830,7,2
2527bed5-8eca-4f3c-abf0-2da346449e62,1,2
eb372dd0-4dee-4143-9ffa-f77b15e4cfda,5,1
3e772814-0c6b-4d76-87e3-62039b93fe09,5,1
b453dce4-20a3-473f-b9c9-d5e3b6a1c653,1,1
95ba36eb-8cb5-4858-abf4-7c9ac3759875,3,4
ad5aacb1-1258-4141-a048-222168d86665,3,4
d43574fa-9028-48d0-9546-5fe19c3a8539,6,2
0b7eda3b-3995-47d3-9ef6-44abde7b6c8b,3,4
73fea0b7-da5d-4631-9e14-f96e0be3abc2,5,2
04349f71-45fa-4262-8415-c9c8ba45b895,7,3
32d498c9-f1ee-44f3-b5b3-b609c5ed0ab3,2,5
a7fdd847-ebcc-4bca-9149-78d6159a612a,1,3
bf01a388-949c-4f95-895d-7684b5cab6a5,3,2
ad41e33b-ce78-4944-9eb2-1e682e654c99,3,4
b453dce4-20a3-473f-b9c9-d5e3b6a1c653,7,4
292b2d0b-9c05-4de8-8156-8c3136a721c2,4,2
383bb5ab-8371-47e1-9948-29cd8b1f9ded,2,2
a1322965-3e8e-4ba1-b32b-3e66d8aaf1aa,2,4
3e2b2735-afed-49d9-98b4-631ca5b5a42f,1,1
701fe40b-7627-4bd2-bece-e4c45cdd4274,2,4
52468e2c-22a5-40eb-8aba-278cf9828c46,1,5
5857ba10-4e37-4927-b96f-c528c633e92d,7,5
0b9319f6-b857-42aa-89df-9ebed2b8b342,3,1
f2988164-159d-4ce7-a792-588348621796,2,4
cae8ae2c-342d-4bff-99e0-fea638324977,8,2
d094d9ed-1ad2-42bd-bba5-c6705d2bcd36,7,4
e73e5fd1-f3e8-493d-ac20-24bb98893cda,2,4
1b14c2c1-2eaa-4741-8a86-38b38807c14d,5,3
8209b506-0173-4121-94e0-781b70454be3,1,5
75eb52ce-c487-4e7d-b175-46a1cd1bcf13,2,1
59274e34-58e0-48ba-8d40-2bc36c2d42cd,6,5
7522f1ce-b7cb-4cf8-90a6-aad523c41fae,2,2
a10da21c-e07c-492d-80f4-814d3621274d,1,1
5e8def39-5e9b-421b-818e-324d458f4c2b,5,2
4afdea9a-e65a-4d19-8f06-0bc7ed893664,4,1
ead49453-8632-44fe-befc-4bbf5357c1a8,1,2
705511dc-7267-496e-869f-2fc3c619b3f0,4,3
9c0d379e-7d6f-4de5-9008-2a9093565420,6,5
7f755b48-f7cd-4218-82f9-bf24b526731a,8,1
2ad072a6-cb05-4d16-b7e0-a8f29e38438c,6,5
b8a0b331-7936-4e41-8c2a-b31a19e3185b,7,4
beacdeb4-6610-4685-bc5b-f2e0896fdfbf,4,3
7f755b48-f7cd-4218-82f9-bf24b526731a,5,4
bf01a388-949c-4f95-895d-7684b5cab6a5,4,5
c70b630a-43c0-46d2-bfa4-a50a21abf64d,3,5
9cd85cae-b316-4fa8-bb41-852e1d83b67a,3,4
4ebd0de8-7f9c-4b5a-aabc-8c5896ba6d8d,1,3
52e02583-ecb4-41c0-9179-e54102aa8e44,1,5
5e8def39-5e9b-421b-818e-324d458f4c2b,7,1
7bdf5639-725a-4828-b6c3-5b5cc736cc13,4,2
5f5fa9de-f4f0-4273-83ae-e1a43b68b1c9,5,1
0d03fe67-5744-4ac9-8eea-b8a1beae377a,8,2
cd2bd085-f73d-4dbb-a9a9-1a9b7cac5347,8,4
d4a6071f-0620-47c4-8fbb-bfe26c700427,3,3
02cb4cb9-9f1f-4f96-95d5-55603612e0c4,6,2
32d498c9-f1ee-44f3-b5b3-b609c5ed0ab3,8,1
befbeab7-c2c9-45c4-9da4-174971e7c42c,3,4
6bb4497a-933a-4c9c-b18e-53067839345c,4,1
c70b630a-43c0-46d2-bfa4-a50a21abf64d,6,1
4ae35964-2989-4540-8579-477a0892fd96,7,2
f1bd9dcc-a11a-4955-8332-d831cbeacf62,8,3
383bb5ab-8371-47e1-9948-29cd8b1f9ded,5,4
befbeab7-c2c9-45c4-9da4-174971e7c42c,5,5
9a882d03-15f1-4eb7-91ed-ec020a43d1ed,8,1
837480f4-6342-4695-b5f6-15dd6a7ba30b,3,2
af20d113-4e67-4224-9702-67ad9a3ed152,3,5
9fe5ad6a-a461-432a-906a-dc42cff3c376,1,5
813ace58-438d-4f1e-9460-a4c8c6bf65a2,6,2
4da99649-86f2-444c-9490-a659ca659503,1,3
72998a78-4490-4f98-b7c7-9cc66b0e2a9d,6,4
accbb2e3-6ff5-4b57-b916-db30e0a886ce,1,5
db87c790-ab10-400a-b57a-fd6c26a4e616,5,5
9cd85cae-b316-4fa8-bb41-852e1d83b67a,6,4
5a57fb79-5712-4c77-b4dd-4c080a1957f4,7,1
31eb328f-0573-43ce-8829-1e934298127d,4,1
db87c790-ab10-400a-b57a-fd6c26a4e616,6,2
503dbaac-b4ab-41a0-9aa4-8eb743898d44,7,2
d38efe4c-6376-4c49-abd7-05615e596927,2,3
94091979-2c32-46ac-a662-30b6614604ae,4,3
e8a1e449-bda1-46c8-9e69-d63f4c2800d7,8,3
5747dff7-1e11-44cf-84b8-b8f15ff87bc1,2,3
232564f9-76cd-4fb4-9ea3-4b81bfbfe935,5,4
60821f6f-6701-4c01-8938-6951cc125fa5,4,1
4ae35964-2989-4540-8579-477a0892fd96,2,3
89a8b3cb-7ecc-4359-9fb4-bd2609047826,7,1
11841497-93e6-4f64-acb7-16dd51054794,4,3
d88bd785-df55-4d02-95ff-cc79ee4448d4,1,1
3e772814-0c6b-4d76-87e3-62039b93fe09,6,1
117b5761-bbc6-4a83-be07-5bc58718b81f,2,2
d68fc38e-52ff-46f5-9ba0-caa2f344443f,4,3
ad41e33b-ce78-4944-9eb2-1e682e654c99,5,2
11841497-93e6-4f64-acb7-16dd51054794,2,5
98694b0e-0047-4aac-81fc-0ba9792d396f,2,3
95ba36eb-8cb5-4858-abf4-7c9ac3759875,4,3
6bb4497a-933a-4c9c-b18e-53067839345c,4,1
0d0f869c-e883-4eba-abd7-19e2f32c5df2,4,1
59f23c24-6dae-4e01-98d4-74ef65835544,6,4
6b902e38-da9d-422f-9012-20969a541b55,6,5
7474214c-2866-4120-8cdb-ace25ba9f342,3,4
fee6b6cd-206d-4983-8cfc-fc7d10b23f3e,2,3
49b4454f-4780-49af-b201-e3e96c19610a,2,1
a54b516d-a7c8-43ab-bd86-7919ee65b9c1,3,3
abdc8784-8530-4cc3-ad9f-474199cb6d0c,3,1
fcf6ac87-aec0-4216-9c4d-f44c4bd1f385,4,5
b1fb2a8d-c215-4b0e-a4a9-64690c65d41e,5,4
4ebd0de8-7f9c-4b5a-aabc-8c5896ba6d8d,4,5
da9e9186-6419-416c-93e9-4a6c306b27a1,1,3
5e5fa0ef-e149-41c5-8d7b-efff307c183a,3,1
527921c0-94cb-41a4-acd3-7d6c2eb62edc,1,2
31eb328f-0573-43ce-8829-1e934298127d,6,3
d673694d-ff6f-4841-8cf0-a7f75ff6d4e2,3,1
aa10d914-d58e-49aa-83ec-67e6f731a700,7,1
3197655f-d60f-4932-8dd2-479ea7cc301e,1,1
21c384ce-ceac-448a-9a7f-5eac87ad7ef3,5,4
2775e2d5-a0ee-4567-b1c6-6814619c192b,8,3
ad5aacb1-1258-4141-a048-222168d86665,3,5
b5e6efc8-5e4b-46df-81ff-dff224e8dfbe,4,3
350e89e0-310e-418e-85b2-0c2bdc89d77f,8,2
3dc23e04-0d73-4189-9e56-e35261b1e660,8,2
df4bd2c3-8ec2-494f-b432-d23f1acef02f,8,3
131e9dbb-b3c7-44da-b0d3-c69509feac95,1,1
24ad2d03-ee28-49ef-a9f6-cd57510b71a4,1,5
6259764a-64f8-49c0-a0e2-774d8b7c3291,2,5
d673694d-ff6f-4841-8cf0-a7f75ff6d4e2,8,1
272d3a6c-036d-4e0f-adac-1919e364a780,4,5
3b638ed2-70e5-4813-802d-8460fa5e8c78,2,4
9cd85cae-b316-4fa8-bb41-852e1d83b67a,5,5
efc5a7c4-4079-4059-8ffd-031fa12963af,5,4
ea4e9e41-de3c-4b8f-8dfd-bfed47a8e7e8,6,2
4360e285-b926-4d65-bb3b-fffb6e92805e,2,1
980ff33c-c03c-433c-a4b6-9cd92769bd06,5,1
b5e6efc8-5e4b-46df-81ff-dff224e8dfbe,4,2
42796ce1-1e2f-4d79-9986-25d5d3f6d788,6,5
485730b6-3a8b-446e-b87c-13cd6a9b04b2,6,4
6eec5a96-ae73-425e-befa-191e4d5cbe1b,5,1
670165ce-eeb8-40d4-850e-e698939935a8,4,1
fcf6ac87-aec0-4216-9c4d-f44c4bd1f385,1,2
ae44378f-daf2-4abe-8d9b-3006ea82278e,5,1
232564f9-76cd-4fb4-9ea3-4b81bfbfe935,2,2
7bdf5639-725a-4828-b6c3-5b5cc736cc13,3,4
7f047424-3edd-4556-9e0f-e2732fe837a7,5,4
46550531-44ce-48b8-9951-b57ae888cb95,5,5
3d61ab95-9a43-4f36-9810-1a1c4aa7017a,5,4
fec1f1f2-a145-40a3-b070-65f3a9b68c38,3,1
cd826b56-a233-4da4-99e0-1d3c133d9f1e,1,2
89106a07-9022-4ba4-a2a7-0cc432c0c2fb,6,4
5e5fa0ef-e149-41c5-8d7b-efff307c183a,4,5
accbb2e3-6ff5-4b57-b916-db30e0a886ce,8,5
bb6876ea-0de4-4440-9c1f-e7a3a64d2379,3,4
46550531-44ce-48b8-9951-b57ae888cb95,2,4
d1ab6654-efe9-40bb-8a71-b6ad526dd553,4,3
fdbcea21-a8ab-4e07-ba64-48effa7caa14,6,5
d3b1f2ed-979f-4e9b-81e7-38d57e71c53c,5,4
95667df6-dd3b-4e83-822e-ac93807f9f29,4,3
6bf661e6-43ea-4569-9f32-67d35f76e335,2,1
a8085580-7cec-4c18-8008-8243de438ed4,1,3
824be8cc-93bc-494f-96a0-0aad9a062efe,2,2
e5332626-0afe-4b39-bcbc-d5c53d4a3b7c,6,3
1c743b7f-53bf-4637-a516-dd604295fa5f,4,5
f3481941-93fc-4155-beda-3a4442acc56f,7,4
cd2bd085-f73d-4dbb-a9a9-1a9b7cac5347,1,1
2d609413-6e29-4d46-81b7-39936fd9e380,6,1
41930f58-ea40-4201-82f3-bd92392c1a20,1,3
1e65e76b-cd6e-47d3-a077-b252234056f5,6,2
9c24bc24-67d0-4e47-b72b-de15b63b090d,1,3
17b2d46c-c771-4c42-b640-a9b1ad038cbe,6,5
ad463107-e7cc-4306-b0df-16a750a38180,1,4
e8fdb110-0d24-4479-b1d1-628c4b8f14aa,5,1
7f755b48-f7cd-4218-82f9-bf24b526731a,8,1
b2b71afe-2dbd-470b-97df-ceaf65f4f646,7,1
6d46c77f-ea1c-4386-a16a-e3819b8ab25d,8,3
09792140-ae83-4355-ba2b-ca4f2d3ae1ff,1,3
ff9379c7-1d2c-46f1-ad6c-bb168d91962b,8,1
91580238-3a39-40ed-9478-d0919794b722,6,3
c70b630a-43c0-46d2-bfa4-a50a21abf64d,1,5
1a2dbdbc-24c6-4111-a5fe-c32216f87b7f,6,1
4e442815-1b6b-4e25-915f-43fbb93ae9a7,4,5
6cb03bd9-fce6-4a25-8303-e017364052ae,3,1
3b2af6d5-54be-4298-ab03-c57bbb5c2746,1,2
8209b506-0173-4121-94e0-781b70454be3,1,1
75eb52ce-c487-4e7d-b175-46a1cd1bcf13,8,4
0df067ef-28bc-4ea4-b9bc-fc37b30db486,2,2
ab041485-03cb-4dbe-9583-c70a66accc18,5,5
7c7ab1cb-3256-4a61-8831-92521e8cf64e,6,4
6d46c77f-ea1c-4386-a16a-e3819b8ab25d,4,3
52468e2c-22a5-40eb-8aba-278cf9828c46,2,1
d94cf087-8e42-4a43-a82d-bfce1f88e3e0,2,5
0e421a50-2a09-47a6-a911-dd9fb4262d05,4,5
557c1227-c741-4207-8196-a608cfb8b1fb,4,2
8a410f60-9286-4653-8743-d5fd36a6bfd3,5,5
dc367d7e-795b-4178-a3ef-0bc87f967813,1,3
a1322965-3e8e-4ba1-b32b-3e66d8aaf1aa,3,5
b5621382-d382-45c4-a79e-66a8f3c25e69,6,3
aaae7f6e-0039-44b5-8fe6-12c32b114cdc,3,5
0667d4dd-23c3-411b-a1de-66bb7b4ca584,2,5
89a8b3cb-7ecc-4359-9fb4-bd2609047826,5,1
aa10d914-d58e-49aa-83ec-67e6f731a700,6,2
92bf8fd9-dba9-41aa-88c8-f83088a1cba3,5,2
82fbfb43-a3d9-478e-9d4a-7495245de388,5,4
31eb328f-0573-43ce-8829-1e934298127d,5,5
f2d007a4-a98f-404e-94f6-13d2d8daf146,6,1
87d20729-ed36-4a48-98b2-e0df579c7485,8,4
d325de59-7de9-459c-bbdc-cf950833b4e7,5,1
de703f67-a498-43a4-8326-e8c0c4a84929,1,1
b5621382-d382-45c4-a79e-66a8f3c25e69,2,4
42ccf585-dd0c-46c3-a0ba-b2cb87d8db0d,5,1
bf01a388-949c-4f95-895d-7684b5cab6a5,1,3
33951a63-098a-43ad-80ef-d669c6ff57ad,5,4
24ad2d03-ee28-49ef-a9f6-cd57510b71a4,1,5
1b14c2c1-2eaa-4741-8a86-38b38807c14d,5,3
74536f68-b61c-4e73-a55d-49c71386b15b,4,4
d68fc38e-52ff-46f5-9ba0-caa2f344443f,7,2
4be03c30-12e2-4603-b040-53aed32f1212,2,1
31fe553c-7bbb-45bb-ba32-df3c9e7a77aa,4,2
522b2720-02d3-4491-b7b2-7ca20c2e98e5,4,1
98db80a9-a6f8-47eb-8dd7-33af642cf63c,8,3
41f4cbfd-4eec-4720-a1b7-f55e4a444bc5,6,4
3d61ab95-9a43-4f36-9810-1a1c4aa7017a,2,3
cae8ae2c-342d-4bff-99e0-fea638324977,6,5
ca33e48c-a56f-466e-b4f2-9d28cc52374f,7,5
87f6ea6e-0f19-4306-87ac-6465f6707dc1,3,2
927abb95-6e03-48f6-a04e-67a3553966fc,6,4
32d498c9-f1ee-44f3-b5b3-b609c5ed0ab3,3,2
41f4cbfd-4eec-4720-a1b7-f55e4a444bc5,4,4
6b902e38-da9d-422f-9012-20969a541b55,6,2
5d1a7669-f1e6-494b-a6aa-b3e534726a38,5,1
26b9b6c9-8b69-4d1a-8597-56d5b5fdb4f5,8,3
81c448a0-c083-48d9-951a-a960c3824f43,2,2
eb372dd0-4dee-4143-9ffa-f77b15e4cfda,2,1
6f1c374d-0169-4297-8035-9059042453af,2,4
ea4e9e41-de3c-4b8f-8dfd-bfed47a8e7e8,1,3
b786b4bb-29f3-4cdd-ba9a-d1c24a8a4475,6,3
11ac13b8-96aa-4605-9fc6-cee20dad0c03,8,2
95ba36eb-8cb5-4858-abf4-7c9ac3759875,7,4
dc367d7e-795b-4178-a3ef-0bc87f967813,6,3
32d498c9-f1ee-44f3-b5b3-b609c5ed0ab3,4,2
80f7dc64-fa96-436c-85de-1836a84476e1,5,4
98db80a9-a6f8-47eb-8dd7-33af642cf63c,6,3
0535d233-a8a8-4262-b8ab-4a30d6c04e25,4,2
f41284ef-2c13-4b6a-accd-d2b1abc7ebbe,6,1
aaae7f6e-0039-44b5-8fe6-12c32b114cdc,8,3
8a410f60-9286-4653-8743-d5fd36a6bfd3,6,4
0d0f869c-e883-4eba-abd7-19e2f32c5df2,2,3
ad463107-e7cc-4306-b0df-16a750a38180,2,5
f1ee5055-93db-4dd8-b535-710ff512e7cc,8,4
52468e2c-22a5-40eb-8aba-278cf9828c46,3,1
a0336512-098d-416a-87c9-83a9670fc31d,6,1
368acaea-52cb-482e-a6d4-86348d61081c,1,2
0d03fe67-5744-4ac9-8eea-b8a1beae377a,4,1
da9e9186-6419-416c-93e9-4a6c306b27a1,3,4
532a209a-cd29-445e-8db1-03ab3f7a492e,3,3
9e8f5f29-0d56-4531-a529-dbc1705ac8ee,8,3
b5621382-d382-45c4-a79e-66a8f3c25e69,6,2
20a79730-685f-4bc0-b157-97a6159a3e4a,5,5
75eb52ce-c487-4e7d-b175-46a1cd1bcf13,4,1
f1c4b801-09b2-4fcc-96a7-b111e6c66cf2,1,1
670165ce-eeb8-40d4-850e-e698939935a8,6,1
5809fd72-7c2f-46e9-8557-079802c7fe37,2,5
f133352a-c208-4184-893c-d94f77832364,2,1
3d8b2d1a-2611-4685-8387-e25afcb630d1,4,1
59274e34-58e0-48ba-8d40-2bc36c2d42cd,3,1
0d03fe67-5744-4ac9-8eea-b8a1beae377a,5,4
7522f1ce-b7cb-4cf8-90a6-aad523c41fae,7,3
3eba94ee-8d9d-40d6-a92b-5d4975afcea2,5,2
abdc8784-8530-4cc3-ad9f-474199cb6d0c,5,1
ab9aed36-7a98-4bb5-a903-35273d4e1604,2,3
824be8cc-93bc-494f-96a0-0aad9a062efe,2,4
5bc98ff3-c916-413f-9feb-1ed2f25340ee,5,3
136aacbe-3dfe-470d-b73c-88241d4c1a2b,6,4
59f23c24-6dae-4e01-98d4-74ef65835544,6,4
f507112d-c095-4469-b7fb-bc5316f4d88c,5,2
fe2956cc-0861-4fb8-b1b3-039c6551626d,8,1
94091979-2c32-46ac-a662-30b6614604ae,8,3
46550531-44ce-48b8-9951-b57ae888cb95,6,5
3d8b2d1a-2611-4685-8387-e25afcb630d1,3,4
b5e6efc8-5e4b-46df-81ff-dff224e8dfbe,4,1
d747b107-0eab-40bd-bac2-e55b7bf04e01,8,1
e8a1e449-bda1-46c8-9e69-d63f4c2800d7,2,3
0f4430e6-d4f4-4bae-977b-31aea7c38bb5,5,3
4ebd0de8-7f9c-4b5a-aabc-8c5896ba6d8d,8,5
b5621382-d382-45c4-a79e-66a8f3c25e69,4,5
822ea109-c81c-4f4c-875f-f08fbb085999,4,4
49559d45-a009-4bf0-b1f9-a6043f1db255,5,1
6e8c7926-b6c7-4410-b136-99d4a12631e7,5,1
7bdf5639-725a-4828-b6c3-5b5cc736cc13,8,4
2d455edc-9024-46e2-83bc-a164b26cae93,5,5
2b35f9d4-1a47-4470-9607-f8ea3fe745c4,4,4
f3481941-93fc-4155-beda-3a4442acc56f,8,4
1ae2b794-a338-450c-baed-87d0beb801c7,8,1
29c0e22e-8ed8-40c2-ab1b-f6352dc55293,6,5
cae8ae2c-342d-4bff-99e0-fea638324977,4,3
227fc989-90e4-439f-887a-ebff68e3abcd,5,5
f9393214-b695-4d56-a7ef-79301cbf5ce8,3,2
29c0e22e-8ed8-40c2-ab1b-f6352dc55293,4,2
b1860147-5f7f-46eb-be58-4c2827bd9ca0,2,3
d1ab6654-efe9-40bb-8a71-b6ad526dd553,6,3
78e687b2-f0a7-45cc-96bf-85ab965afae7,2,3
70f0bc7d-2e5b-4060-8fd4-a863704e5c6b,1,1
81c448a0-c083-48d9-951a-a960c3824f43,6,5
98694b0e-0047-4aac-81fc-0ba9792d396f,4,1
046f0254-4f60-4b61-9792-11c68b85c780,5,1
59f23c24-6dae-4e01-98d4-74ef65835544,8,4
89106a07-9022-4ba4-a2a7-0cc432c0c2fb,8,2
22e65ff5-55b1-46f0-911f-463a3d303382,2,1
9cd85cae-b316-4fa8-bb41-852e1d83b67a,5,2
601b2474-ca9f-4ce4-a6f1-7bc47f043c14,4,4
3197655f-d60f-4932-8dd2-479ea7cc301e,1,5
ae44378f-daf2-4abe-8d9b-3006ea82278e,4,4
ab9aed36-7a98-4bb5-a903-35273d4e1604,6,2
0d0fa739-0bc2-49d2-b39c-f6ab2bc325c7,2,1
f133352a-c208-4184-893c-d94f77832364,6,1
f9ea8cbf-8eec-4726-92ec-4177681e4ac0,6,4
227fc989-90e4-439f-887a-ebff68e3abcd,2,1
1a138f7b-8832-4c6f-9d8a-467c5dbb02c5,4,4
8b68c453-3e11-44ec-87cc-ec43839eaf15,3,3
46550531-44ce-48b8-9951-b57ae888cb95,1,3
6faca8b2-e2ee-4413-ae52-7ed488dc2453,7,3
81c448a0-c083-48d9-951a-a960c3824f43,4,1
9146bcbf-06f9-49ba-ad37-adb7d4da1bd8,3,2
a0ca7c4a-7f10-429c-8b5c-ff5d1dbd2a3e,1,1
cd826b56-a233-4da4-99e0-1d3c133d9f1e,8,5
00d6765b-5869-42ec-a2e0-2644cffb90bc,1,1
6faca8b2-e2ee-4413-ae52-7ed488dc2453,7,1
12b9f4e3-2d49-43b1-8d53-06c31205e26c,1,2
96d0037e-d811-477a-88bb-0f9233bf24ac,5,3
503dbaac-b4ab-41a0-9aa4-8eb743898d44,6,2
41f20853-2cbd-4019-be35-1845ac4ccd7a,6,2
fdc3c52c-cdf9-4cf1-8a0c-a8ef6fe5280f,3,1
49559d45-a009-4bf0-b1f9-a6043f1db255,2,3
012ffcf9-7c26-45ee-a185-81e6f2be6fa3,5,5
16affd88-4c44-4652-8837-f0135d26708e,5,1
78b70da9-504a-496b-9589-b094670a7fa6,5,2
d43574fa-9028-48d0-9546-5fe19c3a8539,8,5
3b2af6d5-54be-4298-ab03-c57bbb5c2746,8,3
34b36a73-313f-45da-9cc5-c6437242f3f8,5,4
6f1c374d-0169-4297-8035-9059042453af,5,4
6e8c7926-b6c7-4410-b136-99d4a12631e7,1,3
db350561-6652-470b-a1a8-393a9cbfcb31,3,1
ad41e33b-ce78-4944-9eb2-1e682e654c99,2,1
136f0175-7c46-4b01-8d45-3fa96531b1ed,1,1
509106f8-1de5-45a7-ae45-66d7b460fd63,8,2
94091979-2c32-46ac-a662-30b6614604ae,8,3
eb372dd0-4dee-4143-9ffa-f77b15e4cfda,2,5
29c0e22e-8ed8-40c2-ab1b-f6352dc55293,8,1
69b2dab0-c64b-48d4-b300-9c6f86d792c6,8,2
57923f56-03c5-4191-b421-3643cd4c440e,4,3
0d6740a5-fd82-4f54-a30c-f740f06ab2f0,6,5
14896234-b762-455f-993b-c4cc973022c2,5,5
18b38754-50cd-4bfd-90e0-8f395f3eaa2e,8,2
be9a33c0-2daa-40bd-b638-b9d2f69512f3,6,1
d431dd90-3250-46ca-818a-63cba036f2e7,6,5
c2b03ddc-c734-485f-b1a2-b7faa7f54f24,6,3
d7d558b9-ac49-49af-86b1-9cd70420661b,6,5
4d76e7f2-a7c7-48c3-89f4-cd1e6b5549fc,5,5
0667d4dd-23c3-411b-a1de-66bb7b4ca584,7,1
a0ca7c4a-7f10-429c-8b5c-ff5d1dbd2a3e,1,1
4e442815-1b6b-4e25-915f-43fbb93ae9a7,7,4
e8fdb110-0d24-4479-b1d1-628c4b8f14aa,8,3
5435b9ee-9b23-4527-adb9-b985e3e50973,5,3
2f0008bb-df0a-4618-92e7-1c1807c61bc2,7,3
5551ab32-ccfa-4862-b070-53da13cdf25b,3,4
bc580663-7742-44b6-a4ad-aebae505ce45,1,1
b453dce4-20a3-473f-b9c9-d5e3b6a1c653,5,1
53776362-0a67-43fc-89a2-f83745a4cd08,6,1
837480f4-6342-4695-b5f6-15dd6a7ba30b,8,4
4e442815-1b6b-4e25-915f-43fbb93ae9a7,7,2
69b2dab0-c64b-48d4-b300-9c6f86d792c6,2,1
29c0e22e-8ed8-40c2-ab1b-f6352dc55293,4,3
843880d8-5f49-4415-831a-c2480d5626bb,4,2
d3b2bcb7-1325-49ce-9e7d-900a5c0bf7b3,3,2
40ea3e95-cafb-43d1-8bea-69b06d8695f1,1,2
65998224-304c-487e-b74e-5b0fd491ac6a,1,5
79131885-70ce-44ea-93e4-5b1abee3a03f,6,3
4360e285-b926-4d65-bb3b-fffb6e92805e,2,1
89106a07-9022-4ba4-a2a7-0cc432c0c2fb,8,3
5551ab32-ccfa-4862-b070-53da13cdf25b,5,1
0b0f4258-695a-4a3b-9b40-b0a8fd166995,2,4
cf67b923-fe9e-4106-bc9f-f076724f5d9b,2,3
0b7eda3b-3995-47d3-9ef6-44abde7b6c8b,5,3
81c448a0-c083-48d9-951a-a960c3824f43,2,5
78e687b2-f0a7-45cc-96bf-85ab965afae7,7,4
d147a098-bfde-40d4-9488-5ae9911875dd,5,4
2775e2d5-a0ee-4567-b1c6-6814619c192b,5,3
ead49453-8632-44fe-befc-4bbf5357c1a8,3,3
ca33e48c-a56f-466e-b4f2-9d28cc52374f,3,5
be974a0e-44b5-414b-a28b-2587cc78b9ba,5,1
80f7dc64-fa96-436c-85de-1836a84476e1,7,3
0f1ab389-80a1-404f-ab9c-6e76c82f076f,3,2
be20dc27-c656-413f-b783-7bd3cc3b6337,1,3
824be8cc-93bc-494f-96a0-0aad9a062efe,8,2
136aacbe-3dfe-470d-b73c-88241d4c1a2b,2,1
d4a24be6-6865-423e-b2d7-e2457e6435db,8,5
a9a44362-f695-4504-8f8d-df3bff52245c,7,3
ead49453-8632-44fe-befc-4bbf5357c1a8,2,4
82b9dcc7-e8cb-47df-9f45-b603ffd974ea,3,4
6557201d-2ab0-42e9-9aa7-fbae2644128e,6,3
beacdeb4-6610-4685-bc5b-f2e0896fdfbf,8,1
1a138f7b-8832-4c6f-9d8a-467c5dbb02c5,2,3
c04b7278-0ad9-40b1-94f0-4087be369233,8,3
5809fd72-7c2f-46e9-8557-079802c7fe37,6,2
f380e561-a1c6-4115-aaed-39a38567a4ef,7,4
af20d113-4e67-4224-9702-67ad9a3ed152,1,2
9438e961-c11f-424e-b281-dea637616363,2,4
532a209a-cd29-445e-8db1-03ab3f7a492e,2,1
bf0156f5-d81d-40e8-a4da-4bb803fc4fbc,6,3
ed5902a3-3486-4b91-82ce-be5890fe8ce6,8,4
bb17cd64-20bb-4ebb-855c-bf9089a134f1,2,3
ca07f546-0bc7-41e2-8ec6-8bbc304b45c2,5,5
b1fb2a8d-c215-4b0e-a4a9-64690c65d41e,4,5
e8fdb110-0d24-4479-b1d1-628c4b8f14aa,4,2
d7d558b9-ac49-49af-86b1-9cd70420661b,7,3
ca07f546-0bc7-41e2-8ec6-8bbc304b45c2,6,1
ff9379c7-1d2c-46f1-ad6c-bb168d91962b,1,1
f7deea27-815c-4e4f-9bfd-c2648fd9f482,8,2
2b35f9d4-1a47-4470-9607-f8ea3fe745c4,7,4
2bcf3840-1ec6-4ed5-b645-47af1bd5aace,3,2
7c0c73e3-47c9-492c-8825-c2f20681a20d,2,3
4a48cf89-33a1-414c-8252-8925f66661e9,3,4
ab9aed36-7a98-4bb5-a903-35273d4e1604,7,3
5bc98ff3-c916-413f-9feb-1ed2f25340ee,5,2
11841497-93e6-4f64-acb7-16dd51054794,5,2
ee72719a-0315-4700-9da1-10621c382730,6,1
980ff33c-c03c-433c-a4b6-9cd92769bd06,2,4
c70b630a-43c0-46d2-bfa4-a50a21abf64d,8,1
6bb4497a-933a-4c9c-b18e-53067839345c,4,3
ca33e48c-a56f-466e-b4f2-9d28cc52374f,2,4
6bb4497a-933a-4c9c-b18e-53067839345c,4,1
7f047424-3edd-4556-9e0f-e2732fe837a7,8,5
74886263-48b4-4ec3-bb0c-5f968573fffe,6,1
6a9e05e0-6ecb-44f6-9fbd-875485ae17f1,6,3
9962475a-3d51-42f8-aced-8d2a02fb2cc6,8,1
012ffcf9-7c26-45ee-a185-81e6f2be6fa3,5,1
d88bd785-df55-4d02-95ff-cc79ee4448d4,2,5
59f23c24-6dae-4e01-98d4-74ef65835544,3,5
befbeab7-c2c9-45c4-9da4-174971e7c42c,4,1
3eba94ee-8d9d-40d6-a92b-5d4975afcea2,3,3
2d455edc-9024-46e2-83bc-a164b26cae93,2,1
215ec9d3-c849-42c1-ad5f-d000fe06743f,5,4
3783e310-5af0-4f54-bfca-70714ad2de06,4,4
86ce6dbe-84ed-4d7a-8242-ec133a16f6aa,2,2
5e8def39-5e9b-421b-818e-324d458f4c2b,8,4
f16dd342-11cc-4b68-ac4e-f2a5cb97865b,5,1
e73e5fd1-f3e8-493d-ac20-24bb98893cda,7,4
ea4e9e41-de3c-4b8f-8dfd-bfed47a8e7e8,3,5
ae670d11-4d89-417c-8229-f8abbc705ede,6,3
c5a1e07f-8740-4432-bd3d-1ddb2fbafe4d,2,4
8a0788f1-003d-4ce1-91df-eac8b190beaa,8,1
6b902e38-da9d-422f-9012-20969a541b55,5,5
980ff33c-c03c-433c-a4b6-9cd92769bd06,7,1
a1322965-3e8e-4ba1-b32b-3e66d8aaf1aa,1,3
bb399f10-3c1b-43bf-b08a-5d929dd83dff,8,5
04349f71-45fa-4262-8415-c9c8ba45b895,8,5
78e687b2-f0a7-45cc-96bf-85ab965afae7,8,2
6a9e05e0-6ecb-44f6-9fbd-875485ae17f1,8,4
012ffcf9-7c26-45ee-a185-81e6f2be6fa3,8,1
701fe40b-7627-4bd2-bece-e4c45cdd4274,3,4
79131885-70ce-44ea-93e4-5b1abee3a03f,8,2
c277cf98-752a-404a-bc5b-d76c73e2b985,4,2
8a0788f1-003d-4ce1-91df-eac8b190beaa,3,3
714f5c85-b730-46f1-b3d5-254dbd246df7,2,4
fdc3c52c-cdf9-4cf1-8a0c-a8ef6fe5280f,5,2
6cb03bd9-fce6-4a25-8303-e017364052ae,8,3
d68fc38e-52ff-46f5-9ba0-caa2f344443f,4,4
2bcf3840-1ec6-4ed5-b645-47af1bd5aace,7,5
2527bed5-8eca-4f3c-abf0-2da346449e62,8,1
46cdfda3-a14a-4078-b078-9a39869901b8,1,2
3d61ab95-9a43-4f36-9810-1a1c4aa7017a,4,1
f380e561-a1c6-4115-aaed-39a38567a4ef,7,1
813c09ec-98ce-4f5c-807a-b2d21d9a60c8,3,4
d8f10011-a28e-4a27-9147-486106ae7997,1,5
bf01a388-949c-4f95-895d-7684b5cab6a5,4,5
232564f9-76cd-4fb4-9ea3-4b81bfbfe935,3,1
9485f9be-e445-44df-9e2a-a24afd08107a,7,2
1b14c2c1-2eaa-4741-8a86-38b38807c14d,1,5
62bff47b-56d4-4240-b2f7-0a3dc36ffa9a,3,2
c04b7278-0ad9-40b1-94f0-4087be369233,6,3
0f1ab389-80a1-404f-ab9c-6e76c82f076f,4,1
2ad072a6-cb05-4d16-b7e0-a8f29e38438c,5,3
ec186ff0-a5f8-41c1-8175-161e1a42cbac,5,3
7c0c73e3-47c9-492c-8825-c2f20681a20d,5,5
f55057f9-dca0-495e-bd23-079856854556,4,3
89a8b3cb-7ecc-4359-9fb4-bd2609047826,2,3
8b78d283-7b22-4943-875a-4fd887f0df4a,2,3
49559d45-a009-4bf0-b1f9-a6043f1db255,7,5
94091979-2c32-46ac-a662-30b6614604ae,3,5
748cdeed-45b9-4669-a604-7422b624bfc9,7,3
facc8f90-ad8f-4997-ab98-e7cb370648f1,4,1
a9a44362-f695-4504-8f8d-df3bff52245c,6,5
012ffcf9-7c26-45ee-a185-81e6f2be6fa3,3,2
e73e5fd1-f3e8-493d-ac20-24bb98893cda,5,5
02cb4cb9-9f1f-4f96-95d5-55603612e0c4,1,2
ebfe58ea-96bb-402f-9bd1-dbde57b33831,8,5
89a8b3cb-7ecc-4359-9fb4-bd2609047826,1,1
d438e5d0-6275-4aa7-80d9-951dcd626eaa,1,5
2bcf3840-1ec6-4ed5-b645-47af1bd5aace,8,5
3d61ab95-9a43-4f36-9810-1a1c4aa7017a,8,3
eb372dd0-4dee-4143-9ffa-f77b15e4cfda,5,5
f2d007a4-a98f-404e-94f6-13d2d8daf146,3,4
f9ea8cbf-8eec-4726-92ec-4177681e4ac0,6,1
9c0d379e-7d6f-4de5-9008-2a9093565420,6,2
80300b2e-dc7a-484f-a5b9-ed898aacbd1f,8,3
0bb8ba07-2527-4e64-b6f1-251368ee790d,4,3
a8085580-7cec-4c18-8008-8243de438ed4,5,4
131e9dbb-b3c7-44da-b0d3-c69509feac95,1,5
d3b2bcb7-1325-49ce-9e7d-900a5c0bf7b3,4,1
3764a8c6-a041-41e1-bd77-596064304c4e,4,2
89a8b3cb-7ecc-4359-9fb4-bd2609047826,2,3
9962475a-3d51-42f8-aced-8d2a02fb2cc6,8,5
74886263-48b4-4ec3-bb0c-5f968573fffe,6,1
3764a8c6-a041-41e1-bd77-596064304c4e,3,4
705511dc-7267-496e-869f-2fc3c619b3f0,7,1
6e8c7926-b6c7-4410-b136-99d4a12631e7,6,3
69b2dab0-c64b-48d4-b300-9c6f86d792c6,6,2
9962475a-3d51-42f8-aced-8d2a02fb2cc6,6,1
49def278-c966-4fcb-b752-78cc37f4efc4,5,2
5f111c8c-080f-4984-8271-f69bd91d2c7c,1,1
f133352a-c208-4184-893c-d94f77832364,7,5
9438e961-c11f-424e-b281-dea637616363,1,2
46cdfda3-a14a-4078-b078-9a39869901b8,1,1
af20d113-4e67-4224-9702-67ad9a3ed152,4,2
34b36a73-313f-45da-9cc5-c6437242f3f8,4,1
f2de8650-c29e-429d-9fb1-526ef634b9e2,5,4
14307f80-2ff0-4ccf-9ac8-73768a43edb2,5,4
f02fcaf3-1bfb-4760-898b-455a6a659c46,6,1
d43574fa-9028-48d0-9546-5fe19c3a8539,6,3
89a2923f-83b4-4364-beb8-750c5bf14d3d,2,2
5809fd72-7c2f-46e9-8557-079802c7fe37,7,2
0d03fe67-5744-4ac9-8eea-b8a1beae377a,5,5
2d455edc-9024-46e2-83bc-a164b26cae93,3,2
ae851e1d-b980-46fc-9ac5-23ba947a1905,4,4
cf9e412c-39d0-4516-abdd-11b9b93aa043,3,1
6465f949-afc1-429d-bcf7-168b5d1fde9b,2,3
813c09ec-98ce-4f5c-807a-b2d21d9a60c8,5,2
3b638ed2-70e5-4813-802d-8460fa5e8c78,5,3
8a0788f1-003d-4ce1-91df-eac8b190beaa,6,5
bf71b356-fdfa-47d9-b713-69da0a644da6,8,1
950bc6a2-27f9-4f2f-a70b-db6b47dc7a9e,1,2
c04b7278-0ad9-40b1-94f0-4087be369233,8,2
c5293ffa-e6a8-422c-860e-f9f364a9684a,7,5
65c419df-399a-47c4-8a12-8bc2f5420303,2,5
f6494464-5e7f-49d7-b990-8ddbfb9464e2,5,1
09792140-ae83-4355-ba2b-ca4f2d3ae1ff,3,2
950bc6a2-27f9-4f2f-a70b-db6b47dc7a9e,2,4
22e65ff5-55b1-46f0-911f-463a3d303382,5,1
82b9dcc7-e8cb-47df-9f45-b603ffd974ea,8,1
950bc6a2-27f9-4f2f-a70b-db6b47dc7a9e,6,1
6f1c374d-0169-4297-8035-9059042453af,1,1
3dc23e04-0d73-4189-9e56-e35261b1e660,2,4
0d03fe67-5744-4ac9-8eea-b8a1beae377a,4,5
f507112d-c095-4469-b7fb-bc5316f4d88c,2,2
778e96ad-82f2-4912-920f-e8c87645a06d,1,4
dc56ef20-80af-4fa6-b59f-97c8ff779e77,3,1
522b2720-02d3-4491-b7b2-7ca20c2e98e5,8,5
da9e9186-6419-416c-93e9-4a6c306b27a1,4,4
f90408c7-7256-4f1d-9f62-a7d637d87331,8,4
95ba36eb-8cb5-4858-abf4-7c9ac3759875,6,3
0bb8ba07-2527-4e64-b6f1-251368ee790d,7,1
f507112d-c095-4469-b7fb-bc5316f4d88c,6,2
965fa1ff-7479-4e71-a63f-bc0ac2f6f9fb,6,4
7587c800-cae3-418b-8b44-4ef324aac515,3,5
6faca8b2-e2ee-4413-ae52-7ed488dc2453,6,4
efc5a7c4-4079-4059-8ffd-031fa12963af,2,1
26b9b6c9-8b69-4d1a-8597-56d5b5fdb4f5,6,2
42ccf585-dd0c-46c3-a0ba-b2cb87d8db0d,8,5
be20dc27-c656-413f-b783-7bd3cc3b6337,7,3
379b3e0e-f8df-4258-82e7-63c2556fd46e,4,3
6a9e05e0-6ecb-44f6-9fbd-875485ae17f1,7,2
0b0f4258-695a-4a3b-9b40-b0a8fd166995,7,1
0f1ab389-80a1-404f-ab9c-6e76c82f076f,4,5
db350561-6652-470b-a1a8-393a9cbfcb31,4,5
d3b2bcb7-1325-49ce-9e7d-900a5c0bf7b3,1,4
09792140-ae83-4355-ba2b-ca4f2d3ae1ff,2,4
ac0ba32b-72da-4fe7-b056-61c9702fe357,8,4
d94cf087-8e42-4a43-a82d-bfce1f88e3e0,3,4
cae8ae2c-342d-4bff-99e0-fea638324977,3,3
dba448b1-3abd-4595-a13b-84747d435283,3,5
2d609413-6e29-4d46-81b7-39936fd9e380,6,5
cd9fac8c-3481-4c9a-b49a-12daa08409d6,8,1
f2de8650-c29e-429d-9fb1-526ef634b9e2,3,3
e2a84b9c-b16b-4c31-9ca8-c527c4697f01,3,5
4da99649-86f2-444c-9490-a659ca659503,3,1
bb059108-d9f7-4568-993f-4c83d41277cf,7,4
d4a6071f-0620-47c4-8fbb-bfe26c700427,2,3
60821f6f-6701-4c01-8938-6951cc125fa5,7,2
b0792471-96fc-438f-9665-5c61d70d224f,5,1
42ccf585-dd0c-46c3-a0ba-b2cb87d8db0d,4,5
c5ca0a5d-6cf8-4728-9225-1d0ee8af00c6,4,3
93067f1c-a402-4b8f-b01d-16b4aa347dcb,2,5
8209b506-0173-4121-94e0-781b70454be3,8,3
ae851e1d-b980-46fc-9ac5-23ba947a1905,2,2
f2de8650-c29e-429d-9fb1-526ef634b9e2,5,2
522b2720-02d3-4491-b7b2-7ca20c2e98e5,2,4
f55057f9-dca0-495e-bd23-079856854556,5,1
8a3536e8-fe61-403f-9d4d-b1897b3e4875,2,2
8f2a73b7-8608-4f1d-bb4c-becc41154c93,5,5
80b88138-8c69-4fd3-8764-78770f3864fb,6,2
ab041485-03cb-4dbe-9583-c70a66accc18,4,2
69827ec1-5967-46a9-b9bc-94002c9b6130,8,3
6d256123-c9ec-4734-96e1-0d951f518425,8,3
ac823fd9-b3e8-4009-9a4f-9628ec354c89,5,3
14307f80-2ff0-4ccf-9ac8-73768a43edb2,1,5
7f755b48-f7cd-4218-82f9-bf24b526731a,4,2
0d6740a5-fd82-4f54-a30c-f740f06ab2f0,5,5
7bb18f93-b96a-4414-a41f-ecc33a617b4d,8,4
69b2dab0-c64b-48d4-b300-9c6f86d792c6,5,2
92cb6eb1-c895-429d-9ee0-05ffec1028a9,4,3
f9ea8cbf-8eec-4726-92ec-4177681e4ac0,1,5
fec1f1f2-a145-40a3-b070-65f3a9b68c38,4,3
e943af72-0777-4bdd-ac90-09b7c7518c2a,8,4
2f0008bb-df0a-4618-92e7-1c1807c61bc2,5,4
843880d8-5f49-4415-831a-c2480d5626bb,3,3
cd2bd085-f73d-4dbb-a9a9-1a9b7cac5347,8,1
79131885-70ce-44ea-93e4-5b1abee3a03f,5,2
dba448b1-3abd-4595-a13b-84747d435283,3,3
8ccd139e-74ae-4a8f-a705-32614246111d,7,5
0b7eda3b-3995-47d3-9ef6-44abde7b6c8b,1,5
92bf8fd9-dba9-41aa-88c8-f83088a1cba3,6,2
e73e5fd1-f3e8-493d-ac20-24bb98893cda,4,1
5bb02278-cde1-43b6-8a30-57a2435fb4fa,5,5
4bd7a797-5e52-4617-8961-a36ed3d911fe,5,5
f55ec886-bbfc-426b-a14f-49095ef75e6c,1,1
ead49453-8632-44fe-befc-4bbf5357c1a8,4,2
d0dc011b-3642-46c1-b87c-b404287938a7,1,3
950bc6a2-27f9-4f2f-a70b-db6b47dc7a9e,6,3
7359a754-4c16-4aa3-84be-e1a78ebd865e,2,2
ebfe58ea-96bb-402f-9bd1-dbde57b33831,2,5
fcf6ac87-aec0-4216-9c4d-f44c4bd1f385,7,4
503dbaac-b4ab-41a0-9aa4-8eb743898d44,2,1
8dee702a-b8a0-4c3e-877e-661d29f2f956,5,3
d43574fa-9028-48d0-9546-5fe19c3a8539,4,1
1473b1b4-7b53-43ef-83db-4ae9cfc01de9,4,3
1638d862-b0ac-44dc-8daf-2bc9885f0f97,3,1
dba448b1-3abd-4595-a13b-84747d435283,5,3
bb399f10-3c1b-43bf-b08a-5d929dd83dff,7,4
3e7587be-d554-49ba-8ffd-9f58e720ea28,3,1
5435b9ee-9b23-4527-adb9-b985e3e50973,4,2
35861add-1e55-4e0a-bd49-0b83b9f37d08,1,3
78b70da9-504a-496b-9589-b094670a7fa6,4,4
32d498c9-f1ee-44f3-b5b3-b609c5ed0ab3,3,4
d094d9ed-1ad2-42bd-bba5-c6705d2bcd36,5,1
92bf8fd9-dba9-41aa-88c8-f83088a1cba3,7,4
3783e310-5af0-4f54-bfca-70714ad2de06,8,4
714f5c85-b730-46f1-b3d5-254dbd246df7,7,2
d43574fa-9028-48d0-9546-5fe19c3a8539,5,3
354514d6-9063-46a1-a172-303e01f7da15,4,5
be20dc27-c656-413f-b783-7bd3cc3b6337,4,2
65998224-304c-487e-b74e-5b0fd491ac6a,6,4
83e11eec-8548-498a-a8c4-25358499e304,8,1
16affd88-4c44-4652-8837-f0135d26708e,7,1
41f4cbfd-4eec-4720-a1b7-f55e4a444bc5,8,4
4da99649-86f2-444c-9490-a659ca659503,2,4
ac0ba32b-72da-4fe7-b056-61c9702fe357,2,1
813ace58-438d-4f1e-9460-a4c8c6bf65a2,7,2
da9e9186-6419-416c-93e9-4a6c306b27a1,8,4
57923f56-03c5-4191-b421-3643cd4c440e,8,3
136aacbe-3dfe-470d-b73c-88241d4c1a2b,5,4
17162a4f-13a1-46c3-8709-c44c5535c58f,1,3
0e421a50-2a09-47a6-a911-dd9fb4262d05,3,3
ead49453-8632-44fe-befc-4bbf5357c1a8,4,4
b302fe5f-ba36-466e-b011-c2149aa6ca8b,8,3
4ca70073-8c35-4320-a2ae-8b476f61dbd6,6,2
e73fc1a3-bcfd-4ccb-a3b5-47a2b3f5130d,7,3
6bb4497a-933a-4c9c-b18e-53067839345c,2,3
11841497-93e6-4f64-acb7-16dd51054794,7,4
14673edf-41cb-48f3-b371-f9856c0268e5,7,4
75eb52ce-c487-4e7d-b175-46a1cd1bcf13,2,3
f9393214-b695-4d56-a7ef-79301cbf5ce8,2,1
49b4454f-4780-49af-b201-e3e96c19610a,5,1
cc73f1c9-9c0e-46bb-a498-93ad5367d884,8,1
53776362-0a67-43fc-89a2-f83745a4cd08,5,5
4bd7a797-5e52-4617-8961-a36ed3d911fe,3,1
e943af72-0777-4bdd-ac90-09b7c7518c2a,3,2
98694b0e-0047-4aac-81fc-0ba9792d396f,7,1
5e8def39-5e9b-421b-818e-324d458f4c2b,6,4
ea4e9e41-de3c-4b8f-8dfd-bfed47a8e7e8,2,2
fe2956cc-0861-4fb8-b1b3-039c6551626d,4,4
69827ec1-5967-46a9-b9bc-94002c9b6130,2,4
5809fd72-7c2f-46e9-8557-079802c7fe37,3,2
dc367d7e-795b-4178-a3ef-0bc87f967813,7,2
0d03fe67-5744-4ac9-8eea-b8a1beae377a,3,2
0b7eda3b-3995-47d3-9ef6-44abde7b6c8b,7,5
fdc3c52c-cdf9-4cf1-8a0c-a8ef6fe5280f,3,3
a895f401-366a-4151-ac10-88ccdb324361,2,2
69b2dab0-c64b-48d4-b300-9c6f86d792c6,4,2
77579e0b-bcb5-4744-b497-66126c0583b0,7,4
1638d862-b0ac-44dc-8daf-2bc9885f0f97,2,2
f02fcaf3-1bfb-4760-898b-455a6a659c46,4,1
87d20729-ed36-4a48-98b2-e0df579c7485,1,5
4abbb01d-1a62-4a17-853a-33492647572f,6,1
bee72ceb-fc83-46d6-8441-1c0be7a3256d,8,5
24ad2d03-ee28-49ef-a9f6-cd57510b71a4,5,3
87d20729-ed36-4a48-98b2-e0df579c7485,3,2
14ec90b4-1b2a-4307-bcba-4ea815154074,7,4
f0459210-8d92-4c58-9c11-2ff974688c2a,3,3
7c1161a6-c668-495a-88ef-b3c39710ebae,4,5
299e42fc-1a77-4ec1-955f-98cc52def2ad,4,2
bdf86742-eafd-44dd-a653-b94c29b1cb24,6,4
4bd7a797-5e52-4617-8961-a36ed3d911fe,1,4
e943af72-0777-4bdd-ac90-09b7c7518c2a,6,2
2527bed5-8eca-4f3c-abf0-2da346449e62,3,1
b786b4bb-29f3-4cdd-ba9a-d1c24a8a4475,1,5
8a410f60-9286-4653-8743-d5fd36a6bfd3,6,5
a0336512-098d-416a-87c9-83a9670fc31d,4,1
f55057f9-dca0-495e-bd23-079856854556,3,3
606d1a86-bda3-4044-a124-e815e2f74d72,1,5
813c09ec-98ce-4f5c-807a-b2d21d9a60c8,3,5
62bff47b-56d4-4240-b2f7-0a3dc36ffa9a,3,1
4da99649-86f2-444c-9490-a659ca659503,3,4
eb3edd84-748e-4a7d-ab44-2c64b24fa817,6,1
ad5aacb1-1258-4141-a048-222168d86665,7,2
ab041485-03cb-4dbe-9583-c70a66accc18,7,3
ac0ba32b-72da-4fe7-b056-61c9702fe357,2,3
41f4cbfd-4eec-4720-a1b7-f55e4a444bc5,3,4
d508f789-3f29-4b5b-bdca-203b2f8b14bb,7,2
dc367d7e-795b-4178-a3ef-0bc87f967813,6,2
3e7587be-d554-49ba-8ffd-9f58e720ea28,1,1
bf71b356-fdfa-47d9-b713-69da0a644da6,8,2
467449a8-72b2-43c1-a43d-7b32dfd4c820,6,2
0a69011e-236d-4e37-ba47-c854557ea6f3,4,2
c17dfd17-d741-49c8-8353-5915117b8598,8,3
e23f9fdc-f8c7-4b95-b445-a15c1dfd1b79,5,4
f2445d90-9380-4a63-8caa-52b30a781b3f,7,1
80f7dc64-fa96-436c-85de-1836a84476e1,2,1
4da99649-86f2-444c-9490-a659ca659503,1,1
ea4e9e41-de3c-4b8f-8dfd-bfed47a8e7e8,2,5
31fe553c-7bbb-45bb-ba32-df3c9e7a77aa,3,1
7522f1ce-b7cb-4cf8-90a6-aad523c41fae,8,4
db350561-6652-470b-a1a8-393a9cbfcb31,1,2
5435b9ee-9b23-4527-adb9-b985e3e50973,7,3
e1038f88-632f-4d94-84c5-074136857488,4,2
cf9e412c-39d0-4516-abdd-11b9b93aa043,5,3
4abbb01d-1a62-4a17-853a-33492647572f,6,5
5f602ed3-afdf-4241-b859-d8ef2cd773e5,1,1
c04b7278-0ad9-40b1-94f0-4087be369233,5,1
c2fa6060-6242-4edf-a022-9b3581ee85c1,6,1
1a21c26a-2a6e-466d-8fe1-dc55e742813e,1,2
c8568f7f-27f2-492b-a728-9d0504bc298a,3,4
3a2d65b5-5117-4c85-a85c-d64995f231cf,3,3
7fe871eb-46c0-457b-a93f-a859b475713c,5,2
d94cf087-8e42-4a43-a82d-bfce1f88e3e0,1,3
beacdeb4-6610-4685-bc5b-f2e0896fdfbf,8,2
f7deea27-815c-4e4f-9bfd-c2648fd9f482,5,3
7fe871eb-46c0-457b-a93f-a859b475713c,8,2
4360e285-b926-4d65-bb3b-fffb6e92805e,8,1
6b902e38-da9d-422f-9012-20969a541b55,6,3
ebfe58ea-96bb-402f-9bd1-dbde57b33831,8,1
85d555c5-4a49-4ad4-a5b8-70200b667ccd,7,3
14307f80-2ff0-4ccf-9ac8-73768a43edb2,3,3
1afff7c2-4a95-4d58-b115-9fda4f35e863,8,4
f16dd342-11cc-4b68-ac4e-f2a5cb97865b,1,4
73ac3f88-9c1d-4eb4-a66b-d6ba863d40a0,4,2
ced9ed9b-a26d-47fa-ba67-b203e45a0df7,7,1
bee72ceb-fc83-46d6-8441-1c0be7a3256d,6,1
ca33e48c-a56f-466e-b4f2-9d28cc52374f,6,2
c61c644b-a433-4e68-9975-5b23e4fcfdf0,3,4
bb059108-d9f7-4568-993f-4c83d41277cf,4,3
65d09708-6e4c-48c4-b356-34c9b27a6aed,5,2
24b6a707-6458-45a9-8b6b-c98ab45604ad,8,5
d438e5d0-6275-4aa7-80d9-951dcd626eaa,2,1
379b3e0e-f8df-4258-82e7-63c2556fd46e,6,5
5d1a7669-f1e6-494b-a6aa-b3e534726a38,4,2
532a209a-cd29-445e-8db1-03ab3f7a492e,4,3
d68fc38e-52ff-46f5-9ba0-caa2f344443f,4,5
350e89e0-310e-418e-85b2-0c2bdc89d77f,1,3
2d3c56e6-8ddd-41f2-9d22-f19e1b49df7e,3,4
2edef0fe-4457-4453-b8dd-297f9fc2b8b1,8,2
824be8cc-93bc-494f-96a0-0aad9a062efe,6,3
f41284ef-2c13-4b6a-accd-d2b1abc7ebbe,3,2
7117a310-631b-4f03-b27e-f5f635c4993c,7,1
42796ce1-1e2f-4d79-9986-25d5d3f6d788,6,4
ddde3b2d-5494-4404-b2da-552b11adeab3,4,1
f9393214-b695-4d56-a7ef-79301cbf5ce8,4,1
49b4454f-4780-49af-b201-e3e96c19610a,8,4
6f1c374d-0169-4297-8035-9059042453af,3,1
46cdfda3-a14a-4078-b078-9a39869901b8,3,3
4360e285-b926-4d65-bb3b-fffb6e92805e,3,3
41f4cbfd-4eec-4720-a1b7-f55e4a444bc5,3,4
42796ce1-1e2f-4d79-9986-25d5d3f6d788,4,2
0fe57a41-c44c-49c7-b68e-1350c5146b37,5,3
272d3a6c-036d-4e0f-adac-1919e364a780,8,5
f2d007a4-a98f-404e-94f6-13d2d8daf146,4,4
cd826b56-a233-4da4-99e0-1d3c133d9f1e,4,2
60821f6f-6701-4c01-8938-6951cc125fa5,1,5
b0304e32-8e6a-4663-81e8-dd085ea6a094,3,3
fe2956cc-0861-4fb8-b1b3-039c6551626d,1,5
f1bd9dcc-a11a-4955-8332-d831cbeacf62,1,4
bf0156f5-d81d-40e8-a4da-4bb803fc4fbc,7,2
701fe40b-7627-4bd2-bece-e4c45cdd4274,2,1
5435b9ee-9b23-4527-adb9-b985e3e50973,4,2
3ae2e443-728b-4705-86c9-71f2a1ea79ef,8,4
df82bfa3-a665-4654-9336-5fc10c991d44,2,1
1ec5720d-3cd2-4331-8459-74466690eced,1,1
4360e285-b926-4d65-bb3b-fffb6e92805e,2,5
dee22f31-1f0a-44e0-98eb-f77b71522655,1,1
e5332626-0afe-4b39-bcbc-d5c53d4a3b7c,8,1
b5621382-d382-45c4-a79e-66a8f3c25e69,5,3
be9a33c0-2daa-40bd-b638-b9d2f69512f3,7,1
ca07f546-0bc7-41e2-8ec6-8bbc304b45c2,1,4
9e32b74e-c3a9-4110-a453-f928e066d69a,1,1
96d0037e-d811-477a-88bb-0f9233bf24ac,7,4
f2de8650-c29e-429d-9fb1-526ef634b9e2,7,5
beacdeb4-6610-4685-bc5b-f2e0896fdfbf,6,1
df4bd2c3-8ec2-494f-b432-d23f1acef02f,7,2
d4a6071f-0620-47c4-8fbb-bfe26c700427,5,3
38388e9a-67b8-482a-9412-b472a4121bbf,7,4
20a79730-685f-4bc0-b157-97a6159a3e4a,8,5
ab9aed36-7a98-4bb5-a903-35273d4e1604,5,3
714f5c85-b730-46f1-b3d5-254dbd246df7,3,4
e73fc1a3-bcfd-4ccb-a3b5-47a2b3f5130d,2,3
892fa026-295d-448c-8985-81a81ed35376,5,1
4ca70073-8c35-4320-a2ae-8b476f61dbd6,5,5
d43574fa-9028-48d0-9546-5fe19c3a8539,4,2
950bc6a2-27f9-4f2f-a70b-db6b47dc7a9e,7,3
3dc23e04-0d73-4189-9e56-e35261b1e660,2,3
bf01a388-949c-4f95-895d-7684b5cab6a5,8,1
2d3c56e6-8ddd-41f2-9d22-f19e1b49df7e,6,2
ddde3b2d-5494-4404-b2da-552b11adeab3,7,3
6a9e05e0-6ecb-44f6-9fbd-875485ae17f1,6,4
ad463107-e7cc-4306-b0df-16a750a38180,3,4
57923f56-03c5-4191-b421-3643cd4c440e,5,1
09792140-ae83-4355-ba2b-ca4f2d3ae1ff,6,1
bdf86742-eafd-44dd-a653-b94c29b1cb24,7,4
232564f9-76cd-4fb4-9ea3-4b81bfbfe935,2,1
d3b2bcb7-1325-49ce-9e7d-900a5c0bf7b3,2,1
cff0ef0e-dbc8-48f4-887b-10f9195d2eb2,4,3
3e772814-0c6b-4d76-87e3-62039b93fe09,6,5
ea4e9e41-de3c-4b8f-8dfd-bfed47a8e7e8,1,1
f9ea8cbf-8eec-4726-92ec-4177681e4ac0,1,3
5473eedb-246e-43d3-a75d-1ba18eea3e61,1,4
5d1a7669-f1e6-494b-a6aa-b3e534726a38,3,3
38388e9a-67b8-482a-9412-b472a4121bbf,8,3
89a2923f-83b4-4364-beb8-750c5bf14d3d,1,1
c15ca881-6382-4580-9e8e-5129af57b5ab,6,3
4ac8fdca-2ea2-4194-954e-3c205d45129d,8,2
70f0bc7d-2e5b-4060-8fd4-a863704e5c6b,7,4
0bb8ba07-2527-4e64-b6f1-251368ee790d,7,4
0b9319f6-b857-42aa-89df-9ebed2b8b342,4,3
f239dfa2-c1a9-456c-b1d1-53c35c9a2c45,1,1
f1c4b801-09b2-4fcc-96a7-b111e6c66cf2,5,2
92bf8fd9-dba9-41aa-88c8-f83088a1cba3,5,4
31fe553c-7bbb-45bb-ba32-df3c9e7a77aa,2,4
ead49453-8632-44fe-befc-4bbf5357c1a8,4,4
70f0bc7d-2e5b-4060-8fd4-a863704e5c6b,2,3
fee6b6cd-206d-4983-8cfc-fc7d10b23f3e,7,4
1ec5720d-3cd2-4331-8459-74466690eced,5,2
d8f10011-a28e-4a27-9147-486106ae7997,7,3
7f047424-3edd-4556-9e0f-e2732fe837a7,1,2
81c448a0-c083-48d9-951a-a960c3824f43,7,2
b1860147-5f7f-46eb-be58-4c2827bd9ca0,5,1
14ec90b4-1b2a-4307-bcba-4ea815154074,5,2
92bf8fd9-dba9-41aa-88c8-f83088a1cba3,4,2
d88bd785-df55-4d02-95ff-cc79ee4448d4,4,3
8a3536e8-fe61-403f-9d4d-b1897b3e4875,6,5
4360e285-b926-4d65-bb3b-fffb6e92805e,6,2
bb059108-d9f7-4568-993f-4c83d41277cf,4,2
38388e9a-67b8-482a-9412-b472a4121bbf,2,3
812cbb85-8970-42b7-95f0-c59278724dcf,3,2
c5ca0a5d-6cf8-4728-9225-1d0ee8af00c6,1,5
2b35f9d4-1a47-4470-9607-f8ea3fe745c4,2,5
14896234-b762-455f-993b-c4cc973022c2,7,4
e9053313-ce82-41b4-92fc-82fb6c5a7173,3,3
bdf86742-eafd-44dd-a653-b94c29b1cb24,3,5
215ec9d3-c849-42c1-ad5f-d000fe06743f,7,5
c2b03ddc-c734-485f-b1a2-b7faa7f54f24,4,2
8f2a73b7-8608-4f1d-bb4c-becc41154c93,6,5
d8f10011-a28e-4a27-9147-486106ae7997,2,3
c8568f7f-27f2-492b-a728-9d0504bc298a,7,3
65998224-304c-487e-b74e-5b0fd491ac6a,4,3
4e442815-1b6b-4e25-915f-43fbb93ae9a7,5,5
ead49453-8632-44fe-befc-4bbf5357c1a8,1,5
6465f949-afc1-429d-bcf7-168b5d1fde9b,6,3
0d6740a5-fd82-4f54-a30c-f740f06ab2f0,3,3
ced9ed9b-a26d-47fa-ba67-b203e45a0df7,6,2
7bdf5639-725a-4828-b6c3-5b5cc736cc13,5,3
965fa1ff-7479-4e71-a63f-bc0ac2f6f9fb,6,5
a1322965-3e8e-4ba1-b32b-3e66d8aaf1aa,5,1
e5332626-0afe-4b39-bcbc-d5c53d4a3b7c,7,4
215ec9d3-c849-42c1-ad5f-d000fe06743f,4,1
9438e961-c11f-424e-b281-dea637616363,3,4
00d6765b-5869-42ec-a2e0-2644cffb90bc,8,2
5473eedb-246e-43d3-a75d-1ba18eea3e61,8,2
6a9e05e0-6ecb-44f6-9fbd-875485ae17f1,2,1
40ea3e95-cafb-43d1-8bea-69b06d8695f1,5,1
f1c4b801-09b2-4fcc-96a7-b111e6c66cf2,2,2
7308b59a-3db9-4508-90d4-94152ecb5f38,6,1
b3986dd0-5076-4c6d-8a0e-d6d3a1b13dbb,7,1
ed5902a3-3486-4b91-82ce-be5890fe8ce6,6,2
b3986dd0-5076-4c6d-8a0e-d6d3a1b13dbb,1,5
c40601dd-6c4a-4be8-9ef8-4bd26578b19e,1,3
ad5aacb1-1258-4141-a048-222168d86665,7,5
485730b6-3a8b-446e-b87c-13cd6a9b04b2,7,1
215ec9d3-c849-42c1-ad5f-d000fe06743f,3,3
1473b1b4-7b53-43ef-83db-4ae9cfc01de9,8,3
843880d8-5f49-4415-831a-c2480d5626bb,1,1
1a2dbdbc-24c6-4111-a5fe-c32216f87b7f,5,4
c2fa6060-6242-4edf-a022-9b3581ee85c1,4,1
1a27a444-d299-4163-82f8-b3a90c110a64,1,1
9cd85cae-b316-4fa8-bb41-852e1d83b67a,6,1
d673694d-ff6f-4841-8cf0-a7f75ff6d4e2,4,5
4e25f205-90da-4fba-9d48-8ca73f4dd875,8,4
1b273b83-b990-4bcd-924b-a9dbdd6e673f,3,1
1473b1b4-7b53-43ef-83db-4ae9cfc01de9,4,2
f239dfa2-c1a9-456c-b1d1-53c35c9a2c45,6,5
41930f58-ea40-4201-82f3-bd92392c1a20,5,2
cf67b923-fe9e-4106-bc9f-f076724f5d9b,3,3
94776997-985a-41db-87f7-3fbfb3a4b569,6,1
d3b1f2ed-979f-4e9b-81e7-38d57e71c53c,4,5
9fe5ad6a-a461-432a-906a-dc42cff3c376,5,2
f2d007a4-a98f-404e-94f6-13d2d8daf146,6,1
facc8f90-ad8f-4997-ab98-e7cb370648f1,8,1
db7b12eb-b044-488f-a0d7-ee6d8c1e954a,1,5
c5ce634f-4e2a-42ec-8e39-1abf26fc473f,2,1
46cdfda3-a14a-4078-b078-9a39869901b8,7,4
f239dfa2-c1a9-456c-b1d1-53c35c9a2c45,3,4
215ec9d3-c849-42c1-ad5f-d000fe06743f,7,2
0d03fe67-5744-4ac9-8eea-b8a1beae377a,6,4
89106a07-9022-4ba4-a2a7-0cc432c0c2fb,5,2
f6494464-5e7f-49d7-b990-8ddbfb9464e2,4,1
d673694d-ff6f-4841-8cf0-a7f75ff6d4e2,5,5
dba448b1-3abd-4595-a13b-84747d435283,2,4
31fe553c-7bbb-45bb-ba32-df3c9e7a77aa,2,5
f41284ef-2c13-4b6a-accd-d2b1abc7ebbe,6,1
c70b630a-43c0-46d2-bfa4-a50a21abf64d,6,2
95ba36eb-8cb5-4858-abf4-7c9ac3759875,6,4
350e89e0-310e-418e-85b2-0c2bdc89d77f,3,4
16bacc1e-6a6d-454f-837f-d4f0525989f7,2,1
20a79730-685f-4bc0-b157-97a6159a3e4a,8,2
b0792471-96fc-438f-9665-5c61d70d224f,1,5
4a48cf89-33a1-414c-8252-8925f66661e9,2,2
c15ca881-6382-4580-9e8e-5129af57b5ab,6,1
de9ed400-731d-42e9-a5a9-fc65f1d61eb4,4,5
20a79730-685f-4bc0-b157-97a6159a3e4a,5,2
be20dc27-c656-413f-b783-7bd3cc3b6337,4,1
75630d5c-9fe9-46bc-95cf-6733795df118,8,5
d8f10011-a28e-4a27-9147-486106ae7997,6,5
354514d6-9063-46a1-a172-303e01f7da15,6,4
d0dc011b-3642-46c1-b87c-b404287938a7,6,3
14ec90b4-1b2a-4307-bcba-4ea815154074,3,3
aa10d914-d58e-49aa-83ec-67e6f731a700,8,4
0ee9fefc-f0e7-45e8-8d7c-b0859712a9b1,1,3
aaae7f6e-0039-44b5-8fe6-12c32b114cdc,3,3
facc8f90-ad8f-4997-ab98-e7cb370648f1,7,3
a1322965-3e8e-4ba1-b32b-3e66d8aaf1aa,1,5
59274e34-58e0-48ba-8d40-2bc36c2d42cd,2,5
fcf6ac87-aec0-4216-9c4d-f44c4bd1f385,4,3
04349f71-45fa-4262-8415-c9c8ba45b895,8,5
6eec5a96-ae73-425e-befa-191e4d5cbe1b,6,3
0d6740a5-fd82-4f54-a30c-f740f06ab2f0,3,1
76bd6e26-a3ef-4c3d-ad34-ba063bf2723b,8,3
be9a33c0-2daa-40bd-b638-b9d2f69512f3,3,1
3a2f5b8a-04af-43a4-8691-f204582209a1,6,1
671a20d2-46d3-4ded-80d2-fcc162cbb551,5,2
be20dc27-c656-413f-b783-7bd3cc3b6337,4,5
181fe116-d9f0-41c8-aaf0-aeaa277c3342,5,2
3391c5cb-49aa-4054-a5d0-352342f0a431,4,3
1a27a444-d299-4163-82f8-b3a90c110a64,1,3
ebfe58ea-96bb-402f-9bd1-dbde57b33831,6,5
c5a1e07f-8740-4432-bd3d-1ddb2fbafe4d,1,4
b0792471-96fc-438f-9665-5c61d70d224f,6,3
f133352a-c208-4184-893c-d94f77832364,5,1
32d498c9-f1ee-44f3-b5b3-b609c5ed0ab3,4,2
e73e5fd1-f3e8-493d-ac20-24bb98893cda,6,5
d7d558b9-ac49-49af-86b1-9cd70420661b,1,1
75cd2b71-2cc5-464d-8ceb-c28c960dca09,7,4
76867724-1b40-4e2d-922a-832e6ba0bd87,1,2
de703f67-a498-43a4-8326-e8c0c4a84929,5,2
62bff47b-56d4-4240-b2f7-0a3dc36ffa9a,8,1
1473b1b4-7b53-43ef-83db-4ae9cfc01de9,7,1
80f30f3d-50d5-4b56-8c26-e17143ed1705,4,4
92bf8fd9-dba9-41aa-88c8-f83088a1cba3,1,1
f16dd342-11cc-4b68-ac4e-f2a5cb97865b,7,5
a94c7d96-4334-46ef-95b2-6cf03fa32b22,8,2
dd26665e-ebb9-4f36-92e2-52ef650c15a7,7,5
7117a310-631b-4f03-b27e-f5f635c4993c,4,5
f4eedbc8-e689-4f74-8893-b15e9e4b2410,3,2
227fc989-90e4-439f-887a-ebff68e3abcd,2,5
db87c790-ab10-400a-b57a-fd6c26a4e616,8,2
f9393214-b695-4d56-a7ef-79301cbf5ce8,4,5
efc5a7c4-4079-4059-8ffd-031fa12963af,4,3
2d455edc-9024-46e2-83bc-a164b26cae93,6,1
4360e285-b926-4d65-bb3b-fffb6e92805e,2,1
6faca8b2-e2ee-4413-ae52-7ed488dc2453,7,3
14f8d984-5ee0-409f-9a00-ad5f29dd0a90,1,1
a54b516d-a7c8-43ab-bd86-7919ee65b9c1,2,1
c17dfd17-d741-49c8-8353-5915117b8598,8,5
82fbfb43-a3d9-478e-9d4a-7495245de388,3,3
0f574dad-e6d8-4be9-bff0-15f02842f7f2,8,2
0bb8ba07-2527-4e64-b6f1-251368ee790d,5,1
5809fd72-7c2f-46e9-8557-079802c7fe37,4,2
3eba94ee-8d9d-40d6-a92b-5d4975afcea2,1,1
dc56ef20-80af-4fa6-b59f-97c8ff779e77,3,5
efc5a7c4-4079-4059-8ffd-031fa12963af,3,3
facc8f90-ad8f-4997-ab98-e7cb370648f1,2,3
8209b506-0173-4121-94e0-781b70454be3,3,1
837480f4-6342-4695-b5f6-15dd6a7ba30b,3,1
1a21c26a-2a6e-466d-8fe1-dc55e742813e,1,5
0e421a50-2a09-47a6-a911-dd9fb4262d05,1,3
227fc989-90e4-439f-887a-ebff68e3abcd,8,4
78b70da9-504a-496b-9589-b094670a7fa6,3,5
35861add-1e55-4e0a-bd49-0b83b9f37d08,5,5
3d8b2d1a-2611-4685-8387-e25afcb630d1,6,3
8a3536e8-fe61-403f-9d4d-b1897b3e4875,4,4
5747dff7-1e11-44cf-84b8-b8f15ff87bc1,6,5
9a882d03-15f1-4eb7-91ed-ec020a43d1ed,1,1
85d555c5-4a49-4ad4-a5b8-70200b667ccd,6,1
5473eedb-246e-43d3-a75d-1ba18eea3e61,7,1
5857ba10-4e37-4927-b96f-c528c633e92d,8,5
1c743b7f-53bf-4637-a516-dd604295fa5f,4,4
136f0175-7c46-4b01-8d45-3fa96531b1ed,2,5
ec581489-012a-431d-ba72-c024febb3431,5,2
69b2dab0-c64b-48d4-b300-9c6f86d792c6,8,3
4be03c30-12e2-4603-b040-53aed32f1212,4,1
af20d113-4e67-4224-9702-67ad9a3ed152,2,5
0985c89f-ae92-4660-adc2-f06b907bc993,5,5
fcf6ac87-aec0-4216-9c4d-f44c4bd1f385,8,4
17b2d46c-c771-4c42-b640-a9b1ad038cbe,6,1
0535d233-a8a8-4262-b8ab-4a30d6c04e25,5,4
ced9ed9b-a26d-47fa-ba67-b203e45a0df7,4,5
cae8ae2c-342d-4bff-99e0-fea638324977,5,2
7308b59a-3db9-4508-90d4-94152ecb5f38,2,4
ad5aacb1-1258-4141-a048-222168d86665,2,2
3a2d65b5-5117-4c85-a85c-d64995f231cf,1,2
f380e561-a1c6-4115-aaed-39a38567a4ef,5,5
ac0ba32b-72da-4fe7-b056-61c9702fe357,7,4
778e96ad-82f2-4912-920f-e8c87645a06d,2,5
d4a6071f-0620-47c4-8fbb-bfe26c700427,4,4
509106f8-1de5-45a7-ae45-66d7b460fd63,8,5
6c4a7fa8-30a7-4792-9e74-84a100844d05,6,3
813c09ec-98ce-4f5c-807a-b2d21d9a60c8,4,2
a1322965-3e8e-4ba1-b32b-3e66d8aaf1aa,8,1
95ba36eb-8cb5-4858-abf4-7c9ac3759875,8,1
467449a8-72b2-43c1-a43d-7b32dfd4c820,3,5
eb3edd84-748e-4a7d-ab44-2c64b24fa817,3,4
e23f9fdc-f8c7-4b95-b445-a15c1dfd1b79,5,1
cd826b56-a233-4da4-99e0-1d3c133d9f1e,8,4
0667d4dd-23c3-411b-a1de-66bb7b4ca584,5,5
e8a1e449-bda1-46c8-9e69-d63f4c2800d7,4,4
db87c790-ab10-400a-b57a-fd6c26a4e616,8,3
f55057f9-dca0-495e-bd23-079856854556,4,2
12f9fde1-756d-43e0-a54d-9225f26771c1,4,3
cd2bd085-f73d-4dbb-a9a9-1a9b7cac5347,4,5
5bc98ff3-c916-413f-9feb-1ed2f25340ee,5,4
1c743b7f-53bf-4637-a516-dd604295fa5f,8,3
6faca8b2-e2ee-4413-ae52-7ed488dc2453,2,4
38388e9a-67b8-482a-9412-b472a4121bbf,1,5
813c09ec-98ce-4f5c-807a-b2d21d9a60c8,2,1
dee22f31-1f0a-44e0-98eb-f77b71522655,2,4
5e5fa0ef-e149-41c5-8d7b-efff307c183a,5,5
bf0156f5-d81d-40e8-a4da-4bb803fc4fbc,6,1
4afdea9a-e65a-4d19-8f06-0bc7ed893664,5,2
2f0008bb-df0a-4618-92e7-1c1807c61bc2,2,1
2d455edc-9024-46e2-83bc-a164b26cae93,2,2
79131885-70ce-44ea-93e4-5b1abee3a03f,3,1
ab041485-03cb-4dbe-9583-c70a66accc18,7,2
7359a754-4c16-4aa3-84be-e1a78ebd865e,7,5
3315aaad-4075-4843-ae7a-fb90546368e3,3,5
837480f4-6342-4695-b5f6-15dd6a7ba30b,7,2
ab041485-03cb-4dbe-9583-c70a66accc18,1,5
16bacc1e-6a6d-454f-837f-d4f0525989f7,3,1
4abbb01d-1a62-4a17-853a-33492647572f,1,2
df82bfa3-a665-4654-9336-5fc10c991d44,5,1
2d3c56e6-8ddd-41f2-9d22-f19e1b49df7e,8,1
2d3c56e6-8ddd-41f2-9d22-f19e1b49df7e,6,5
59e0a091-7dfe-4736-8278-137754372aee,3,4
0a69011e-236d-4e37-ba47-c854557ea6f3,8,1
da9e9186-6419-416c-93e9-4a6c306b27a1,3,3
4360e285-b926-4d65-bb3b-fffb6e92805e,4,1
df82bfa3-a665-4654-9336-5fc10c991d44,2,3
ebed1708-abfa-4409-923b-506d6b68f930,5,3
9a882d03-15f1-4eb7-91ed-ec020a43d1ed,2,2
c8568f7f-27f2-492b-a728-9d0504bc298a,5,5
ed5902a3-3486-4b91-82ce-be5890fe8ce6,4,5
f45ec9a3-bbf5-477d-9444-482487e77041,6,2
3a2d65b5-5117-4c85-a85c-d64995f231cf,8,5
0f4430e6-d4f4-4bae-977b-31aea7c38bb5,3,4
16affd88-4c44-4652-8837-f0135d26708e,6,1
f02fcaf3-1bfb-4760-898b-455a6a659c46,5,3
d68fc38e-52ff-46f5-9ba0-caa2f344443f,6,3
9146bcbf-06f9-49ba-ad37-adb7d4da1bd8,4,1
77579e0b-bcb5-4744-b497-66126c0583b0,8,3
368acaea-52cb-482e-a6d4-86348d61081c,7,1
5f111c8c-080f-4984-8271-f69bd91d2c7c,4,5
42796ce1-1e2f-4d79-9986-25d5d3f6d788,1,2
1a138f7b-8832-4c6f-9d8a-467c5dbb02c5,4,4
a54b516d-a7c8-43ab-bd86-7919ee65b9c1,5,4
f41284ef-2c13-4b6a-accd-d2b1abc7ebbe,6,1
41f4cbfd-4eec-4720-a1b7-f55e4a444bc5,6,2
cff0ef0e-dbc8-48f4-887b-10f9195d2eb2,8,2
046f0254-4f60-4b61-9792-11c68b85c780,2,5
dc367d7e-795b-4178-a3ef-0bc87f967813,2,3
c6f41d62-486b-4f91-abc3-8f8b4fefaa35,4,3
79131885-70ce-44ea-93e4-5b1abee3a03f,4,5
232564f9-76cd-4fb4-9ea3-4b81bfbfe935,1,1
b1fb2a8d-c215-4b0e-a4a9-64690c65d41e,2,2
a54b516d-a7c8-43ab-bd86-7919ee65b9c1,3,3
cd9fac8c-3481-4c9a-b49a-12daa08409d6,5,3
a94c7d96-4334-46ef-95b2-6cf03fa32b22,4,2
b3986dd0-5076-4c6d-8a0e-d6d3a1b13dbb,5,2
7c1161a6-c668-495a-88ef-b3c39710ebae,7,2
b170b3f5-9f02-4a57-8546-a6d4579f07f1,3,2
0b0f4258-695a-4a3b-9b40-b0a8fd166995,7,2
8a3536e8-fe61-403f-9d4d-b1897b3e4875,8,1
813ace58-438d-4f1e-9460-a4c8c6bf65a2,1,5
f6494464-5e7f-49d7-b990-8ddbfb9464e2,4,5
beacdeb4-6610-4685-bc5b-f2e0896fdfbf,6,1
16bacc1e-6a6d-454f-837f-d4f0525989f7,7,1
5a57fb79-5712-4c77-b4dd-4c080a1957f4,6,3
11841497-93e6-4f64-acb7-16dd51054794,2,2
9cd85cae-b316-4fa8-bb41-852e1d83b67a,7,5
4afdea9a-e65a-4d19-8f06-0bc7ed893664,4,1
f3481941-93fc-4155-beda-3a4442acc56f,7,1
f4eedbc8-e689-4f74-8893-b15e9e4b2410,3,4
0fe57a41-c44c-49c7-b68e-1350c5146b37,5,2
80300b2e-dc7a-484f-a5b9-ed898aacbd1f,4,1
21c8c06c-5ceb-44da-bfc4-a2f05784e414,3,4
0f574dad-e6d8-4be9-bff0-15f02842f7f2,7,2
1b14c2c1-2eaa-4741-8a86-38b38807c14d,5,2
18b38754-50cd-4bfd-90e0-8f395f3eaa2e,4,2
e1038f88-632f-4d94-84c5-074136857488,1,2
f239dfa2-c1a9-456c-b1d1-53c35c9a2c45,8,1
d8f10011-a28e-4a27-9147-486106ae7997,7,3
f507112d-c095-4469-b7fb-bc5316f4d88c,5,3
46550531-44ce-48b8-9951-b57ae888cb95,8,3
d94cf087-8e42-4a43-a82d-bfce1f88e3e0,6,2
bf01a388-949c-4f95-895d-7684b5cab6a5,4,2
117b5761-bbc6-4a83-be07-5bc58718b81f,2,5
eb3edd84-748e-4a7d-ab44-2c64b24fa817,8,2
a895f401-366a-4151-ac10-88ccdb324361,7,4
8209b506-0173-4121-94e0-781b70454be3,2,2
3b638ed2-70e5-4813-802d-8460fa5e8c78,1,4
2d609413-6e29-4d46-81b7-39936fd9e380,5,3
af20d113-4e67-4224-9702-67ad9a3ed152,4,1
1e65e76b-cd6e-47d3-a077-b252234056f5,5,3
8b68c453-3e11-44ec-87cc-ec43839eaf15,2,1
8a3536e8-fe61-403f-9d4d-b1897b3e4875,6,3
eb372dd0-4dee-4143-9ffa-f77b15e4cfda,1,1
75554ce3-d309-4a2e-a7ce-6dac2a03b401,1,5
14896234-b762-455f-993b-c4cc973022c2,5,4
0bed7b45-dc4a-4c76-8cb2-0e54429d81fe,2,1
4bd7a797-5e52-4617-8961-a36ed3d911fe,6,3
8833b033-f522-4795-a22b-91ac9b3c0f2d,7,2
bc580663-7742-44b6-a4ad-aebae505ce45,1,3
d508f789-3f29-4b5b-bdca-203b2f8b14bb,4,5
80b88138-8c69-4fd3-8764-78770f3864fb,8,4
6bb4497a-933a-4c9c-b18e-53067839345c,7,2
3b638ed2-70e5-4813-802d-8460fa5e8c78,2,3
94776997-985a-41db-87f7-3fbfb3a4b569,8,1
5d1a7669-f1e6-494b-a6aa-b3e534726a38,8,2
9438e961-c11f-424e-b281-dea637616363,3,2
d673694d-ff6f-4841-8cf0-a7f75ff6d4e2,4,3
383bb5ab-8371-47e1-9948-29cd8b1f9ded,4,5
57923f56-03c5-4191-b421-3643cd4c440e,2,4
354514d6-9063-46a1-a172-303e01f7da15,2,4
4abbb01d-1a62-4a17-853a-33492647572f,3,3
0e421a50-2a09-47a6-a911-dd9fb4262d05,3,4
d68fc38e-52ff-46f5-9ba0-caa2f344443f,5,3
69827ec1-5967-46a9-b9bc-94002c9b6130,1,2
3eba94ee-8d9d-40d6-a92b-5d4975afcea2,1,2
3ae2e443-728b-4705-86c9-71f2a1ea79ef,2,1
78b70da9-504a-496b-9589-b094670a7fa6,4,1
046f0254-4f60-4b61-9792-11c68b85c780,6,3
db87c790-ab10-400a-b57a-fd6c26a4e616,5,5
d8f10011-a28e-4a27-9147-486106ae7997,1,1
3e2b2735-afed-49d9-98b4-631ca5b5a42f,3,1
748cdeed-45b9-4669-a604-7422b624bfc9,1,3
4ae35964-2989-4540-8579-477a0892fd96,7,5
843880d8-5f49-4415-831a-c2480d5626bb,2,1
57923f56-03c5-4191-b421-3643cd4c440e,5,1
1a27a444-d299-4163-82f8-b3a90c110a64,3,1
9a882d03-15f1-4eb7-91ed-ec020a43d1ed,6,4
ddde3b2d-5494-4404-b2da-552b11adeab3,7,2
87d20729-ed36-4a48-98b2-e0df579c7485,1,2
2f0008bb-df0a-4618-92e7-1c1807c61bc2,8,4
74536f68-b61c-4e73-a55d-49c71386b15b,6,1
4360e285-b926-4d65-bb3b-fffb6e92805e,6,5
b1fb2a8d-c215-4b0e-a4a9-64690c65d41e,2,2
4ae35964-2989-4540-8579-477a0892fd96,1,5
601b2474-ca9f-4ce4-a6f1-7bc47f043c14,2,1
965fa1ff-7479-4e71-a63f-bc0ac2f6f9fb,2,2
bb399f10-3c1b-43bf-b08a-5d929dd83dff,3,1
bb6876ea-0de4-4440-9c1f-e7a3a64d2379,4,2
d325de59-7de9-459c-bbdc-cf950833b4e7,8,4
a8085580-7cec-4c18-8008-8243de438ed4,6,4
57923f56-03c5-4191-b421-3643cd4c440e,6,5
81c448a0-c083-48d9-951a-a960c3824f43,4,5
0d0f869c-e883-4eba-abd7-19e2f32c5df2,8,4
5d1a7669-f1e6-494b-a6aa-b3e534726a38,4,3
0d03fe67-5744-4ac9-8eea-b8a1beae377a,8,3
c2b03ddc-c734-485f-b1a2-b7faa7f54f24,6,4
503dbaac-b4ab-41a0-9aa4-8eb743898d44,7,3
9962475a-3d51-42f8-aced-8d2a02fb2cc6,2,4
8a410f60-9286-4653-8743-d5fd36a6bfd3,4,4
dc56ef20-80af-4fa6-b59f-97c8ff779e77,6,4
d4a24be6-6865-423e-b2d7-e2457e6435db,4,2
1638d862-b0ac-44dc-8daf-2bc9885f0f97,2,2
ced9ed9b-a26d-47fa-ba67-b203e45a0df7,2,5
1c743b7f-53bf-4637-a516-dd604295fa5f,4,1
14673edf-41cb-48f3-b371-f9856c0268e5,6,2
0b9319f6-b857-42aa-89df-9ebed2b8b342,3,5
f2445d90-9380-4a63-8caa-52b30a781b3f,3,3
53776362-0a67-43fc-89a2-f83745a4cd08,6,4
f55057f9-dca0-495e-bd23-079856854556,1,2
fdc3c52c-cdf9-4cf1-8a0c-a8ef6fe5280f,5,1
80f7dc64-fa96-436c-85de-1836a84476e1,1,1
76bd6e26-a3ef-4c3d-ad34-ba063bf2723b,4,2
e8fdb110-0d24-4479-b1d1-628c4b8f14aa,5,2
0f4430e6-d4f4-4bae-977b-31aea7c38bb5,5,5
8dee702a-b8a0-4c3e-877e-661d29f2f956,3,2
dbb54e81-87ae-4491-bdfd-9c0677dac794,5,3
2775e2d5-a0ee-4567-b1c6-6814619c192b,2,5
0df067ef-28bc-4ea4-b9bc-fc37b30db486,5,1
f4eedbc8-e689-4f74-8893-b15e9e4b2410,6,5
0b0f4258-695a-4a3b-9b40-b0a8fd166995,7,4
ae851e1d-b980-46fc-9ac5-23ba947a1905,1,3
af20d113-4e67-4224-9702-67ad9a3ed152,4,4
1a2dbdbc-24c6-4111-a5fe-c32216f87b7f,6,1
6d46c77f-ea1c-4386-a16a-e3819b8ab25d,7,4
ad41e33b-ce78-4944-9eb2-1e682e654c99,5,1
3dc23e04-0d73-4189-9e56-e35261b1e660,1,2
dc367d7e-795b-4178-a3ef-0bc87f967813,4,2
8a0788f1-003d-4ce1-91df-eac8b190beaa,2,1
da6993c4-7f28-461c-8cda-818fa8d0f111,4,1
e5332626-0afe-4b39-bcbc-d5c53d4a3b7c,3,4
136aacbe-3dfe-470d-b73c-88241d4c1a2b,5,4
76bd6e26-a3ef-4c3d-ad34-ba063bf2723b,7,1
bb399f10-3c1b-43bf-b08a-5d929dd83dff,7,3
7f755b48-f7cd-4218-82f9-bf24b526731a,1,5
beacdeb4-6610-4685-bc5b-f2e0896fdfbf,2,3
74886263-48b4-4ec3-bb0c-5f968573fffe,3,4
f239dfa2-c1a9-456c-b1d1-53c35c9a2c45,4,3
fdc3c52c-cdf9-4cf1-8a0c-a8ef6fe5280f,1,1
0d03fe67-5744-4ac9-8eea-b8a1beae377a,2,3
14307f80-2ff0-4ccf-9ac8-73768a43edb2,1,3
c5a1e07f-8740-4432-bd3d-1ddb2fbafe4d,2,2
f3481941-93fc-4155-beda-3a4442acc56f,7,3
3dc23e04-0d73-4189-9e56-e35261b1e660,2,5
65c419df-399a-47c4-8a12-8bc2f5420303,3,3
ad6cbf32-dcb9-4ef5-9dec-8b8332e7fcb6,7,4
ac0ba32b-72da-4fe7-b056-61c9702fe357,1,1
70b65cc2-599a-43fd-8b9c-901af3f159d7,7,2
0d0fa739-0bc2-49d2-b39c-f6ab2bc325c7,8,4
46550531-44ce-48b8-9951-b57ae888cb95,5,3
26b9b6c9-8b69-4d1a-8597-56d5b5fdb4f5,1,2
1c6c1e31-98d6-4cda-8551-4a27738c8cf9,5,3
467449a8-72b2-43c1-a43d-7b32dfd4c820,3,1
de4f38de-d825-44e2-9df9-0cb4e0aed32d,8,3
8a410f60-9286-4653-8743-d5fd36a6bfd3,5,5
4abbb01d-1a62-4a17-853a-33492647572f,3,3
bcc95c8d-e448-4101-adb4-ab441932fb01,6,4
75eb52ce-c487-4e7d-b175-46a1cd1bcf13,4,5
f16dd342-11cc-4b68-ac4e-f2a5cb97865b,4,1
49b4454f-4780-49af-b201-e3e96c19610a,4,4
1a138f7b-8832-4c6f-9d8a-467c5dbb02c5,5,2
f45ec9a3-bbf5-477d-9444-482487e77041,5,3
87d1e3c8-cbae-472b-a6c0-0422ae36ba55,4,5
cd9fac8c-3481-4c9a-b49a-12daa08409d6,6,1
5f602ed3-afdf-4241-b859-d8ef2cd773e5,7,3
892fa026-295d-448c-8985-81a81ed35376,6,4
e73e5fd1-f3e8-493d-ac20-24bb98893cda,5,5
5a57fb79-5712-4c77-b4dd-4c080a1957f4,1,2
3d8b2d1a-2611-4685-8387-e25afcb630d1,4,2
ddde3b2d-5494-4404-b2da-552b11adeab3,1,2
312ebb67-cdc9-49b1-a85c-2d72560a3a39,6,1
8b68c453-3e11-44ec-87cc-ec43839eaf15,4,5
95667df6-dd3b-4e83-822e-ac93807f9f29,2,4
86ce6dbe-84ed-4d7a-8242-ec133a16f6aa,1,2
6bf661e6-43ea-4569-9f32-67d35f76e335,3,4
b1fb2a8d-c215-4b0e-a4a9-64690c65d41e,1,1
abdc8784-8530-4cc3-ad9f-474199cb6d0c,5,2
8dee702a-b8a0-4c3e-877e-661d29f2f956,1,5
120d5bd7-607f-4720-be3d-2c3e38f16f7e,1,4
f133352a-c208-4184-893c-d94f77832364,5,1
557c1227-c741-4207-8196-a608cfb8b1fb,2,3
dba448b1-3abd-4595-a13b-84747d435283,2,5
5e8def39-5e9b-421b-818e-324d458f4c2b,5,3
9146bcbf-06f9-49ba-ad37-adb7d4da1bd8,5,4
bee72ceb-fc83-46d6-8441-1c0be7a3256d,5,3
69b2dab0-c64b-48d4-b300-9c6f86d792c6,3,2
cf67b923-fe9e-4106-bc9f-f076724f5d9b,1,5
c15ca881-6382-4580-9e8e-5129af57b5ab,1,4
24b6a707-6458-45a9-8b6b-c98ab45604ad,2,5
ad463107-e7cc-4306-b0df-16a750a38180,8,2
227fc989-90e4-439f-887a-ebff68e3abcd,3,4
26b9b6c9-8b69-4d1a-8597-56d5b5fdb4f5,6,3
81c448a0-c083-48d9-951a-a960c3824f43,1,3
3ecf9cdb-68a5-4905-9c39-03188adab3a0,8,4
9485f9be-e445-44df-9e2a-a24afd08107a,7,4
701fe40b-7627-4bd2-bece-e4c45cdd4274,2,3
502e2c6e-6ede-4ac0-8f59-c4f537c4f4e4,1,4
b302fe5f-ba36-466e-b011-c2149aa6ca8b,8,3
1638d862-b0ac-44dc-8daf-2bc9885f0f97,5,1
42ccf585-dd0c-46c3-a0ba-b2cb87d8db0d,4,5
b170b3f5-9f02-4a57-8546-a6d4579f07f1,5,4
527921c0-94cb-41a4-acd3-7d6c2eb62edc,2,3
0fe57a41-c44c-49c7-b68e-1350c5146b37,7,5
3eba94ee-8d9d-40d6-a92b-5d4975afcea2,1,2
bf01a388-949c-4f95-895d-7684b5cab6a5,8,5
f7825bda-3cab-474d-b209-0b04dbbaf0d5,1,5
87f6ea6e-0f19-4306-87ac-6465f6707dc1,1,4
1b14c2c1-2eaa-4741-8a86-38b38807c14d,4,3
41930f58-ea40-4201-82f3-bd92392c1a20,3,1
136aacbe-3dfe-470d-b73c-88241d4c1a2b,4,2
7f755b48-f7cd-4218-82f9-bf24b526731a,4,1
b170b3f5-9f02-4a57-8546-a6d4579f07f1,5,4
f1c4b801-09b2-4fcc-96a7-b111e6c66cf2,6,2
dc367d7e-795b-4178-a3ef-0bc87f967813,6,2
ebfe58ea-96bb-402f-9bd1-dbde57b33831,1,1
befbeab7-c2c9-45c4-9da4-174971e7c42c,1,2
1a2dbdbc-24c6-4111-a5fe-c32216f87b7f,5,2
131e9dbb-b3c7-44da-b0d3-c69509feac95,7,1
5747dff7-1e11-44cf-84b8-b8f15ff87bc1,3,1
9a882d03-15f1-4eb7-91ed-ec020a43d1ed,8,3
f2988164-159d-4ce7-a792-588348621796,3,2
b6f9a779-412c-4f21-8073-13381bf31490,6,2
80f7dc64-fa96-436c-85de-1836a84476e1,5,4
7308b59a-3db9-4508-90d4-94152ecb5f38,8,2
a895f401-366a-4151-ac10-88ccdb324361,2,5
f7deea27-815c-4e4f-9bfd-c2648fd9f482,1,2
d88bd785-df55-4d02-95ff-cc79ee4448d4,3,2
fdc3c52c-cdf9-4cf1-8a0c-a8ef6fe5280f,3,3
4da99649-86f2-444c-9490-a659ca659503,3,4
6465f949-afc1-429d-bcf7-168b5d1fde9b,8,5
80f7dc64-fa96-436c-85de-1836a84476e1,2,1
778e96ad-82f2-4912-920f-e8c87645a06d,4,4
92bf8fd9-dba9-41aa-88c8-f83088a1cba3,7,3
cf9e412c-39d0-4516-abdd-11b9b93aa043,3,5
7bdf5639-725a-4828-b6c3-5b5cc736cc13,2,1
0d0fa739-0bc2-49d2-b39c-f6ab2bc325c7,8,3
4be03c30-12e2-4603-b040-53aed32f1212,1,2
de9ed400-731d-42e9-a5a9-fc65f1d61eb4,3,4
a9a44362-f695-4504-8f8d-df3bff52245c,1,1
be9a33c0-2daa-40bd-b638-b9d2f69512f3,1,4
3783e310-5af0-4f54-bfca-70714ad2de06,4,4
bee72ceb-fc83-46d6-8441-1c0be7a3256d,7,4
ad41e33b-ce78-4944-9eb2-1e682e654c99,6,4
601b2474-ca9f-4ce4-a6f1-7bc47f043c14,6,5
bf71b356-fdfa-47d9-b713-69da0a644da6,6,3
0b9319f6-b857-42aa-89df-9ebed2b8b342,5,3
965fa1ff-7479-4e71-a63f-bc0ac2f6f9fb,3,2
813ace58-438d-4f1e-9460-a4c8c6bf65a2,2,4
fe2956cc-0861-4fb8-b1b3-039c6551626d,3,3
7c7ab1cb-3256-4a61-8831-92521e8cf64e,7,5
5f111c8c-080f-4984-8271-f69bd91d2c7c,1,2
46550531-44ce-48b8-9951-b57ae888cb95,5,4
7587c800-cae3-418b-8b44-4ef324aac515,7,5
f1bd9dcc-a11a-4955-8332-d831cbeacf62,2,3
98db80a9-a6f8-47eb-8dd7-33af642cf63c,7,4
215ec9d3-c849-42c1-ad5f-d000fe06743f,1,4
34b36a73-313f-45da-9cc5-c6437242f3f8,2,1
73ac3f88-9c1d-4eb4-a66b-d6ba863d40a0,8,4
09792140-ae83-4355-ba2b-ca4f2d3ae1ff,7,4
dee22f31-1f0a-44e0-98eb-f77b71522655,2,1
2bcf3840-1ec6-4ed5-b645-47af1bd5aace,2,4
312ebb67-cdc9-49b1-a85c-2d72560a3a39,1,2
14896234-b762-455f-993b-c4cc973022c2,3,5
bcc95c8d-e448-4101-adb4-ab441932fb01,6,1
c2fa6060-6242-4edf-a022-9b3581ee85c1,2,2
be9a33c0-2daa-40bd-b638-b9d2f69512f3,8,2
e8fdb110-0d24-4479-b1d1-628c4b8f14aa,3,2
0bed7b45-dc4a-4c76-8cb2-0e54429d81fe,6,1
965fa1ff-7479-4e71-a63f-bc0ac2f6f9fb,2,5
8b78d283-7b22-4943-875a-4fd887f0df4a,8,5
bee72ceb-fc83-46d6-8441-1c0be7a3256d,6,4
cc73f1c9-9c0e-46bb-a498-93ad5367d884,7,5
6bf661e6-43ea-4569-9f32-67d35f76e335,8,3
be974a0e-44b5-414b-a28b-2587cc78b9ba,8,4
e3635e2e-74b1-43b7-a140-cb3568981830,6,5
59e0a091-7dfe-4736-8278-137754372aee,6,1
18b38754-50cd-4bfd-90e0-8f395f3eaa2e,1,2
368acaea-52cb-482e-a6d4-86348d61081c,8,5
9fe5ad6a-a461-432a-906a-dc42cff3c376,7,5
42ccf585-dd0c-46c3-a0ba-b2cb87d8db0d,5,4
df82bfa3-a665-4654-9336-5fc10c991d44,7,5
31fe553c-7bbb-45bb-ba32-df3c9e7a77aa,6,5
0a69011e-236d-4e37-ba47-c854557ea6f3,2,2
ebfe58ea-96bb-402f-9bd1-dbde57b33831,7,5
bb399f10-3c1b-43bf-b08a-5d929dd83dff,5,2
ad5aacb1-1258-4141-a048-222168d86665,1,4
29c0e22e-8ed8-40c2-ab1b-f6352dc55293,3,5
4afdea9a-e65a-4d19-8f06-0bc7ed893664,1,1
485730b6-3a8b-446e-b87c-13cd6a9b04b2,5,1
3197655f-d60f-4932-8dd2-479ea7cc301e,1,4
bcc95c8d-e448-4101-adb4-ab441932fb01,7,1
292b2d0b-9c05-4de8-8156-8c3136a721c2,5,3
3eba94ee-8d9d-40d6-a92b-5d4975afcea2,7,1
75cd2b71-2cc5-464d-8ceb-c28c960dca09,8,1
95667df6-dd3b-4e83-822e-ac93807f9f29,8,1
46cdfda3-a14a-4078-b078-9a39869901b8,2,3
75630d5c-9fe9-46bc-95cf-6733795df118,3,1
fcf6ac87-aec0-4216-9c4d-f44c4bd1f385,8,3
a0ca7c4a-7f10-429c-8b5c-ff5d1dbd2a3e,5,5
0f1ab389-80a1-404f-ab9c-6e76c82f076f,2,2
c5293ffa-e6a8-422c-860e-f9f364a9684a,3,4
f45ec9a3-bbf5-477d-9444-482487e77041,6,1
aa10d914-d58e-49aa-83ec-67e6f731a700,5,2
c2b03ddc-c734-485f-b1a2-b7faa7f54f24,8,1
df82bfa3-a665-4654-9336-5fc10c991d44,1,5
02cb4cb9-9f1f-4f96-95d5-55603612e0c4,7,2
75554ce3-d309-4a2e-a7ce-6dac2a03b401,1,2
748cdeed-45b9-4669-a604-7422b624bfc9,6,5
ab9aed36-7a98-4bb5-a903-35273d4e1604,4,2
d3b2bcb7-1325-49ce-9e7d-900a5c0bf7b3,7,5
d60ebd81-d533-4019-ba44-2fa47b710e5f,5,5
9962475a-3d51-42f8-aced-8d2a02fb2cc6,8,2
6faca8b2-e2ee-4413-ae52-7ed488dc2453,4,1
812cbb85-8970-42b7-95f0-c59278724dcf,2,3
f55ec886-bbfc-426b-a14f-49095ef75e6c,7,1
c17dfd17-d741-49c8-8353-5915117b8598,8,4
a0336512-098d-416a-87c9-83a9670fc31d,2,4
82b9dcc7-e8cb-47df-9f45-b603ffd974ea,4,1
6faca8b2-e2ee-4413-ae52-7ed488dc2453,2,5
52468e2c-22a5-40eb-8aba-278cf9828c46,5,3
9e8f5f29-0d56-4531-a529-dbc1705ac8ee,5,3
d0dc011b-3642-46c1-b87c-b404287938a7,7,5
de4f38de-d825-44e2-9df9-0cb4e0aed32d,5,3
6a9e05e0-6ecb-44f6-9fbd-875485ae17f1,4,1
11841497-93e6-4f64-acb7-16dd51054794,7,1
1b273b83-b990-4bcd-924b-a9dbdd6e673f,4,3
3315aaad-4075-4843-ae7a-fb90546368e3,6,2
136f0175-7c46-4b01-8d45-3fa96531b1ed,7,5
0667d4dd-23c3-411b-a1de-66bb7b4ca584,1,3
53776362-0a67-43fc-89a2-f83745a4cd08,7,4
f2988164-159d-4ce7-a792-588348621796,1,2
7117a310-631b-4f03-b27e-f5f635c4993c,2,2
272d3a6c-036d-4e0f-adac-1919e364a780,1,3
dee22f31-1f0a-44e0-98eb-f77b71522655,6,4
91580238-3a39-40ed-9478-d0919794b722,2,5
dbb54e81-87ae-4491-bdfd-9c0677dac794,4,3
f02fcaf3-1bfb-4760-898b-455a6a659c46,1,2
892fa026-295d-448c-8985-81a81ed35376,2,4
be9a33c0-2daa-40bd-b638-b9d2f69512f3,2,2
d431dd90-3250-46ca-818a-63cba036f2e7,4,3
6b902e38-da9d-422f-9012-20969a541b55,3,1
cae8ae2c-342d-4bff-99e0-fea638324977,3,4
76867724-1b40-4e2d-922a-832e6ba0bd87,2,5
11ac13b8-96aa-4605-9fc6-cee20dad0c03,6,4
53776362-0a67-43fc-89a2-f83745a4cd08,6,1
17162a4f-13a1-46c3-8709-c44c5535c58f,6,1
ab9aed36-7a98-4bb5-a903-35273d4e1604,8,5
9cd85cae-b316-4fa8-bb41-852e1d83b67a,5,1
bb6876ea-0de4-4440-9c1f-e7a3a64d2379,1,1
7474214c-2866-4120-8cdb-ace25ba9f342,1,5
98db80a9-a6f8-47eb-8dd7-33af642cf63c,8,3
d673694d-ff6f-4841-8cf0-a7f75ff6d4e2,5,3
892fa026-295d-448c-8985-81a81ed35376,3,2
2d455edc-9024-46e2-83bc-a164b26cae93,4,4
9a882d03-15f1-4eb7-91ed-ec020a43d1ed,5,2
8a0788f1-003d-4ce1-91df-eac8b190beaa,4,3
e9053313-ce82-41b4-92fc-82fb6c5a7173,5,1
c17dfd17-d741-49c8-8353-5915117b8598,5,4
215ec9d3-c849-42c1-ad5f-d000fe06743f,4,2
b453dce4-20a3-473f-b9c9-d5e3b6a1c653,4,1
87f6ea6e-0f19-4306-87ac-6465f6707dc1,7,3
9eab5f38-feea-4456-a9b1-f5be4187cf36,1,4
af20d113-4e67-4224-9702-67ad9a3ed152,2,4
4d76e7f2-a7c7-48c3-89f4-cd1e6b5549fc,3,3
824be8cc-93bc-494f-96a0-0aad9a062efe,1,5
5f602ed3-afdf-4241-b859-d8ef2cd773e5,5,4
509106f8-1de5-45a7-ae45-66d7b460fd63,6,1
3391c5cb-49aa-4054-a5d0-352342f0a431,5,3
1b273b83-b990-4bcd-924b-a9dbdd6e673f,7,1
ad41e33b-ce78-4944-9eb2-1e682e654c99,4,3
8a3536e8-fe61-403f-9d4d-b1897b3e4875,8,2
822ea109-c81c-4f4c-875f-f08fbb085999,4,2
c04b7278-0ad9-40b1-94f0-4087be369233,7,3
383bb5ab-8371-47e1-9948-29cd8b1f9ded,8,3
d508f789-3f29-4b5b-bdca-203b2f8b14bb,4,5
d2dfc993-0547-4aa6-ae25-182a1b287703,5,5
bed28d1c-9cc8-4791-9a10-fe7c76630f99,3,3
714f5c85-b730-46f1-b3d5-254dbd246df7,7,2
f1bd9dcc-a11a-4955-8332-d831cbeacf62,2,1
0b0f4258-695a-4a3b-9b40-b0a8fd166995,2,1
ad41e33b-ce78-4944-9eb2-1e682e654c99,1,2
14896234-b762-455f-993b-c4cc973022c2,7,2
fe2956cc-0861-4fb8-b1b3-039c6551626d,5,5
6faca8b2-e2ee-4413-ae52-7ed488dc2453,5,2
a10da21c-e07c-492d-80f4-814d3621274d,3,3
86ce6dbe-84ed-4d7a-8242-ec133a16f6aa,3,4
f9393214-b695-4d56-a7ef-79301cbf5ce8,2,2
d673694d-ff6f-4841-8cf0-a7f75ff6d4e2,3,2
e61ac59c-8a9e-48c8-8285-304015e8d500,5,4
17162a4f-13a1-46c3-8709-c44c5535c58f,3,4
be20dc27-c656-413f-b783-7bd3cc3b6337,7,4
aaae7f6e-0039-44b5-8fe6-12c32b114cdc,8,4
cae8ae2c-342d-4bff-99e0-fea638324977,3,1
aaae7f6e-0039-44b5-8fe6-12c32b114cdc,7,5
3a2d65b5-5117-4c85-a85c-d64995f231cf,6,1
2d3c56e6-8ddd-41f2-9d22-f19e1b49df7e,2,2
b5e6efc8-5e4b-46df-81ff-dff224e8dfbe,1,4
0d03fe67-5744-4ac9-8eea-b8a1beae377a,5,5
21c8c06c-5ceb-44da-bfc4-a2f05784e414,8,4
2775e2d5-a0ee-4567-b1c6-6814619c192b,8,2
c04b7278-0ad9-40b1-94f0-4087be369233,5,1
26b9b6c9-8b69-4d1a-8597-56d5b5fdb4f5,4,3
d4a6071f-0620-47c4-8fbb-bfe26c700427,8,4
b1860147-5f7f-46eb-be58-4c2827bd9ca0,3,4
aaae7f6e-0039-44b5-8fe6-12c32b114cdc,8,4
74886263-48b4-4ec3-bb0c-5f968573fffe,3,5
9c24bc24-67d0-4e47-b72b-de15b63b090d,1,3
d8f10011-a28e-4a27-9147-486106ae7997,8,2
bed28d1c-9cc8-4791-9a10-fe7c76630f99,7,2
6e8c7926-b6c7-4410-b136-99d4a12631e7,5,2
701fe40b-7627-4bd2-bece-e4c45cdd4274,1,5
12eeb7f3-961a-4896-a476-6016f69fadf3,8,2
a895f401-366a-4151-ac10-88ccdb324361,1,4
3b2af6d5-54be-4298-ab03-c57bbb5c2746,3,1
5551ab32-ccfa-4862-b070-53da13cdf25b,1,4
7c0c73e3-47c9-492c-8825-c2f20681a20d,6,3
7f047424-3edd-4556-9e0f-e2732fe837a7,7,5
bb059108-d9f7-4568-993f-4c83d41277cf,7,2
b170b3f5-9f02-4a57-8546-a6d4579f07f1,3,5
5473eedb-246e-43d3-a75d-1ba18eea3e61,3,4
c8568f7f-27f2-492b-a728-9d0504bc298a,5,4
ca07f546-0bc7-41e2-8ec6-8bbc304b45c2,5,4
2edef0fe-4457-4453-b8dd-297f9fc2b8b1,3,1
ad463107-e7cc-4306-b0df-16a750a38180,7,1
82fbfb43-a3d9-478e-9d4a-7495245de388,5,5
f7deea27-815c-4e4f-9bfd-c2648fd9f482,3,3
76867724-1b40-4e2d-922a-832e6ba0bd87,2,3
8a0788f1-003d-4ce1-91df-eac8b190beaa,1,3
14ec90b4-1b2a-4307-bcba-4ea815154074,3,3
d325de59-7de9-459c-bbdc-cf950833b4e7,7,5
c5293ffa-e6a8-422c-860e-f9f364a9684a,8,5
6a9e05e0-6ecb-44f6-9fbd-875485ae17f1,3,1
b1860147-5f7f-46eb-be58-4c2827bd9ca0,7,2
350e89e0-310e-418e-85b2-0c2bdc89d77f,1,5
8b29b7ba-b43d-404a-8cac-f3ab36697527,8,4
e8499b67-6dee-4c6f-8e8b-a69de8b9b19a,7,4
9fa205c4-58af-4e4a-919d-3f55c9839103,8,1
e9053313-ce82-41b4-92fc-82fb6c5a7173,4,5
02cb4cb9-9f1f-4f96-95d5-55603612e0c4,2,4
d0dc011b-3642-46c1-b87c-b404287938a7,1,1
d94cf087-8e42-4a43-a82d-bfce1f88e3e0,8,1
d8f10011-a28e-4a27-9147-486106ae7997,7,3
379b3e0e-f8df-4258-82e7-63c2556fd46e,1,2
2d3c56e6-8ddd-41f2-9d22-f19e1b49df7e,6,4
6465f949-afc1-429d-bcf7-168b5d1fde9b,6,3
f239dfa2-c1a9-456c-b1d1-53c35c9a2c45,8,1
bb059108-d9f7-4568-993f-4c83d41277cf,4,3
5549dfd6-f45c-4fec-8889-035b4875a1f8,5,2
ad5aacb1-1258-4141-a048-222168d86665,1,1
34b36a73-313f-45da-9cc5-c6437242f3f8,5,3
4abbb01d-1a62-4a17-853a-33492647572f,8,2
df4bd2c3-8ec2-494f-b432-d23f1acef02f,4,3
7c1161a6-c668-495a-88ef-b3c39710ebae,2,2
0535d233-a8a8-4262-b8ab-4a30d6c04e25,5,3
2bcf3840-1ec6-4ed5-b645-47af1bd5aace,5,1
6faca8b2-e2ee-4413-ae52-7ed488dc2453,2,3
a895f401-366a-4151-ac10-88ccdb324361,6,4
34b36a73-313f-45da-9cc5-c6437242f3f8,2,2
467449a8-72b2-43c1-a43d-7b32dfd4c820,1,1
69b2dab0-c64b-48d4-b300-9c6f86d792c6,1,4
5e5fa0ef-e149-41c5-8d7b-efff307c183a,5,3
65c419df-399a-47c4-8a12-8bc2f5420303,5,3
b0304e32-8e6a-4663-81e8-dd085ea6a094,8,5
eb3edd84-748e-4a7d-ab44-2c64b24fa817,7,2
0d0fa739-0bc2-49d2-b39c-f6ab2bc325c7,1,3
7f047424-3edd-4556-9e0f-e2732fe837a7,4,4
f2d007a4-a98f-404e-94f6-13d2d8daf146,2,5
670165ce-eeb8-40d4-850e-e698939935a8,3,1
5809fd72-7c2f-46e9-8557-079802c7fe37,6,2
117b5761-bbc6-4a83-be07-5bc58718b81f,1,1
5f5fa9de-f4f0-4273-83ae-e1a43b68b1c9,4,4
14f8d984-5ee0-409f-9a00-ad5f29dd0a90,7,5
502e2c6e-6ede-4ac0-8f59-c4f537c4f4e4,2,5
0df067ef-28bc-4ea4-b9bc-fc37b30db486,7,4
4a48cf89-33a1-414c-8252-8925f66661e9,2,3
20a79730-685f-4bc0-b157-97a6159a3e4a,1,3
4ca70073-8c35-4320-a2ae-8b476f61dbd6,6,4
778e96ad-82f2-4912-920f-e8c87645a06d,7,2
bed28d1c-9cc8-4791-9a10-fe7c76630f99,3,4
c17dfd17-d741-49c8-8353-5915117b8598,1,4
6bb4497a-933a-4c9c-b18e-53067839345c,1,3
a8085580-7cec-4c18-8008-8243de438ed4,3,2
78e687b2-f0a7-45cc-96bf-85ab965afae7,8,4
7f755b48-f7cd-4218-82f9-bf24b526731a,5,4
34b36a73-313f-45da-9cc5-c6437242f3f8,6,1
59274e34-58e0-48ba-8d40-2bc36c2d42cd,5,2
6d46c77f-ea1c-4386-a16a-e3819b8ab25d,7,3
3b638ed2-70e5-4813-802d-8460fa5e8c78,4,3
812cbb85-8970-42b7-95f0-c59278724dcf,6,2
f2d007a4-a98f-404e-94f6-13d2d8daf146,5,4
8b29b7ba-b43d-404a-8cac-f3ab36697527,7,4
30b0c8fb-dc7f-4cb5-93ca-7eb2e8825595,1,4
c277cf98-752a-404a-bc5b-d76c73e2b985,8,2
75554ce3-d309-4a2e-a7ce-6dac2a03b401,8,1
0667d4dd-23c3-411b-a1de-66bb7b4ca584,2,2
837480f4-6342-4695-b5f6-15dd6a7ba30b,4,5
2bcf3840-1ec6-4ed5-b645-47af1bd5aace,3,4
db7b12eb-b044-488f-a0d7-ee6d8c1e954a,8,1
522b2720-02d3-4491-b7b2-7ca20c2e98e5,2,2
82fbfb43-a3d9-478e-9d4a-7495245de388,3,1
be20dc27-c656-413f-b783-7bd3cc3b6337,3,4
46550531-44ce-48b8-9951-b57ae888cb95,8,3
e61ac59c-8a9e-48c8-8285-304015e8d500,4,1
d1ab6654-efe9-40bb-8a71-b6ad526dd553,8,5
509106f8-1de5-45a7-ae45-66d7b460fd63,3,5
6465f949-afc1-429d-bcf7-168b5d1fde9b,5,2
ad41e33b-ce78-4944-9eb2-1e682e654c99,5,5
503dbaac-b4ab-41a0-9aa4-8eb743898d44,5,4
89a8b3cb-7ecc-4359-9fb4-bd2609047826,5,2
eb372dd0-4dee-4143-9ffa-f77b15e4cfda,5,5
59274e34-58e0-48ba-8d40-2bc36c2d42cd,4,5
6b902e38-da9d-422f-9012-20969a541b55,4,4
312ebb67-cdc9-49b1-a85c-2d72560a3a39,4,2
73ac3f88-9c1d-4eb4-a66b-d6ba863d40a0,2,2
12eeb7f3-961a-4896-a476-6016f69fadf3,3,1
299e42fc-1a77-4ec1-955f-98cc52def2ad,2,4
485730b6-3a8b-446e-b87c-13cd6a9b04b2,4,1
6c4a7fa8-30a7-4792-9e74-84a100844d05,3,4
94776997-985a-41db-87f7-3fbfb3a4b569,5,5
bf01a388-949c-4f95-895d-7684b5cab6a5,7,1
d94cf087-8e42-4a43-a82d-bfce1f88e3e0,8,2
e5332626-0afe-4b39-bcbc-d5c53d4a3b7c,5,5
cf67b923-fe9e-4106-bc9f-f076724f5d9b,8,1
368acaea-52cb-482e-a6d4-86348d61081c,5,5
91a797b9-de46-46c2-a372-7a08c44783ec,5,4
4e25f205-90da-4fba-9d48-8ca73f4dd875,2,4
41f4cbfd-4eec-4720-a1b7-f55e4a444bc5,5,1
232564f9-76cd-4fb4-9ea3-4b81bfbfe935,4,1
4abbb01d-1a62-4a17-853a-33492647572f,3,3
94091979-2c32-46ac-a662-30b6614604ae,4,4
b453dce4-20a3-473f-b9c9-d5e3b6a1c653,2,3
14df3718-675b-4c94-a124-358292489803,3,3
9485f9be-e445-44df-9e2a-a24afd08107a,8,3
f2445d90-9380-4a63-8caa-52b30a781b3f,4,4
53776362-0a67-43fc-89a2-f83745a4cd08,6,5
117b5761-bbc6-4a83-be07-5bc58718b81f,3,2
8b78d283-7b22-4943-875a-4fd887f0df4a,3,1
3e2b2735-afed-49d9-98b4-631ca5b5a42f,8,2
0ee9fefc-f0e7-45e8-8d7c-b0859712a9b1,1,4
aa10d914-d58e-49aa-83ec-67e6f731a700,3,1
0e421a50-2a09-47a6-a911-dd9fb4262d05,4,4
fcbc2a3d-1794-4393-ad8f-bfd5c0aafa84,3,5
1b14c2c1-2eaa-4741-8a86-38b38807c14d,3,2
0bb8ba07-2527-4e64-b6f1-251368ee790d,5,2
521f14ee-6431-4f22-bafb-44f4f885608a,3,1
7117a310-631b-4f03-b27e-f5f635c4993c,6,1
aaae7f6e-0039-44b5-8fe6-12c32b114cdc,3,1
ed5902a3-3486-4b91-82ce-be5890fe8ce6,5,2
c5a1e07f-8740-4432-bd3d-1ddb2fbafe4d,1,2
be974a0e-44b5-414b-a28b-2587cc78b9ba,5,2
7474214c-2866-4120-8cdb-ace25ba9f342,7,3
72998a78-4490-4f98-b7c7-9cc66b0e2a9d,5,3
a9a44362-f695-4504-8f8d-df3bff52245c,4,2
3b2af6d5-54be-4298-ab03-c57bbb5c2746,2,1
11ac13b8-96aa-4605-9fc6-cee20dad0c03,5,3
df82bfa3-a665-4654-9336-5fc10c991d44,1,2
1ae2b794-a338-450c-baed-87d0beb801c7,8,2
3d61ab95-9a43-4f36-9810-1a1c4aa7017a,7,1
7c7ab1cb-3256-4a61-8831-92521e8cf64e,6,2
31fe553c-7bbb-45bb-ba32-df3c9e7a77aa,5,5
b1fb2a8d-c215-4b0e-a4a9-64690c65d41e,7,2
f6494464-5e7f-49d7-b990-8ddbfb9464e2,4,5
b0304e32-8e6a-4663-81e8-dd085ea6a094,7,5
def69d73-412a-471b-9611-a0bb14707e74,4,4
9a882d03-15f1-4eb7-91ed-ec020a43d1ed,4,1
837480f4-6342-4695-b5f6-15dd6a7ba30b,7,3
ebfe58ea-96bb-402f-9bd1-dbde57b33831,3,5
292b2d0b-9c05-4de8-8156-8c3136a721c2,4,4
da9e9186-6419-416c-93e9-4a6c306b27a1,6,2
82b9dcc7-e8cb-47df-9f45-b603ffd974ea,8,5
4e25f205-90da-4fba-9d48-8ca73f4dd875,2,4
be9a33c0-2daa-40bd-b638-b9d2f69512f3,4,2
be974a0e-44b5-414b-a28b-2587cc78b9ba,5,3
12f9fde1-756d-43e0-a54d-9225f26771c1,8,3
f507112d-c095-4469-b7fb-bc5316f4d88c,2,5
c5ce634f-4e2a-42ec-8e39-1abf26fc473f,4,3
e943af72-0777-4bdd-ac90-09b7c7518c2a,3,2
14ec90b4-1b2a-4307-bcba-4ea815154074,1,5
dd26665e-ebb9-4f36-92e2-52ef650c15a7,4,3
76867724-1b40-4e2d-922a-832e6ba0bd87,3,2
f380e561-a1c6-4115-aaed-39a38567a4ef,6,4
7fe871eb-46c0-457b-a93f-a859b475713c,7,3
8dee702a-b8a0-4c3e-877e-661d29f2f956,2,2
f2d007a4-a98f-404e-94f6-13d2d8daf146,8,4
f02fcaf3-1bfb-4760-898b-455a6a659c46,8,2
14ec90b4-1b2a-4307-bcba-4ea815154074,5,1
f2d007a4-a98f-404e-94f6-13d2d8daf146,7,4
120d5bd7-607f-4720-be3d-2c3e38f16f7e,2,3
7474214c-2866-4120-8cdb-ace25ba9f342,8,1
d0dc011b-3642-46c1-b87c-b404287938a7,3,2
813ace58-438d-4f1e-9460-a4c8c6bf65a2,4,5
46550531-44ce-48b8-9951-b57ae888cb95,8,5
bb059108-d9f7-4568-993f-4c83d41277cf,1,2
41930f58-ea40-4201-82f3-bd92392c1a20,3,4
d0dc011b-3642-46c1-b87c-b404287938a7,6,2
ddde3b2d-5494-4404-b2da-552b11adeab3,5,4
8a410f60-9286-4653-8743-d5fd36a6bfd3,3,5
42796ce1-1e2f-4d79-9986-25d5d3f6d788,7,1
1c743b7f-53bf-4637-a516-dd604295fa5f,8,3
778e96ad-82f2-4912-920f-e8c87645a06d,2,2
facc8f90-ad8f-4997-ab98-e7cb370648f1,4,1
2d609413-6e29-4d46-81b7-39936fd9e380,8,2
8b29b7ba-b43d-404a-8cac-f3ab36697527,1,4
f3481941-93fc-4155-beda-3a4442acc56f,3,1
6f1c374d-0169-4297-8035-9059042453af,4,1
0b7eda3b-3995-47d3-9ef6-44abde7b6c8b,5,2
83e11eec-8548-498a-a8c4-25358499e304,4,5
181fe116-d9f0-41c8-aaf0-aeaa277c3342,4,1
6f1c374d-0169-4297-8035-9059042453af,6,3
14673edf-41cb-48f3-b371-f9856c0268e5,2,3
b5621382-d382-45c4-a79e-66a8f3c25e69,6,1
bdf86742-eafd-44dd-a653-b94c29b1cb24,2,3
383bb5ab-8371-47e1-9948-29cd8b1f9ded,8,5
df4bd2c3-8ec2-494f-b432-d23f1acef02f,5,1
14df3718-675b-4c94-a124-358292489803,1,2
6eec5a96-ae73-425e-befa-191e4d5cbe1b,8,3
d4a6071f-0620-47c4-8fbb-bfe26c700427,6,2
53776362-0a67-43fc-89a2-f83745a4cd08,2,3
f7825bda-3cab-474d-b209-0b04dbbaf0d5,4,2
cae8ae2c-342d-4bff-99e0-fea638324977,2,2
671a20d2-46d3-4ded-80d2-fcc162cbb551,2,4
42796ce1-1e2f-4d79-9986-25d5d3f6d788,6,5
f1ee5055-93db-4dd8-b535-710ff512e7cc,7,2
9e578d52-76e4-4099-a491-3fd455fcbbad,7,4
e9053313-ce82-41b4-92fc-82fb6c5a7173,3,2
92cb6eb1-c895-429d-9ee0-05ffec1028a9,7,2
2d3c56e6-8ddd-41f2-9d22-f19e1b49df7e,7,3
41f4cbfd-4eec-4720-a1b7-f55e4a444bc5,6,5
f1ee5055-93db-4dd8-b535-710ff512e7cc,5,2
1638d862-b0ac-44dc-8daf-2bc9885f0f97,7,4
ad5aacb1-1258-4141-a048-222168d86665,5,1
20a79730-685f-4bc0-b157-97a6159a3e4a,8,5
7c0c73e3-47c9-492c-8825-c2f20681a20d,7,1
d2dfc993-0547-4aa6-ae25-182a1b287703,5,1
8a3536e8-fe61-403f-9d4d-b1897b3e4875,2,1
38388e9a-67b8-482a-9412-b472a4121bbf,2,1
6cb03bd9-fce6-4a25-8303-e017364052ae,7,2
5a57fb79-5712-4c77-b4dd-4c080a1957f4,6,3
49def278-c966-4fcb-b752-78cc37f4efc4,8,2
5549dfd6-f45c-4fec-8889-035b4875a1f8,6,1
f2d007a4-a98f-404e-94f6-13d2d8daf146,4,1
af20d113-4e67-4224-9702-67ad9a3ed152,5,2
120d5bd7-607f-4720-be3d-2c3e38f16f7e,8,2
2bcf3840-1ec6-4ed5-b645-47af1bd5aace,3,5
8ccd139e-74ae-4a8f-a705-32614246111d,6,3
b1fb2a8d-c215-4b0e-a4a9-64690c65d41e,4,1
a1322965-3e8e-4ba1-b32b-3e66d8aaf1aa,8,2
59e0a091-7dfe-4736-8278-137754372aee,5,2
e1038f88-632f-4d94-84c5-074136857488,8,3
606d1a86-bda3-4044-a124-e815e2f74d72,3,3
11841497-93e6-4f64-acb7-16dd51054794,8,5
b5621382-d382-45c4-a79e-66a8f3c25e69,4,5
8a3536e8-fe61-403f-9d4d-b1897b3e4875,1,1
131e9dbb-b3c7-44da-b0d3-c69509feac95,1,1
91580238-3a39-40ed-9478-d0919794b722,8,4
b2b71afe-2dbd-470b-97df-ceaf65f4f646,7,3
6f1c374d-0169-4297-8035-9059042453af,4,2
d747b107-0eab-40bd-bac2-e55b7bf04e01,1,5
701fe40b-7627-4bd2-bece-e4c45cdd4274,3,1
3764a8c6-a041-41e1-bd77-596064304c4e,5,4
c277cf98-752a-404a-bc5b-d76c73e2b985,8,3
ee72719a-0315-4700-9da1-10621c382730,7,3
f2445d90-9380-4a63-8caa-52b30a781b3f,4,5
3b2af6d5-54be-4298-ab03-c57bbb5c2746,3,1
9438e961-c11f-424e-b281-dea637616363,8,4
14896234-b762-455f-993b-c4cc973022c2,2,3
fcf6ac87-aec0-4216-9c4d-f44c4bd1f385,2,4
42796ce1-1e2f-4d79-9986-25d5d3f6d788,2,1
131e9dbb-b3c7-44da-b0d3-c69509feac95,7,1
72998a78-4490-4f98-b7c7-9cc66b0e2a9d,5,3
ec581489-012a-431d-ba72-c024febb3431,5,3
abdc8784-8530-4cc3-ad9f-474199cb6d0c,4,5
ebfe58ea-96bb-402f-9bd1-dbde57b33831,2,2
bc580663-7742-44b6-a4ad-aebae505ce45,2,4
24ad2d03-ee28-49ef-a9f6-cd57510b71a4,4,1
527921c0-94cb-41a4-acd3-7d6c2eb62edc,7,4
3391c5cb-49aa-4054-a5d0-352342f0a431,3,5
75630d5c-9fe9-46bc-95cf-6733795df118,5,5
85d555c5-4a49-4ad4-a5b8-70200b667ccd,1,1
e1038f88-632f-4d94-84c5-074136857488,2,3
33951a63-098a-43ad-80ef-d669c6ff57ad,7,3
6d256123-c9ec-4734-96e1-0d951f518425,7,4
4ebd0de8-7f9c-4b5a-aabc-8c5896ba6d8d,3,3
7c7ab1cb-3256-4a61-8831-92521e8cf64e,2,3
7bdf5639-725a-4828-b6c3-5b5cc736cc13,5,3
0d0fa739-0bc2-49d2-b39c-f6ab2bc325c7,4,5
d4a24be6-6865-423e-b2d7-e2457e6435db,3,5
3197655f-d60f-4932-8dd2-479ea7cc301e,3,1
74536f68-b61c-4e73-a55d-49c71386b15b,1,2
e61ac59c-8a9e-48c8-8285-304015e8d500,6,5
cd2bd085-f73d-4dbb-a9a9-1a9b7cac5347,3,2
52468e2c-22a5-40eb-8aba-278cf9828c46,7,1
3b2af6d5-54be-4298-ab03-c57bbb5c2746,6,3
24ad2d03-ee28-49ef-a9f6-cd57510b71a4,7,2
4360e285-b926-4d65-bb3b-fffb6e92805e,2,5
5a57fb79-5712-4c77-b4dd-4c080a1957f4,8,5
4ca70073-8c35-4320-a2ae-8b476f61dbd6,7,2
ab9aed36-7a98-4bb5-a903-35273d4e1604,5,4
f507112d-c095-4469-b7fb-bc5316f4d88c,5,3
e23f9fdc-f8c7-4b95-b445-a15c1dfd1b79,5,4
368acaea-52cb-482e-a6d4-86348d61081c,6,5
6b902e38-da9d-422f-9012-20969a541b55,3,1
965fa1ff-7479-4e71-a63f-bc0ac2f6f9fb,2,5
be974a0e-44b5-414b-a28b-2587cc78b9ba,8,1
c8568f7f-27f2-492b-a728-9d0504bc298a,5,3
f02fcaf3-1bfb-4760-898b-455a6a659c46,3,2
cd9fac8c-3481-4c9a-b49a-12daa08409d6,2,5
5bb02278-cde1-43b6-8a30-57a2435fb4fa,2,5
0f4430e6-d4f4-4bae-977b-31aea7c38bb5,5,5
502e2c6e-6ede-4ac0-8f59-c4f537c4f4e4,2,3
49b4454f-4780-49af-b201-e3e96c19610a,7,5
3d61ab95-9a43-4f36-9810-1a1c4aa7017a,8,3
6faca8b2-e2ee-4413-ae52-7ed488dc2453,3,4
299e42fc-1a77-4ec1-955f-98cc52def2ad,8,1
14f8d984-5ee0-409f-9a00-ad5f29dd0a90,6,4
c5ca0a5d-6cf8-4728-9225-1d0ee8af00c6,7,4
5551ab32-ccfa-4862-b070-53da13cdf25b,7,1
78e687b2-f0a7-45cc-96bf-85ab965afae7,8,3
14896234-b762-455f-993b-c4cc973022c2,6,2
ebed1708-abfa-4409-923b-506d6b68f930,2,4
75554ce3-d309-4a2e-a7ce-6dac2a03b401,6,5
c40601dd-6c4a-4be8-9ef8-4bd26578b19e,5,4
91a797b9-de46-46c2-a372-7a08c44783ec,3,5
046f0254-4f60-4b61-9792-11c68b85c780,8,3
f16dd342-11cc-4b68-ac4e-f2a5cb97865b,7,2
be9a33c0-2daa-40bd-b638-b9d2f69512f3,6,4
de4f38de-d825-44e2-9df9-0cb4e0aed32d,3,3
2ebffa85-e921-47be-9c44-7778e90d630c,1,4
c61c644b-a433-4e68-9975-5b23e4fcfdf0,1,4
892fa026-295d-448c-8985-81a81ed35376,5,2
892fa026-295d-448c-8985-81a81ed35376,2,4
bb17cd64-20bb-4ebb-855c-bf9089a134f1,7,5
f3481941-93fc-4155-beda-3a4442acc56f,2,2
6bb4497a-933a-4c9c-b18e-53067839345c,7,5
12b9f4e3-2d49-43b1-8d53-06c31205e26c,3,2
1a27a444-d299-4163-82f8-b3a90c110a64,1,4
0b0f4258-695a-4a3b-9b40-b0a8fd166995,2,5
c15ca881-6382-4580-9e8e-5129af57b5ab,1,2
6d46c77f-ea1c-4386-a16a-e3819b8ab25d,5,5
89a2923f-83b4-4364-beb8-750c5bf14d3d,7,4
46550531-44ce-48b8-9951-b57ae888cb95,3,1
bb17cd64-20bb-4ebb-855c-bf9089a134f1,1,5
ced9ed9b-a26d-47fa-ba67-b203e45a0df7,4,2
accbb2e3-6ff5-4b57-b916-db30e0a886ce,1,3
14896234-b762-455f-993b-c4cc973022c2,3,1
1ec5720d-3cd2-4331-8459-74466690eced,4,5
0f1ab389-80a1-404f-ab9c-6e76c82f076f,8,1
b3986dd0-5076-4c6d-8a0e-d6d3a1b13dbb,4,1
72998a78-4490-4f98-b7c7-9cc66b0e2a9d,8,1
befbeab7-c2c9-45c4-9da4-174971e7c42c,8,5
5549dfd6-f45c-4fec-8889-035b4875a1f8,2,1
b3986dd0-5076-4c6d-8a0e-d6d3a1b13dbb,7,3
fd5b81b6-ba8c-4f04-973a-a037a1faa17d,5,2
dbb54e81-87ae-4491-bdfd-9c0677dac794,5,2
b302fe5f-ba36-466e-b011-c2149aa6ca8b,2,3
509106f8-1de5-45a7-ae45-66d7b460fd63,6,1
f380e561-a1c6-4115-aaed-39a38567a4ef,3,5
5d0fddaf-6289-4103-98df-49e33edb022e,2,3
c2b03ddc-c734-485f-b1a2-b7faa7f54f24,7,3
3e7587be-d554-49ba-8ffd-9f58e720ea28,5,1
3e772814-0c6b-4d76-87e3-62039b93fe09,2,5
cc73f1c9-9c0e-46bb-a498-93ad5367d884,1,4
c04b7278-0ad9-40b1-94f0-4087be369233,2,4
d88bd785-df55-4d02-95ff-cc79ee4448d4,7,1
ebed1708-abfa-4409-923b-506d6b68f930,2,5
41f4cbfd-4eec-4720-a1b7-f55e4a444bc5,3,1
4ae35964-2989-4540-8579-477a0892fd96,4,5
4ca70073-8c35-4320-a2ae-8b476f61dbd6,5,4
467449a8-72b2-43c1-a43d-7b32dfd4c820,4,4
d747b107-0eab-40bd-bac2-e55b7bf04e01,3,3
a7fdd847-ebcc-4bca-9149-78d6159a612a,6,4
1c743b7f-53bf-4637-a516-dd604295fa5f,5,1
4be03c30-12e2-4603-b040-53aed32f1212,6,2
ed5902a3-3486-4b91-82ce-be5890fe8ce6,1,1
49b4454f-4780-49af-b201-e3e96c19610a,3,2
87d20729-ed36-4a48-98b2-e0df579c7485,7,1
ab041485-03cb-4dbe-9583-c70a66accc18,2,2
18b38754-50cd-4bfd-90e0-8f395f3eaa2e,7,1
9c0d379e-7d6f-4de5-9008-2a9093565420,8,3
f4eedbc8-e689-4f74-8893-b15e9e4b2410,8,2
41f4cbfd-4eec-4720-a1b7-f55e4a444bc5,4,1
950bc6a2-27f9-4f2f-a70b-db6b47dc7a9e,3,5
7587c800-cae3-418b-8b44-4ef324aac515,4,2
6a9e05e0-6ecb-44f6-9fbd-875485ae17f1,8,2
7c0c73e3-47c9-492c-8825-c2f20681a20d,8,1
29c0e22e-8ed8-40c2-ab1b-f6352dc55293,8,4
d438e5d0-6275-4aa7-80d9-951dcd626eaa,1,3
ad463107-e7cc-4306-b0df-16a750a38180,2,1
7d0de6a5-106f-4c8e-b63a-01ae3cb1fa59,2,2
ad5aacb1-1258-4141-a048-222168d86665,8,3
94091979-2c32-46ac-a662-30b6614604ae,6,4
8a0788f1-003d-4ce1-91df-eac8b190beaa,8,5
0b7eda3b-3995-47d3-9ef6-44abde7b6c8b,8,4
3764a8c6-a041-41e1-bd77-596064304c4e,5,5
2d455edc-9024-46e2-83bc-a164b26cae93,7,1
bb6876ea-0de4-4440-9c1f-e7a3a64d2379,2,2
527921c0-94cb-41a4-acd3-7d6c2eb62edc,1,2
17b2d46c-c771-4c42-b640-a9b1ad038cbe,2,1
42796ce1-1e2f-4d79-9986-25d5d3f6d788,6,1
2527bed5-8eca-4f3c-abf0-2da346449e62,3,4
31eb328f-0573-43ce-8829-1e934298127d,1,3
16bacc1e-6a6d-454f-837f-d4f0525989f7,7,3
70b65cc2-599a-43fd-8b9c-901af3f159d7,1,1
181fe116-d9f0-41c8-aaf0-aeaa277c3342,1,3
95667df6-dd3b-4e83-822e-ac93807f9f29,7,4
dd26665e-ebb9-4f36-92e2-52ef650c15a7,8,3
bb17cd64-20bb-4ebb-855c-bf9089a134f1,3,2
d094d9ed-1ad2-42bd-bba5-c6705d2bcd36,8,3
5551ab32-ccfa-4862-b070-53da13cdf25b,2,1
ea4e9e41-de3c-4b8f-8dfd-bfed47a8e7e8,8,1
ad41e33b-ce78-4944-9eb2-1e682e654c99,6,5
837480f4-6342-4695-b5f6-15dd6a7ba30b,4,2
b2b71afe-2dbd-470b-97df-ceaf65f4f646,1,3
ced9ed9b-a26d-47fa-ba67-b203e45a0df7,2,2
527921c0-94cb-41a4-acd3-7d6c2eb62edc,1,1
5551ab32-ccfa-4862-b070-53da13cdf25b,7,1
7bdf5639-725a-4828-b6c3-5b5cc736cc13,5,4
c04b7278-0ad9-40b1-94f0-4087be369233,7,3
69827ec1-5967-46a9-b9bc-94002c9b6130,6,1
09792140-ae83-4355-ba2b-ca4f2d3ae1ff,1,2
09792140-ae83-4355-ba2b-ca4f2d3ae1ff,5,1
e8a1e449-bda1-46c8-9e69-d63f4c2800d7,4,1
3b638ed2-70e5-4813-802d-8460fa5e8c78,8,1
78b70da9-504a-496b-9589-b094670a7fa6,7,1
5473eedb-246e-43d3-a75d-1ba18eea3e61,7,1
e2a84b9c-b16b-4c31-9ca8-c527c4697f01,8,2
bb6876ea-0de4-4440-9c1f-e7a3a64d2379,6,2
5f111c8c-080f-4984-8271-f69bd91d2c7c,7,4
fcbc2a3d-1794-4393-ad8f-bfd5c0aafa84,8,4
42ccf585-dd0c-46c3-a0ba-b2cb87d8db0d,1,1
6eec5a96-ae73-425e-befa-191e4d5cbe1b,1,1
74886263-48b4-4ec3-bb0c-5f968573fffe,4,2
dbb54e81-87ae-4491-bdfd-9c0677dac794,1,5
6eec5a96-ae73-425e-befa-191e4d5cbe1b,1,3
49559d45-a009-4bf0-b1f9-a6043f1db255,4,2
f7deea27-815c-4e4f-9bfd-c2648fd9f482,4,2
95ba36eb-8cb5-4858-abf4-7c9ac3759875,2,5
a7fdd847-ebcc-4bca-9149-78d6159a612a,2,5
f3481941-93fc-4155-beda-3a4442acc56f,3,2
8833b033-f522-4795-a22b-91ac9b3c0f2d,6,5
227fc989-90e4-439f-887a-ebff68e3abcd,7,3
f90408c7-7256-4f1d-9f62-a7d637d87331,5,5
62bff47b-56d4-4240-b2f7-0a3dc36ffa9a,1,3
ae670d11-4d89-417c-8229-f8abbc705ede,8,3
527921c0-94cb-41a4-acd3-7d6c2eb62edc,2,1
52e02583-ecb4-41c0-9179-e54102aa8e44,3,3
ac0ba32b-72da-4fe7-b056-61c9702fe357,3,2
96d0037e-d811-477a-88bb-0f9233bf24ac,5,2
9eab5f38-feea-4456-a9b1-f5be4187cf36,6,1
02cb4cb9-9f1f-4f96-95d5-55603612e0c4,3,4
d4a6071f-0620-47c4-8fbb-bfe26c700427,2,5
df4bd2c3-8ec2-494f-b432-d23f1acef02f,2,5
9fe5ad6a-a461-432a-906a-dc42cff3c376,3,5
892fa026-295d-448c-8985-81a81ed35376,7,1
11841497-93e6-4f64-acb7-16dd51054794,3,2
eb3edd84-748e-4a7d-ab44-2c64b24fa817,1,5
9146bcbf-06f9-49ba-ad37-adb7d4da1bd8,5,2
91580238-3a39-40ed-9478-d0919794b722,4,1
5809fd72-7c2f-46e9-8557-079802c7fe37,6,5
f2445d90-9380-4a63-8caa-52b30a781b3f,5,4
96d0037e-d811-477a-88bb-0f9233bf24ac,4,3
9962475a-3d51-42f8-aced-8d2a02fb2cc6,3,4
c2b03ddc-c734-485f-b1a2-b7faa7f54f24,1,5
00d6765b-5869-42ec-a2e0-2644cffb90bc,8,5
69b2dab0-c64b-48d4-b300-9c6f86d792c6,8,1
76867724-1b40-4e2d-922a-832e6ba0bd87,8,5
e8fdb110-0d24-4479-b1d1-628c4b8f14aa,7,2
2527bed5-8eca-4f3c-abf0-2da346449e62,2,1
e1038f88-632f-4d94-84c5-074136857488,7,3
5f602ed3-afdf-4241-b859-d8ef2cd773e5,1,4
f55ec886-bbfc-426b-a14f-49095ef75e6c,1,2
5e5fa0ef-e149-41c5-8d7b-efff307c183a,2,4
8a3536e8-fe61-403f-9d4d-b1897b3e4875,3,5
14df3718-675b-4c94-a124-358292489803,4,1
92cb6eb1-c895-429d-9ee0-05ffec1028a9,5,5
81c448a0-c083-48d9-951a-a960c3824f43,8,2
c15ca881-6382-4580-9e8e-5129af57b5ab,1,2
d3b2bcb7-1325-49ce-9e7d-900a5c0bf7b3,4,3
d3b2bcb7-1325-49ce-9e7d-900a5c0bf7b3,2,5
0f4430e6-d4f4-4bae-977b-31aea7c38bb5,4,2
ebfe58ea-96bb-402f-9bd1-dbde57b33831,1,1
557c1227-c741-4207-8196-a608cfb8b1fb,5,5
dee22f31-1f0a-44e0-98eb-f77b71522655,5,4
a7fdd847-ebcc-4bca-9149-78d6159a612a,1,4
38388e9a-67b8-482a-9412-b472a4121bbf,5,4
4ae35964-2989-4540-8579-477a0892fd96,1,1
24ad2d03-ee28-49ef-a9f6-cd57510b71a4,3,2
0e421a50-2a09-47a6-a911-dd9fb4262d05,5,2
bcc95c8d-e448-4101-adb4-ab441932fb01,1,3
4360e285-b926-4d65-bb3b-fffb6e92805e,3,2
be9a33c0-2daa-40bd-b638-b9d2f69512f3,6,3
0fe57a41-c44c-49c7-b68e-1350c5146b37,4,5
0bed7b45-dc4a-4c76-8cb2-0e54429d81fe,1,3
dc367d7e-795b-4178-a3ef-0bc87f967813,4,1
f2d007a4-a98f-404e-94f6-13d2d8daf146,2,3
75554ce3-d309-4a2e-a7ce-6dac2a03b401,5,1
ae44378f-daf2-4abe-8d9b-3006ea82278e,3,5
f55ec886-bbfc-426b-a14f-49095ef75e6c,2,3
a54b516d-a7c8-43ab-bd86-7919ee65b9c1,1,5
705511dc-7267-496e-869f-2fc3c619b3f0,3,4
9c0d379e-7d6f-4de5-9008-2a9093565420,3,5
82fbfb43-a3d9-478e-9d4a-7495245de388,3,4
3b2af6d5-54be-4298-ab03-c57bbb5c2746,6,4
aaae7f6e-0039-44b5-8fe6-12c32b114cdc,7,1
be9a33c0-2daa-40bd-b638-b9d2f69512f3,6,1
d325de59-7de9-459c-bbdc-cf950833b4e7,6,4
f2d007a4-a98f-404e-94f6-13d2d8daf146,8,4
a9a44362-f695-4504-8f8d-df3bff52245c,1,5
1a2dbdbc-24c6-4111-a5fe-c32216f87b7f,4,2
6e8c7926-b6c7-4410-b136-99d4a12631e7,5,2
cd2bd085-f73d-4dbb-a9a9-1a9b7cac5347,8,3
0d03fe67-5744-4ac9-8eea-b8a1beae377a,3,2
0535d233-a8a8-4262-b8ab-4a30d6c04e25,3,1
6d46c77f-ea1c-4386-a16a-e3819b8ab25d,3,5
cd2bd085-f73d-4dbb-a9a9-1a9b7cac5347,6,2
a0336512-098d-416a-87c9-83a9670fc31d,2,5
9c24bc24-67d0-4e47-b72b-de15b63b090d,8,3
79131885-70ce-44ea-93e4-5b1abee3a03f,6,5
ab9aed36-7a98-4bb5-a903-35273d4e1604,4,5
824be8cc-93bc-494f-96a0-0aad9a062efe,6,1
aa10d914-d58e-49aa-83ec-67e6f731a700,8,3
8dee702a-b8a0-4c3e-877e-661d29f2f956,8,2
cd2bd085-f73d-4dbb-a9a9-1a9b7cac5347,7,4
8a0788f1-003d-4ce1-91df-eac8b190beaa,8,5
eb3edd84-748e-4a7d-ab44-2c64b24fa817,6,1
0df067ef-28bc-4ea4-b9bc-fc37b30db486,5,3
1a27a444-d299-4163-82f8-b3a90c110a64,4,2
5f602ed3-afdf-4241-b859-d8ef2cd773e5,2,3
65998224-304c-487e-b74e-5b0fd491ac6a,4,1
1c6c1e31-98d6-4cda-8551-4a27738c8cf9,6,2
e2a84b9c-b16b-4c31-9ca8-c527c4697f01,4,4
74536f68-b61c-4e73-a55d-49c71386b15b,1,1
8b29b7ba-b43d-404a-8cac-f3ab36697527,4,2
4be03c30-12e2-4603-b040-53aed32f1212,4,3
4afdea9a-e65a-4d19-8f06-0bc7ed893664,1,1
f16dd342-11cc-4b68-ac4e-f2a5cb97865b,7,2
778e96ad-82f2-4912-920f-e8c87645a06d,4,2
181fe116-d9f0-41c8-aaf0-aeaa277c3342,2,3
18b38754-50cd-4bfd-90e0-8f395f3eaa2e,7,4
f02fcaf3-1bfb-4760-898b-455a6a659c46,1,1
2d3c56e6-8ddd-41f2-9d22-f19e1b49df7e,2,3
232564f9-76cd-4fb4-9ea3-4b81bfbfe935,5,2
ca07f546-0bc7-41e2-8ec6-8bbc304b45c2,3,3
befbeab7-c2c9-45c4-9da4-174971e7c42c,4,1
c5293ffa-e6a8-422c-860e-f9f364a9684a,7,1
a94c7d96-4334-46ef-95b2-6cf03fa32b22,4,3
17162a4f-13a1-46c3-8709-c44c5535c58f,8,5
3783e310-5af0-4f54-bfca-70714ad2de06,6,2
6cb03bd9-fce6-4a25-8303-e017364052ae,3,4
46550531-44ce-48b8-9951-b57ae888cb95,5,3
bb399f10-3c1b-43bf-b08a-5d929dd83dff,8,1
6d301c97-f982-4711-bfa8-25b164247f2c,7,1
da6993c4-7f28-461c-8cda-818fa8d0f111,5,5
bf0156f5-d81d-40e8-a4da-4bb803fc4fbc,3,2
e8fdb110-0d24-4479-b1d1-628c4b8f14aa,5,1
bdf86742-eafd-44dd-a653-b94c29b1cb24,8,4
d438e5d0-6275-4aa7-80d9-951dcd626eaa,4,1
5e5fa0ef-e149-41c5-8d7b-efff307c183a,4,3
18b38754-50cd-4bfd-90e0-8f395f3eaa2e,8,5
b170b3f5-9f02-4a57-8546-a6d4579f07f1,4,1
bf1c6c36-3209-4991-be12-eb67f7a49772,2,4
8833b033-f522-4795-a22b-91ac9b3c0f2d,2,4
f2988164-159d-4ce7-a792-588348621796,5,5
6d256123-c9ec-4734-96e1-0d951f518425,7,5
76867724-1b40-4e2d-922a-832e6ba0bd87,4,2
1b273b83-b990-4bcd-924b-a9dbdd6e673f,3,1
2edef0fe-4457-4453-b8dd-297f9fc2b8b1,4,2
92bf8fd9-dba9-41aa-88c8-f83088a1cba3,7,3
3764a8c6-a041-41e1-bd77-596064304c4e,7,1
65c419df-399a-47c4-8a12-8bc2f5420303,4,3
f0459210-8d92-4c58-9c11-2ff974688c2a,1,4
12f9fde1-756d-43e0-a54d-9225f26771c1,1,5
f3481941-93fc-4155-beda-3a4442acc56f,3,3
a1322965-3e8e-4ba1-b32b-3e66d8aaf1aa,2,3
3dc23e04-0d73-4189-9e56-e35261b1e660,3,5
fcbc2a3d-1794-4393-ad8f-bfd5c0aafa84,5,3
1b14c2c1-2eaa-4741-8a86-38b38807c14d,1,1
f7862eb3-4a14-445a-8156-31fd184d7005,5,3
38388e9a-67b8-482a-9412-b472a4121bbf,8,1
bf71b356-fdfa-47d9-b713-69da0a644da6,2,1
da6993c4-7f28-461c-8cda-818fa8d0f111,2,4
215ec9d3-c849-42c1-ad5f-d000fe06743f,6,5
75cd2b71-2cc5-464d-8ceb-c28c960dca09,1,2
14673edf-41cb-48f3-b371-f9856c0268e5,5,3
4360e285-b926-4d65-bb3b-fffb6e92805e,2,3
2d3c56e6-8ddd-41f2-9d22-f19e1b49df7e,5,5
6465f949-afc1-429d-bcf7-168b5d1fde9b,1,3
bb17cd64-20bb-4ebb-855c-bf9089a134f1,4,5
6e8c7926-b6c7-4410-b136-99d4a12631e7,4,5
81c448a0-c083-48d9-951a-a960c3824f43,3,1
02cb4cb9-9f1f-4f96-95d5-55603612e0c4,4,4
f9ea8cbf-8eec-4726-92ec-4177681e4ac0,1,4
6c4a7fa8-30a7-4792-9e74-84a100844d05,2,1
4abbb01d-1a62-4a17-853a-33492647572f,5,1
1afff7c2-4a95-4d58-b115-9fda4f35e863,3,5
89106a07-9022-4ba4-a2a7-0cc432c0c2fb,6,4
012ffcf9-7c26-45ee-a185-81e6f2be6fa3,5,2
b5e6efc8-5e4b-46df-81ff-dff224e8dfbe,7,2
5d1a7669-f1e6-494b-a6aa-b3e534726a38,2,4
c61c644b-a433-4e68-9975-5b23e4fcfdf0,2,4
96d0037e-d811-477a-88bb-0f9233bf24ac,8,4
4abbb01d-1a62-4a17-853a-33492647572f,7,2
cf67b923-fe9e-4106-bc9f-f076724f5d9b,2,2
d43574fa-9028-48d0-9546-5fe19c3a8539,1,1
3a2d65b5-5117-4c85-a85c-d64995f231cf,2,1
73fea0b7-da5d-4631-9e14-f96e0be3abc2,1,2
0b7eda3b-3995-47d3-9ef6-44abde7b6c8b,8,2
919a0c51-12cf-4014-a85f-60f98c5052d7,2,3
606d1a86-bda3-4044-a124-e815e2f74d72,6,2
d7d558b9-ac49-49af-86b1-9cd70420661b,7,1
14673edf-41cb-48f3-b371-f9856c0268e5,8,4
beacdeb4-6610-4685-bc5b-f2e0896fdfbf,7,1
824be8cc-93bc-494f-96a0-0aad9a062efe,7,2
49def278-c966-4fcb-b752-78cc37f4efc4,3,5
f9ea8cbf-8eec-4726-92ec-4177681e4ac0,3,4
8f2a73b7-8608-4f1d-bb4c-becc41154c93,5,2
9eab5f38-feea-4456-a9b1-f5be4187cf36,1,2
a9a44362-f695-4504-8f8d-df3bff52245c,8,4
3b638ed2-70e5-4813-802d-8460fa5e8c78,5,2
70b65cc2-599a-43fd-8b9c-901af3f159d7,3,2
c61c644b-a433-4e68-9975-5b23e4fcfdf0,7,1
9eab5f38-feea-4456-a9b1-f5be4187cf36,4,4
d88bd785-df55-4d02-95ff-cc79ee4448d4,3,2
0535d233-a8a8-4262-b8ab-4a30d6c04e25,4,4
5549dfd6-f45c-4fec-8889-035b4875a1f8,7,2
7c0c73e3-47c9-492c-8825-c2f20681a20d,8,1
5d0fddaf-6289-4103-98df-49e33edb022e,3,4
aaae7f6e-0039-44b5-8fe6-12c32b114cdc,1,5
d508f789-3f29-4b5b-bdca-203b2f8b14bb,6,2
ad41e33b-ce78-4944-9eb2-1e682e654c99,8,4
c5a1e07f-8740-4432-bd3d-1ddb2fbafe4d,7,5
0df067ef-28bc-4ea4-b9bc-fc37b30db486,2,1
de4f38de-d825-44e2-9df9-0cb4e0aed32d,6,5
9a882d03-15f1-4eb7-91ed-ec020a43d1ed,6,3
96d0037e-d811-477a-88bb-0f9233bf24ac,2,2
bdf86742-eafd-44dd-a653-b94c29b1cb24,7,5
c61c644b-a433-4e68-9975-5b23e4fcfdf0,6,1
b6f9a779-412c-4f21-8073-13381bf31490,1,5
0b9319f6-b857-42aa-89df-9ebed2b8b342,7,4
012ffcf9-7c26-45ee-a185-81e6f2be6fa3,5,4
a68f478c-71c1-4c88-8f22-fc6cb7e60328,7,2
78e687b2-f0a7-45cc-96bf-85ab965afae7,8,4
0b9319f6-b857-42aa-89df-9ebed2b8b342,7,1
2bcf3840-1ec6-4ed5-b645-47af1bd5aace,1,5
e61ac59c-8a9e-48c8-8285-304015e8d500,5,5
0d03fe67-5744-4ac9-8eea-b8a1beae377a,3,2
7587c800-cae3-418b-8b44-4ef324aac515,8,2
fcf6ac87-aec0-4216-9c4d-f44c4bd1f385,2,3
a54b516d-a7c8-43ab-bd86-7919ee65b9c1,8,1
9a882d03-15f1-4eb7-91ed-ec020a43d1ed,7,2
3e2b2735-afed-49d9-98b4-631ca5b5a42f,8,3
467449a8-72b2-43c1-a43d-7b32dfd4c820,4,5
d2dfc993-0547-4aa6-ae25-182a1b287703,8,1
87f6ea6e-0f19-4306-87ac-6465f6707dc1,1,4
f90408c7-7256-4f1d-9f62-a7d637d87331,8,1
3ae2e443-728b-4705-86c9-71f2a1ea79ef,1,2
65c419df-399a-47c4-8a12-8bc2f5420303,8,4
95ba36eb-8cb5-4858-abf4-7c9ac3759875,5,4
22e65ff5-55b1-46f0-911f-463a3d303382,8,5
c5ca0a5d-6cf8-4728-9225-1d0ee8af00c6,6,1
7474214c-2866-4120-8cdb-ace25ba9f342,7,1
9962475a-3d51-42f8-aced-8d2a02fb2cc6,8,2
9485f9be-e445-44df-9e2a-a24afd08107a,1,1
6e8c7926-b6c7-4410-b136-99d4a12631e7,8,4
3a2f5b8a-04af-43a4-8691-f204582209a1,5,5
f380e561-a1c6-4115-aaed-39a38567a4ef,7,2
5a57fb79-5712-4c77-b4dd-4c080a1957f4,1,5
cd9fac8c-3481-4c9a-b49a-12daa08409d6,1,2
f02fcaf3-1bfb-4760-898b-455a6a659c46,4,1
65c419df-399a-47c4-8a12-8bc2f5420303,7,3
9fe5ad6a-a461-432a-906a-dc42cff3c376,5,4
e2a84b9c-b16b-4c31-9ca8-c527c4697f01,6,2
f41284ef-2c13-4b6a-accd-d2b1abc7ebbe,4,2
6bb4497a-933a-4c9c-b18e-53067839345c,4,2
80300b2e-dc7a-484f-a5b9-ed898aacbd1f,4,1
f2445d90-9380-4a63-8caa-52b30a781b3f,4,2
ca07f546-0bc7-41e2-8ec6-8bbc304b45c2,2,1
181fe116-d9f0-41c8-aaf0-aeaa277c3342,3,4
2d3c56e6-8ddd-41f2-9d22-f19e1b49df7e,4,4
41f20853-2cbd-4019-be35-1845ac4ccd7a,1,4
046f0254-4f60-4b61-9792-11c68b85c780,7,5
4a48cf89-33a1-414c-8252-8925f66661e9,5,1
824be8cc-93bc-494f-96a0-0aad9a062efe,7,2
8b29b7ba-b43d-404a-8cac-f3ab36697527,6,1
919a0c51-12cf-4014-a85f-60f98c5052d7,5,2
14f8d984-5ee0-409f-9a00-ad5f29dd0a90,4,1
d4a24be6-6865-423e-b2d7-e2457e6435db,4,2
46cdfda3-a14a-4078-b078-9a39869901b8,8,1
379b3e0e-f8df-4258-82e7-63c2556fd46e,6,4
09792140-ae83-4355-ba2b-ca4f2d3ae1ff,7,5
def69d73-412a-471b-9611-a0bb14707e74,8,5
c04b7278-0ad9-40b1-94f0-4087be369233,2,1
3ae2e443-728b-4705-86c9-71f2a1ea79ef,7,3
ebed1708-abfa-4409-923b-506d6b68f930,7,1
f1c4b801-09b2-4fcc-96a7-b111e6c66cf2,7,5
3a2d65b5-5117-4c85-a85c-d64995f231cf,8,3
6f1c374d-0169-4297-8035-9059042453af,3,2
7c1161a6-c668-495a-88ef-b3c39710ebae,2,3
74886263-48b4-4ec3-bb0c-5f968573fffe,4,2
3391c5cb-49aa-4054-a5d0-352342f0a431,6,5
db87c790-ab10-400a-b57a-fd6c26a4e616,7,1
e61ac59c-8a9e-48c8-8285-304015e8d500,2,3
efc5a7c4-4079-4059-8ffd-031fa12963af,8,5
0b9319f6-b857-42aa-89df-9ebed2b8b342,3,3
8dee702a-b8a0-4c3e-877e-661d29f2f956,7,5
fdbcea21-a8ab-4e07-ba64-48effa7caa14,3,3
6bf661e6-43ea-4569-9f32-67d35f76e335,8,5
17162a4f-13a1-46c3-8709-c44c5535c58f,3,1
379b3e0e-f8df-4258-82e7-63c2556fd46e,3,3
ced9ed9b-a26d-47fa-ba67-b203e45a0df7,3,3
49b4454f-4780-49af-b201-e3e96c19610a,6,4
34b36a73-313f-45da-9cc5-c6437242f3f8,3,2
4abbb01d-1a62-4a17-853a-33492647572f,8,4
8b68c453-3e11-44ec-87cc-ec43839eaf15,2,3
70f0bc7d-2e5b-4060-8fd4-a863704e5c6b,4,1
f133352a-c208-4184-893c-d94f77832364,2,4
d673694d-ff6f-4841-8cf0-a7f75ff6d4e2,2,2
509106f8-1de5-45a7-ae45-66d7b460fd63,8,3
bf71b356-fdfa-47d9-b713-69da0a644da6,1,3
3783e310-5af0-4f54-bfca-70714ad2de06,4,1
aaae7f6e-0039-44b5-8fe6-12c32b114cdc,5,4
8a0788f1-003d-4ce1-91df-eac8b190beaa,4,5
509106f8-1de5-45a7-ae45-66d7b460fd63,6,1
9c24bc24-67d0-4e47-b72b-de15b63b090d,1,5
ea4e9e41-de3c-4b8f-8dfd-bfed47a8e7e8,4,1
14307f80-2ff0-4ccf-9ac8-73768a43edb2,3,5
d431dd90-3250-46ca-818a-63cba036f2e7,3,1
95667df6-dd3b-4e83-822e-ac93807f9f29,7,5
2bcf3840-1ec6-4ed5-b645-47af1bd5aace,8,3
f380e561-a1c6-4115-aaed-39a38567a4ef,8,4
b170b3f5-9f02-4a57-8546-a6d4579f07f1,3,4
6eec5a96-ae73-425e-befa-191e4d5cbe1b,1,2
14ec90b4-1b2a-4307-bcba-4ea815154074,2,1
aaae7f6e-0039-44b5-8fe6-12c32b114cdc,8,5
1b273b83-b990-4bcd-924b-a9dbdd6e673f,1,5
dbb54e81-87ae-4491-bdfd-9c0677dac794,8,3
ed5902a3-3486-4b91-82ce-be5890fe8ce6,5,3
b302fe5f-ba36-466e-b011-c2149aa6ca8b,6,3
db7b12eb-b044-488f-a0d7-ee6d8c1e954a,6,1
522b2720-02d3-4491-b7b2-7ca20c2e98e5,6,1
8b78d283-7b22-4943-875a-4fd887f0df4a,2,3
a10da21c-e07c-492d-80f4-814d3621274d,7,4
f16dd342-11cc-4b68-ac4e-f2a5cb97865b,7,1
9fa205c4-58af-4e4a-919d-3f55c9839103,7,3
1ec5720d-3cd2-4331-8459-74466690eced,2,3
3e2b2735-afed-49d9-98b4-631ca5b5a42f,4,4
d3b2bcb7-1325-49ce-9e7d-900a5c0bf7b3,7,3
5473eedb-246e-43d3-a75d-1ba18eea3e61,5,3
f45ec9a3-bbf5-477d-9444-482487e77041,6,4
5857ba10-4e37-4927-b96f-c528c633e92d,4,4
c5293ffa-e6a8-422c-860e-f9f364a9684a,1,1
73ac3f88-9c1d-4eb4-a66b-d6ba863d40a0,6,3
ac0ba32b-72da-4fe7-b056-61c9702fe357,1,5
ad5aacb1-1258-4141-a048-222168d86665,8,2
2b35f9d4-1a47-4470-9607-f8ea3fe745c4,6,4
73fea0b7-da5d-4631-9e14-f96e0be3abc2,8,3
6cb03bd9-fce6-4a25-8303-e017364052ae,7,1
80f7dc64-fa96-436c-85de-1836a84476e1,6,3
aaae7f6e-0039-44b5-8fe6-12c32b114cdc,5,1
4d76e7f2-a7c7-48c3-89f4-cd1e6b5549fc,6,2
f9393214-b695-4d56-a7ef-79301cbf5ce8,7,2
f239dfa2-c1a9-456c-b1d1-53c35c9a2c45,5,4
5551ab32-ccfa-4862-b070-53da13cdf25b,4,5
0f4430e6-d4f4-4bae-977b-31aea7c38bb5,6,1
f7deea27-815c-4e4f-9bfd-c2648fd9f482,7,2
0e421a50-2a09-47a6-a911-dd9fb4262d05,4,5
f16dd342-11cc-4b68-ac4e-f2a5cb97865b,1,4
4360e285-b926-4d65-bb3b-fffb6e92805e,2,3
7eccb3c5-c3c1-4b35-8d07-10663df019d8,3,5
c17dfd17-d741-49c8-8353-5915117b8598,3,1
76867724-1b40-4e2d-922a-832e6ba0bd87,5,1
facc8f90-ad8f-4997-ab98-e7cb370648f1,7,1
1638d862-b0ac-44dc-8daf-2bc9885f0f97,5,3
c5ce634f-4e2a-42ec-8e39-1abf26fc473f,6,3
5bb02278-cde1-43b6-8a30-57a2435fb4fa,2,3
f2988164-159d-4ce7-a792-588348621796,4,4
1c6c1e31-98d6-4cda-8551-4a27738c8cf9,3,1
91a797b9-de46-46c2-a372-7a08c44783ec,7,2
8a0788f1-003d-4ce1-91df-eac8b190beaa,3,3
9cd85cae-b316-4fa8-bb41-852e1d83b67a,3,1
69827ec1-5967-46a9-b9bc-94002c9b6130,1,5
76bd6e26-a3ef-4c3d-ad34-ba063bf2723b,7,2
4be03c30-12e2-4603-b040-53aed32f1212,6,5
8b29b7ba-b43d-404a-8cac-f3ab36697527,3,1
3b2af6d5-54be-4298-ab03-c57bbb5c2746,6,2
bb17cd64-20bb-4ebb-855c-bf9089a134f1,3,2
3764a8c6-a041-41e1-bd77-596064304c4e,5,4
f2d007a4-a98f-404e-94f6-13d2d8daf146,4,3
0e421a50-2a09-47a6-a911-dd9fb4262d05,6,5
f7862eb3-4a14-445a-8156-31fd184d7005,1,2
bf0156f5-d81d-40e8-a4da-4bb803fc4fbc,8,2
21c8c06c-5ceb-44da-bfc4-a2f05784e414,5,3
d2dfc993-0547-4aa6-ae25-182a1b287703,7,1
1a21c26a-2a6e-466d-8fe1-dc55e742813e,4,5
748cdeed-45b9-4669-a604-7422b624bfc9,2,1
778e96ad-82f2-4912-920f-e8c87645a06d,8,2
78c6184e-c6d2-429d-80f3-9f0606c918f5,7,2
5d0fddaf-6289-4103-98df-49e33edb022e,6,2
bdf86742-eafd-44dd-a653-b94c29b1cb24,7,4
8a3536e8-fe61-403f-9d4d-b1897b3e4875,3,4
dbb54e81-87ae-4491-bdfd-9c0677dac794,7,2
f2d007a4-a98f-404e-94f6-13d2d8daf146,4,5
ec186ff0-a5f8-41c1-8175-161e1a42cbac,8,4
3eba94ee-8d9d-40d6-a92b-5d4975afcea2,1,4
0ee9fefc-f0e7-45e8-8d7c-b0859712a9b1,2,5
facc8f90-ad8f-4997-ab98-e7cb370648f1,6,3
df4bd2c3-8ec2-494f-b432-d23f1acef02f,7,1
892fa026-295d-448c-8985-81a81ed35376,3,4
30b0c8fb-dc7f-4cb5-93ca-7eb2e8825595,1,3
75554ce3-d309-4a2e-a7ce-6dac2a03b401,2,4
bc580663-7742-44b6-a4ad-aebae505ce45,2,2
17162a4f-13a1-46c3-8709-c44c5535c58f,5,1
4abbb01d-1a62-4a17-853a-33492647572f,4,3
4ca70073-8c35-4320-a2ae-8b476f61dbd6,7,4
00d6765b-5869-42ec-a2e0-2644cffb90bc,7,3
181fe116-d9f0-41c8-aaf0-aeaa277c3342,1,3
d43574fa-9028-48d0-9546-5fe19c3a8539,2,5
aaae7f6e-0039-44b5-8fe6-12c32b114cdc,8,3
ca07f546-0bc7-41e2-8ec6-8bbc304b45c2,1,3
79131885-70ce-44ea-93e4-5b1abee3a03f,2,5
ebfe58ea-96bb-402f-9bd1-dbde57b33831,5,5
65d09708-6e4c-48c4-b356-34c9b27a6aed,5,4
75cd2b71-2cc5-464d-8ceb-c28c960dca09,5,4
91580238-3a39-40ed-9478-d0919794b722,6,2
d325de59-7de9-459c-bbdc-cf950833b4e7,8,3
db350561-6652-470b-a1a8-393a9cbfcb31,2,5
485730b6-3a8b-446e-b87c-13cd6a9b04b2,7,2
7c0c73e3-47c9-492c-8825-c2f20681a20d,1,1
24b6a707-6458-45a9-8b6b-c98ab45604ad,2,1
f2d007a4-a98f-404e-94f6-13d2d8daf146,8,4
4e442815-1b6b-4e25-915f-43fbb93ae9a7,7,5
00d6765b-5869-42ec-a2e0-2644cffb90bc,1,2
be9a33c0-2daa-40bd-b638-b9d2f69512f3,5,2
bb059108-d9f7-4568-993f-4c83d41277cf,2,3
f0459210-8d92-4c58-9c11-2ff974688c2a,2,2
2d3c56e6-8ddd-41f2-9d22-f19e1b49df7e,7,2
f2d007a4-a98f-404e-94f6-13d2d8daf146,5,5
accbb2e3-6ff5-4b57-b916-db30e0a886ce,1,1
d60ebd81-d533-4019-ba44-2fa47b710e5f,8,1
7308b59a-3db9-4508-90d4-94152ecb5f38,1,5
92cb6eb1-c895-429d-9ee0-05ffec1028a9,5,5
0a69011e-236d-4e37-ba47-c854557ea6f3,6,1
8dee702a-b8a0-4c3e-877e-661d29f2f956,6,2
ec186ff0-a5f8-41c1-8175-161e1a42cbac,1,5
ced9ed9b-a26d-47fa-ba67-b203e45a0df7,2,1
0df067ef-28bc-4ea4-b9bc-fc37b30db486,2,2
7117a310-631b-4f03-b27e-f5f635c4993c,8,2
ac0ba32b-72da-4fe7-b056-61c9702fe357,8,2
2ad072a6-cb05-4d16-b7e0-a8f29e38438c,5,4
350e89e0-310e-418e-85b2-0c2bdc89d77f,4,2
4e442815-1b6b-4e25-915f-43fbb93ae9a7,3,5
ced9ed9b-a26d-47fa-ba67-b203e45a0df7,8,4
ec581489-012a-431d-ba72-c024febb3431,8,1
ad5aacb1-1258-4141-a048-222168d86665,4,3
e2a84b9c-b16b-4c31-9ca8-c527c4697f01,8,4
7c1161a6-c668-495a-88ef-b3c39710ebae,5,1
cd9fac8c-3481-4c9a-b49a-12daa08409d6,6,5
14673edf-41cb-48f3-b371-f9856c0268e5,5,5
232564f9-76cd-4fb4-9ea3-4b81bfbfe935,8,4
87d1e3c8-cbae-472b-a6c0-0422ae36ba55,4,5
1e5d1a8d-3c94-490d-b042-0038e32e5a48,2,1
16bacc1e-6a6d-454f-837f-d4f0525989f7,2,5
16affd88-4c44-4652-8837-f0135d26708e,2,3
701fe40b-7627-4bd2-bece-e4c45cdd4274,4,5
6faca8b2-e2ee-4413-ae52-7ed488dc2453,3,4
ae44378f-daf2-4abe-8d9b-3006ea82278e,2,2
f2988164-159d-4ce7-a792-588348621796,7,4
f2445d90-9380-4a63-8caa-52b30a781b3f,1,5
f133352a-c208-4184-893c-d94f77832364,8,3
d4a6071f-0620-47c4-8fbb-bfe26c700427,6,3
778e96ad-82f2-4912-920f-e8c87645a06d,8,4
2d3c56e6-8ddd-41f2-9d22-f19e1b49df7e,1,2
0fe57a41-c44c-49c7-b68e-1350c5146b37,4,4
1ec5720d-3cd2-4331-8459-74466690eced,3,3
69827ec1-5967-46a9-b9bc-94002c9b6130,4,2
24ad2d03-ee28-49ef-a9f6-cd57510b71a4,4,4
abdc8784-8530-4cc3-ad9f-474199cb6d0c,3,4
73ac3f88-9c1d-4eb4-a66b-d6ba863d40a0,1,5
5747dff7-1e11-44cf-84b8-b8f15ff87bc1,4,4
d431dd90-3250-46ca-818a-63cba036f2e7,7,2
3b638ed2-70e5-4813-802d-8460fa5e8c78,7,1
9e32b74e-c3a9-4110-a453-f928e066d69a,3,4
d94cf087-8e42-4a43-a82d-bfce1f88e3e0,2,3
a895f401-366a-4151-ac10-88ccdb324361,2,1
0d0fa739-0bc2-49d2-b39c-f6ab2bc325c7,5,2
8a0788f1-003d-4ce1-91df-eac8b190beaa,6,2
2ad072a6-cb05-4d16-b7e0-a8f29e38438c,1,4
532a209a-cd29-445e-8db1-03ab3f7a492e,7,5
d43574fa-9028-48d0-9546-5fe19c3a8539,5,5
f7862eb3-4a14-445a-8156-31fd184d7005,1,4
d325de59-7de9-459c-bbdc-cf950833b4e7,8,3
5bc98ff3-c916-413f-9feb-1ed2f25340ee,5,2
53776362-0a67-43fc-89a2-f83745a4cd08,3,1
26b9b6c9-8b69-4d1a-8597-56d5b5fdb4f5,2,2
49def278-c966-4fcb-b752-78cc37f4efc4,1,2
cd826b56-a233-4da4-99e0-1d3c133d9f1e,7,4
b1860147-5f7f-46eb-be58-4c2827bd9ca0,4,2
2edef0fe-4457-4453-b8dd-297f9fc2b8b1,8,5
dea3bf90-be95-4060-9d61-6d341a678869,1,1
ead49453-8632-44fe-befc-4bbf5357c1a8,3,5
f7825bda-3cab-474d-b209-0b04dbbaf0d5,7,5
94776997-985a-41db-87f7-3fbfb3a4b569,6,4
0b9319f6-b857-42aa-89df-9ebed2b8b342,8,1
ae851e1d-b980-46fc-9ac5-23ba947a1905,5,4
d4a6071f-0620-47c4-8fbb-bfe26c700427,8,3
69827ec1-5967-46a9-b9bc-94002c9b6130,4,2
93067f1c-a402-4b8f-b01d-16b4aa347dcb,7,5
70f0bc7d-2e5b-4060-8fd4-a863704e5c6b,7,1
f1ee5055-93db-4dd8-b535-710ff512e7cc,4,4
3ae2e443-728b-4705-86c9-71f2a1ea79ef,8,1
8b78d283-7b22-4943-875a-4fd887f0df4a,8,5
9146bcbf-06f9-49ba-ad37-adb7d4da1bd8,6,2
80b88138-8c69-4fd3-8764-78770f3864fb,5,1
41930f58-ea40-4201-82f3-bd92392c1a20,8,1
5f111c8c-080f-4984-8271-f69bd91d2c7c,7,4
f55057f9-dca0-495e-bd23-079856854556,1,5
f41284ef-2c13-4b6a-accd-d2b1abc7ebbe,7,2
4ac8fdca-2ea2-4194-954e-3c205d45129d,2,1
d3b1f2ed-979f-4e9b-81e7-38d57e71c53c,2,5
92cb6eb1-c895-429d-9ee0-05ffec1028a9,1,4
73fea0b7-da5d-4631-9e14-f96e0be3abc2,2,3
49def278-c966-4fcb-b752-78cc37f4efc4,1,3
4ca70073-8c35-4320-a2ae-8b476f61dbd6,5,3
24b6a707-6458-45a9-8b6b-c98ab45604ad,1,1
3d61ab95-9a43-4f36-9810-1a1c4aa7017a,6,1
98db80a9-a6f8-47eb-8dd7-33af642cf63c,5,4
f2de8650-c29e-429d-9fb1-526ef634b9e2,5,3
c5ca0a5d-6cf8-4728-9225-1d0ee8af00c6,5,4
557c1227-c741-4207-8196-a608cfb8b1fb,4,3
379b3e0e-f8df-4258-82e7-63c2556fd46e,6,5
60821f6f-6701-4c01-8938-6951cc125fa5,7,3
2bcf3840-1ec6-4ed5-b645-47af1bd5aace,1,2
778e96ad-82f2-4912-920f-e8c87645a06d,8,3
9e578d52-76e4-4099-a491-3fd455fcbbad,1,5
77579e0b-bcb5-4744-b497-66126c0583b0,5,4
2527bed5-8eca-4f3c-abf0-2da346449e62,2,3
ad41e33b-ce78-4944-9eb2-1e682e654c99,8,2
532a209a-cd29-445e-8db1-03ab3f7a492e,3,1
5f602ed3-afdf-4241-b859-d8ef2cd773e5,2,3
6faca8b2-e2ee-4413-ae52-7ed488dc2453,8,3
09792140-ae83-4355-ba2b-ca4f2d3ae1ff,1,5
f1ee5055-93db-4dd8-b535-710ff512e7cc,1,3
467449a8-72b2-43c1-a43d-7b32dfd4c820,6,1
813c09ec-98ce-4f5c-807a-b2d21d9a60c8,8,5
0f4430e6-d4f4-4bae-977b-31aea7c38bb5,8,2
4ac8fdca-2ea2-4194-954e-3c205d45129d,7,5
8209b506-0173-4121-94e0-781b70454be3,1,4
c5ce634f-4e2a-42ec-8e39-1abf26fc473f,1,4
14f8d984-5ee0-409f-9a00-ad5f29dd0a90,2,1
74886263-48b4-4ec3-bb0c-5f968573fffe,2,4
e8499b67-6dee-4c6f-8e8b-a69de8b9b19a,2,3
0985c89f-ae92-4660-adc2-f06b907bc993,5,2
c277cf98-752a-404a-bc5b-d76c73e2b985,8,3
cd826b56-a233-4da4-99e0-1d3c133d9f1e,3,1
8a410f60-9286-4653-8743-d5fd36a6bfd3,4,1
3764a8c6-a041-41e1-bd77-596064304c4e,1,1
74536f68-b61c-4e73-a55d-49c71386b15b,3,5
f02fcaf3-1bfb-4760-898b-455a6a659c46,2,3
3ecf9cdb-68a5-4905-9c39-03188adab3a0,2,5
40ea3e95-cafb-43d1-8bea-69b06d8695f1,8,3
76bd6e26-a3ef-4c3d-ad34-ba063bf2723b,7,5
6d46c77f-ea1c-4386-a16a-e3819b8ab25d,4,1
cd2bd085-f73d-4dbb-a9a9-1a9b7cac5347,3,2
0bed7b45-dc4a-4c76-8cb2-0e54429d81fe,2,3
f55ec886-bbfc-426b-a14f-49095ef75e6c,6,4
232564f9-76cd-4fb4-9ea3-4b81bfbfe935,7,4
503dbaac-b4ab-41a0-9aa4-8eb743898d44,7,1
f1c4b801-09b2-4fcc-96a7-b111e6c66cf2,8,3
1a2dbdbc-24c6-4111-a5fe-c32216f87b7f,2,5
cff0ef0e-dbc8-48f4-887b-10f9195d2eb2,5,2
3b638ed2-70e5-4813-802d-8460fa5e8c78,8,4
cff0ef0e-dbc8-48f4-887b-10f9195d2eb2,7,3
eb372dd0-4dee-4143-9ffa-f77b15e4cfda,6,3
9e32b74e-c3a9-4110-a453-f928e066d69a,4,2
368acaea-52cb-482e-a6d4-86348d61081c,5,3
d0dc011b-3642-46c1-b87c-b404287938a7,1,2
485730b6-3a8b-446e-b87c-13cd6a9b04b2,5,2
87d1e3c8-cbae-472b-a6c0-0422ae36ba55,2,1
136aacbe-3dfe-470d-b73c-88241d4c1a2b,8,2
02cb4cb9-9f1f-4f96-95d5-55603612e0c4,7,1
abdc8784-8530-4cc3-ad9f-474199cb6d0c,3,4
87d1e3c8-cbae-472b-a6c0-0422ae36ba55,7,5
fdbcea21-a8ab-4e07-ba64-48effa7caa14,4,1
f1bd9dcc-a11a-4955-8332-d831cbeacf62,2,4
a1322965-3e8e-4ba1-b32b-3e66d8aaf1aa,3,5
def69d73-412a-471b-9611-a0bb14707e74,6,5
16bacc1e-6a6d-454f-837f-d4f0525989f7,6,5
0b9319f6-b857-42aa-89df-9ebed2b8b342,2,4
9eab5f38-feea-4456-a9b1-f5be4187cf36,3,3
11841497-93e6-4f64-acb7-16dd51054794,3,3
41f20853-2cbd-4019-be35-1845ac4ccd7a,1,3
a68f478c-71c1-4c88-8f22-fc6cb7e60328,8,4
dd26665e-ebb9-4f36-92e2-52ef650c15a7,4,4
f507112d-c095-4469-b7fb-bc5316f4d88c,5,3
e2a84b9c-b16b-4c31-9ca8-c527c4697f01,2,2
d508f789-3f29-4b5b-bdca-203b2f8b14bb,1,2
b1860147-5f7f-46eb-be58-4c2827bd9ca0,6,1
0d6740a5-fd82-4f54-a30c-f740f06ab2f0,5,3
7eccb3c5-c3c1-4b35-8d07-10663df019d8,8,2
813c09ec-98ce-4f5c-807a-b2d21d9a60c8,5,5
2f0008bb-df0a-4618-92e7-1c1807c61bc2,5,3
80300b2e-dc7a-484f-a5b9-ed898aacbd1f,3,5
89106a07-9022-4ba4-a2a7-0cc432c0c2fb,4,4
6d46c77f-ea1c-4386-a16a-e3819b8ab25d,5,3
65c419df-399a-47c4-8a12-8bc2f5420303,7,4
f2d007a4-a98f-404e-94f6-13d2d8daf146,8,3
117b5761-bbc6-4a83-be07-5bc58718b81f,1,3
bb059108-d9f7-4568-993f-4c83d41277cf,7,3
98db80a9-a6f8-47eb-8dd7-33af642cf63c,7,2
a68f478c-71c1-4c88-8f22-fc6cb7e60328,7,3
70b65cc2-599a-43fd-8b9c-901af3f159d7,3,4
fdc3c52c-cdf9-4cf1-8a0c-a8ef6fe5280f,6,5
e23f9fdc-f8c7-4b95-b445-a15c1dfd1b79,8,4
6d256123-c9ec-4734-96e1-0d951f518425,8,1
65c419df-399a-47c4-8a12-8bc2f5420303,4,5
601b2474-ca9f-4ce4-a6f1-7bc47f043c14,4,4
5809fd72-7c2f-46e9-8557-079802c7fe37,8,3
b786b4bb-29f3-4cdd-ba9a-d1c24a8a4475,1,2
6b902e38-da9d-422f-9012-20969a541b55,3,3
f0459210-8d92-4c58-9c11-2ff974688c2a,2,3
ec581489-012a-431d-ba72-c024febb3431,6,5
31fe553c-7bbb-45bb-ba32-df3c9e7a77aa,3,2
de703f67-a498-43a4-8326-e8c0c4a84929,7,1
34b36a73-313f-45da-9cc5-c6437242f3f8,5,4
919a0c51-12cf-4014-a85f-60f98c5052d7,3,2
bb399f10-3c1b-43bf-b08a-5d929dd83dff,2,5
8b78d283-7b22-4943-875a-4fd887f0df4a,3,1
5551ab32-ccfa-4862-b070-53da13cdf25b,8,2
df4bd2c3-8ec2-494f-b432-d23f1acef02f,6,2
14673edf-41cb-48f3-b371-f9856c0268e5,6,4
2ebffa85-e921-47be-9c44-7778e90d630c,1,3
3ecf9cdb-68a5-4905-9c39-03188adab3a0,6,4
04349f71-45fa-4262-8415-c9c8ba45b895,3,2
cae8ae2c-342d-4bff-99e0-fea638324977,8,2
49def278-c966-4fcb-b752-78cc37f4efc4,4,5
bee72ceb-fc83-46d6-8441-1c0be7a3256d,5,5
714f5c85-b730-46f1-b3d5-254dbd246df7,4,2
24b6a707-6458-45a9-8b6b-c98ab45604ad,8,2
ab9aed36-7a98-4bb5-a903-35273d4e1604,3,2
9a882d03-15f1-4eb7-91ed-ec020a43d1ed,6,3
3eba94ee-8d9d-40d6-a92b-5d4975afcea2,6,3
f55057f9-dca0-495e-bd23-079856854556,2,1
70f0bc7d-2e5b-4060-8fd4-a863704e5c6b,3,1
3783e310-5af0-4f54-bfca-70714ad2de06,1,5
6a9e05e0-6ecb-44f6-9fbd-875485ae17f1,8,5
7f755b48-f7cd-4218-82f9-bf24b526731a,2,3
af20d113-4e67-4224-9702-67ad9a3ed152,5,5
74536f68-b61c-4e73-a55d-49c71386b15b,4,2
9eab5f38-feea-4456-a9b1-f5be4187cf36,8,4
6259764a-64f8-49c0-a0e2-774d8b7c3291,5,2
98db80a9-a6f8-47eb-8dd7-33af642cf63c,2,4
354514d6-9063-46a1-a172-303e01f7da15,4,5
9c24bc24-67d0-4e47-b72b-de15b63b090d,7,2
f4eedbc8-e689-4f74-8893-b15e9e4b2410,8,2
dd26665e-ebb9-4f36-92e2-52ef650c15a7,8,3
0667d4dd-23c3-411b-a1de-66bb7b4ca584,4,1
467449a8-72b2-43c1-a43d-7b32dfd4c820,3,3
601b2474-ca9f-4ce4-a6f1-7bc47f043c14,4,2
96d0037e-d811-477a-88bb-0f9233bf24ac,7,1
f380e561-a1c6-4115-aaed-39a38567a4ef,6,3
3b638ed2-70e5-4813-802d-8460fa5e8c78,4,1
c5293ffa-e6a8-422c-860e-f9f364a9684a,2,3
5549dfd6-f45c-4fec-8889-035b4875a1f8,8,2
0e421a50-2a09-47a6-a911-dd9fb4262d05,5,1
d1ab6654-efe9-40bb-8a71-b6ad526dd553,2,3
1a21c26a-2a6e-466d-8fe1-dc55e742813e,1,4
1b14c2c1-2eaa-4741-8a86-38b38807c14d,3,5
e1038f88-632f-4d94-84c5-074136857488,3,1
7587c800-cae3-418b-8b44-4ef324aac515,6,2
0985c89f-ae92-4660-adc2-f06b907bc993,6,1
c70b630a-43c0-46d2-bfa4-a50a21abf64d,8,4
3ae2e443-728b-4705-86c9-71f2a1ea79ef,3,1
d1ab6654-efe9-40bb-8a71-b6ad526dd553,7,3
521f14ee-6431-4f22-bafb-44f4f885608a,5,1
d7d558b9-ac49-49af-86b1-9cd70420661b,1,5
82fbfb43-a3d9-478e-9d4a-7495245de388,8,4
76bd6e26-a3ef-4c3d-ad34-ba063bf2723b,6,1
6d46c77f-ea1c-4386-a16a-e3819b8ab25d,4,4
9146bcbf-06f9-49ba-ad37-adb7d4da1bd8,6,5
75630d5c-9fe9-46bc-95cf-6733795df118,8,1
a68f478c-71c1-4c88-8f22-fc6cb7e60328,6,3
80f7dc64-fa96-436c-85de-1836a84476e1,7,4
dea3bf90-be95-4060-9d61-6d341a678869,8,1
7d0de6a5-106f-4c8e-b63a-01ae3cb1fa59,7,3
41930f58-ea40-4201-82f3-bd92392c1a20,5,4
7522f1ce-b7cb-4cf8-90a6-aad523c41fae,5,3
2527bed5-8eca-4f3c-abf0-2da346449e62,7,4
62bff47b-56d4-4240-b2f7-0a3dc36ffa9a,6,2
87d1e3c8-cbae-472b-a6c0-0422ae36ba55,7,2
8ccd139e-74ae-4a8f-a705-32614246111d,1,2
7bb18f93-b96a-4414-a41f-ecc33a617b4d,7,1
6eec5a96-ae73-425e-befa-191e4d5cbe1b,8,4
da9e9186-6419-416c-93e9-4a6c306b27a1,5,4
70b65cc2-599a-43fd-8b9c-901af3f159d7,5,4
6bf661e6-43ea-4569-9f32-67d35f76e335,7,5
5bc98ff3-c916-413f-9feb-1ed2f25340ee,7,3
d68fc38e-52ff-46f5-9ba0-caa2f344443f,5,5
c8568f7f-27f2-492b-a728-9d0504bc298a,6,3
59e0a091-7dfe-4736-8278-137754372aee,3,2
1ae2b794-a338-450c-baed-87d0beb801c7,1,5
4d76e7f2-a7c7-48c3-89f4-cd1e6b5549fc,3,5
f1ee5055-93db-4dd8-b535-710ff512e7cc,7,2
40ea3e95-cafb-43d1-8bea-69b06d8695f1,4,5
a94c7d96-4334-46ef-95b2-6cf03fa32b22,2,5
7c1161a6-c668-495a-88ef-b3c39710ebae,5,1
80300b2e-dc7a-484f-a5b9-ed898aacbd1f,4,1
299e42fc-1a77-4ec1-955f-98cc52def2ad,5,2
3764a8c6-a041-41e1-bd77-596064304c4e,3,5
6a9e05e0-6ecb-44f6-9fbd-875485ae17f1,3,3
5551ab32-ccfa-4862-b070-53da13cdf25b,4,3
2527bed5-8eca-4f3c-abf0-2da346449e62,2,4
ddde3b2d-5494-4404-b2da-552b11adeab3,7,5
1c743b7f-53bf-4637-a516-dd604295fa5f,3,4
4ebd0de8-7f9c-4b5a-aabc-8c5896ba6d8d,7,3
7587c800-cae3-418b-8b44-4ef324aac515,4,4
f90408c7-7256-4f1d-9f62-a7d637d87331,6,2
49559d45-a009-4bf0-b1f9-a6043f1db255,3,5
b0304e32-8e6a-4663-81e8-dd085ea6a094,1,4
892fa026-295d-448c-8985-81a81ed35376,8,2
46cdfda3-a14a-4078-b078-9a39869901b8,7,4
5809fd72-7c2f-46e9-8557-079802c7fe37,4,2
87f6ea6e-0f19-4306-87ac-6465f6707dc1,1,1
509106f8-1de5-45a7-ae45-66d7b460fd63,4,5
c2fa6060-6242-4edf-a022-9b3581ee85c1,2,5
8a410f60-9286-4653-8743-d5fd36a6bfd3,2,2
16affd88-4c44-4652-8837-f0135d26708e,3,3
b8a0b331-7936-4e41-8c2a-b31a19e3185b,8,1
d7d558b9-ac49-49af-86b1-9cd70420661b,5,3
bb059108-d9f7-4568-993f-4c83d41277cf,2,1
eb3edd84-748e-4a7d-ab44-2c64b24fa817,5,4
6bb4497a-933a-4c9c-b18e-53067839345c,1,2
5f111c8c-080f-4984-8271-f69bd91d2c7c,7,5
91580238-3a39-40ed-9478-d0919794b722,8,4
e8a1e449-bda1-46c8-9e69-d63f4c2800d7,3,5
0b7eda3b-3995-47d3-9ef6-44abde7b6c8b,5,3
d43574fa-9028-48d0-9546-5fe19c3a8539,4,1
5f111c8c-080f-4984-8271-f69bd91d2c7c,4,3
6c4a7fa8-30a7-4792-9e74-84a100844d05,3,5
60821f6f-6701-4c01-8938-6951cc125fa5,4,1
beacdeb4-6610-4685-bc5b-f2e0896fdfbf,4,5
41930f58-ea40-4201-82f3-bd92392c1a20,7,1
6465f949-afc1-429d-bcf7-168b5d1fde9b,6,3
0985c89f-ae92-4660-adc2-f06b907bc993,5,5
18b38754-50cd-4bfd-90e0-8f395f3eaa2e,5,3
6d301c97-f982-4711-bfa8-25b164247f2c,3,5
2ebffa85-e921-47be-9c44-7778e90d630c,4,4
3d8b2d1a-2611-4685-8387-e25afcb630d1,6,4
80300b2e-dc7a-484f-a5b9-ed898aacbd1f,4,4
dd26665e-ebb9-4f36-92e2-52ef650c15a7,1,2
91a797b9-de46-46c2-a372-7a08c44783ec,7,5
1b273b83-b990-4bcd-924b-a9dbdd6e673f,8,2
a0ca7c4a-7f10-429c-8b5c-ff5d1dbd2a3e,6,4
9c24bc24-67d0-4e47-b72b-de15b63b090d,2,1
e8fdb110-0d24-4479-b1d1-628c4b8f14aa,8,1
3e772814-0c6b-4d76-87e3-62039b93fe09,7,1
3a2f5b8a-04af-43a4-8691-f204582209a1,8,5
522b2720-02d3-4491-b7b2-7ca20c2e98e5,3,1
f55ec886-bbfc-426b-a14f-49095ef75e6c,8,1
ed5902a3-3486-4b91-82ce-be5890fe8ce6,2,4
b786b4bb-29f3-4cdd-ba9a-d1c24a8a4475,3,1
f3481941-93fc-4155-beda-3a4442acc56f,4,4
31fe553c-7bbb-45bb-ba32-df3c9e7a77aa,5,3
bb399f10-3c1b-43bf-b08a-5d929dd83dff,7,3
bcc95c8d-e448-4101-adb4-ab441932fb01,4,4
def69d73-412a-471b-9611-a0bb14707e74,2,1
c5ce634f-4e2a-42ec-8e39-1abf26fc473f,4,1
012ffcf9-7c26-45ee-a185-81e6f2be6fa3,4,4
92cb6eb1-c895-429d-9ee0-05ffec1028a9,3,3
c2fa6060-6242-4edf-a022-9b3581ee85c1,2,5
fe2956cc-0861-4fb8-b1b3-039c6551626d,4,3
17162a4f-13a1-46c3-8709-c44c5535c58f,6,2
4e442815-1b6b-4e25-915f-43fbb93ae9a7,4,4
facc8f90-ad8f-4997-ab98-e7cb370648f1,4,2
8ccd139e-74ae-4a8f-a705-32614246111d,4,2
7c7ab1cb-3256-4a61-8831-92521e8cf64e,4,1
24ad2d03-ee28-49ef-a9f6-cd57510b71a4,2,5
6259764a-64f8-49c0-a0e2-774d8b7c3291,7,3
a68f478c-71c1-4c88-8f22-fc6cb7e60328,3,2
965fa1ff-7479-4e71-a63f-bc0ac2f6f9fb,1,1
95667df6-dd3b-4e83-822e-ac93807f9f29,5,4
85d555c5-4a49-4ad4-a5b8-70200b667ccd,7,2
e5332626-0afe-4b39-bcbc-d5c53d4a3b7c,4,4
8209b506-0173-4121-94e0-781b70454be3,2,4
bb399f10-3c1b-43bf-b08a-5d929dd83dff,8,1
6eec5a96-ae73-425e-befa-191e4d5cbe1b,4,1
52e02583-ecb4-41c0-9179-e54102aa8e44,3,1
d147a098-bfde-40d4-9488-5ae9911875dd,7,4
812cbb85-8970-42b7-95f0-c59278724dcf,2,3
75eb52ce-c487-4e7d-b175-46a1cd1bcf13,7,5
502e2c6e-6ede-4ac0-8f59-c4f537c4f4e4,7,2
49b4454f-4780-49af-b201-e3e96c19610a,4,5
ad6cbf32-dcb9-4ef5-9dec-8b8332e7fcb6,1,4
dc367d7e-795b-4178-a3ef-0bc87f967813,3,3
7c7ab1cb-3256-4a61-8831-92521e8cf64e,6,1
1a21c26a-2a6e-466d-8fe1-dc55e742813e,7,3
ac0ba32b-72da-4fe7-b056-61c9702fe357,5,3
75554ce3-d309-4a2e-a7ce-6dac2a03b401,6,4
0ee9fefc-f0e7-45e8-8d7c-b0859712a9b1,7,5
3eba94ee-8d9d-40d6-a92b-5d4975afcea2,8,4
3b638ed2-70e5-4813-802d-8460fa5e8c78,6,1
de703f67-a498-43a4-8326-e8c0c4a84929,7,4
927abb95-6e03-48f6-a04e-67a3553966fc,8,2
6eec5a96-ae73-425e-befa-191e4d5cbe1b,6,3
0f574dad-e6d8-4be9-bff0-15f02842f7f2,2,5
57923f56-03c5-4191-b421-3643cd4c440e,8,5
f239dfa2-c1a9-456c-b1d1-53c35c9a2c45,5,4
dba448b1-3abd-4595-a13b-84747d435283,4,2
3e2b2735-afed-49d9-98b4-631ca5b5a42f,2,5
94776997-985a-41db-87f7-3fbfb3a4b569,3,2
485730b6-3a8b-446e-b87c-13cd6a9b04b2,2,1
9cd85cae-b316-4fa8-bb41-852e1d83b67a,5,3
3a2d65b5-5117-4c85-a85c-d64995f231cf,2,5
3764a8c6-a041-41e1-bd77-596064304c4e,8,1
d094d9ed-1ad2-42bd-bba5-c6705d2bcd36,8,1
467449a8-72b2-43c1-a43d-7b32dfd4c820,1,3
6bb4497a-933a-4c9c-b18e-53067839345c,7,1
4afdea9a-e65a-4d19-8f06-0bc7ed893664,7,2
60821f6f-6701-4c01-8938-6951cc125fa5,2,3
5f5fa9de-f4f0-4273-83ae-e1a43b68b1c9,8,5
0df067ef-28bc-4ea4-b9bc-fc37b30db486,8,3
87f6ea6e-0f19-4306-87ac-6465f6707dc1,1,5
cf67b923-fe9e-4106-bc9f-f076724f5d9b,4,2
299e42fc-1a77-4ec1-955f-98cc52def2ad,8,1
5bc98ff3-c916-413f-9feb-1ed2f25340ee,7,2
16affd88-4c44-4652-8837-f0135d26708e,5,3
d4a24be6-6865-423e-b2d7-e2457e6435db,2,3
80f30f3d-50d5-4b56-8c26-e17143ed1705,1,5
d94cf087-8e42-4a43-a82d-bfce1f88e3e0,4,3
8ccd139e-74ae-4a8f-a705-32614246111d,8,1
778e96ad-82f2-4912-920f-e8c87645a06d,1,5
0e421a50-2a09-47a6-a911-dd9fb4262d05,4,4
3dc23e04-0d73-4189-9e56-e35261b1e660,1,2
dd26665e-ebb9-4f36-92e2-52ef650c15a7,6,5
6d46c77f-ea1c-4386-a16a-e3819b8ab25d,6,2
78b70da9-504a-496b-9589-b094670a7fa6,3,2
5473eedb-246e-43d3-a75d-1ba18eea3e61,7,2
0f4430e6-d4f4-4bae-977b-31aea7c38bb5,7,1
b302fe5f-ba36-466e-b011-c2149aa6ca8b,6,1
79131885-70ce-44ea-93e4-5b1abee3a03f,7,5
d1ab6654-efe9-40bb-8a71-b6ad526dd553,8,1
c5ce634f-4e2a-42ec-8e39-1abf26fc473f,4,1
5d1a7669-f1e6-494b-a6aa-b3e534726a38,1,3
c70b630a-43c0-46d2-bfa4-a50a21abf64d,2,2
be9a33c0-2daa-40bd-b638-b9d2f69512f3,3,2
79131885-70ce-44ea-93e4-5b1abee3a03f,7,3
80b88138-8c69-4fd3-8764-78770f3864fb,2,2
befbeab7-c2c9-45c4-9da4-174971e7c42c,7,3
ebed1708-abfa-4409-923b-506d6b68f930,3,5
00d6765b-5869-42ec-a2e0-2644cffb90bc,2,5
f2445d90-9380-4a63-8caa-52b30a781b3f,2,5
cff0ef0e-dbc8-48f4-887b-10f9195d2eb2,2,3
cd826b56-a233-4da4-99e0-1d3c133d9f1e,6,5
21c8c06c-5ceb-44da-bfc4-a2f05784e414,2,2
0985c89f-ae92-4660-adc2-f06b907bc993,7,4
6f1c374d-0169-4297-8035-9059042453af,1,3
fdbcea21-a8ab-4e07-ba64-48effa7caa14,2,5
012ffcf9-7c26-45ee-a185-81e6f2be6fa3,2,4
557c1227-c741-4207-8196-a608cfb8b1fb,3,2
a94c7d96-4334-46ef-95b2-6cf03fa32b22,7,5
96d0037e-d811-477a-88bb-0f9233bf24ac,6,2
3783e310-5af0-4f54-bfca-70714ad2de06,2,1
ea4e9e41-de3c-4b8f-8dfd-bfed47a8e7e8,6,1
5549dfd6-f45c-4fec-8889-035b4875a1f8,4,2
69b2dab0-c64b-48d4-b300-9c6f86d792c6,1,3
3ae2e443-728b-4705-86c9-71f2a1ea79ef,6,2
1a27a444-d299-4163-82f8-b3a90c110a64,6,5
8a410f60-9286-4653-8743-d5fd36a6bfd3,1,1
82fbfb43-a3d9-478e-9d4a-7495245de388,3,1
2d455edc-9024-46e2-83bc-a164b26cae93,3,3
e5332626-0afe-4b39-bcbc-d5c53d4a3b7c,1,2
78e687b2-f0a7-45cc-96bf-85ab965afae7,1,4
4ac8fdca-2ea2-4194-954e-3c205d45129d,3,2
e1038f88-632f-4d94-84c5-074136857488,2,1
ab041485-03cb-4dbe-9583-c70a66accc18,2,5
5e8def39-5e9b-421b-818e-324d458f4c2b,6,3
b6f9a779-412c-4f21-8073-13381bf31490,6,4
80300b2e-dc7a-484f-a5b9-ed898aacbd1f,3,4
8f2a73b7-8608-4f1d-bb4c-becc41154c93,2,1
ebed1708-abfa-4409-923b-506d6b68f930,3,4
b0304e32-8e6a-4663-81e8-dd085ea6a094,5,5
74886263-48b4-4ec3-bb0c-5f968573fffe,1,1
8a410f60-9286-4653-8743-d5fd36a6bfd3,1,1
0b0f4258-695a-4a3b-9b40-b0a8fd166995,6,4
f3481941-93fc-4155-beda-3a4442acc56f,7,5
94091979-2c32-46ac-a662-30b6614604ae,4,5
d2dfc993-0547-4aa6-ae25-182a1b287703,5,3
f0459210-8d92-4c58-9c11-2ff974688c2a,5,2
6c4a7fa8-30a7-4792-9e74-84a100844d05,5,5
d438e5d0-6275-4aa7-80d9-951dcd626eaa,3,3
98694b0e-0047-4aac-81fc-0ba9792d396f,1,1
91580238-3a39-40ed-9478-d0919794b722,7,4
14673edf-41cb-48f3-b371-f9856c0268e5,3,1
f7deea27-815c-4e4f-9bfd-c2648fd9f482,7,5
78c6184e-c6d2-429d-80f3-9f0606c918f5,7,5
38388e9a-67b8-482a-9412-b472a4121bbf,7,2
467449a8-72b2-43c1-a43d-7b32dfd4c820,7,1
1a27a444-d299-4163-82f8-b3a90c110a64,8,1
89106a07-9022-4ba4-a2a7-0cc432c0c2fb,5,3
2d3c56e6-8ddd-41f2-9d22-f19e1b49df7e,7,4
ae851e1d-b980-46fc-9ac5-23ba947a1905,3,1
78c6184e-c6d2-429d-80f3-9f0606c918f5,3,2
522b2720-02d3-4491-b7b2-7ca20c2e98e5,1,2
14df3718-675b-4c94-a124-358292489803,1,5
d43574fa-9028-48d0-9546-5fe19c3a8539,5,4
2f0008bb-df0a-4618-92e7-1c1807c61bc2,3,2
e23f9fdc-f8c7-4b95-b445-a15c1dfd1b79,1,2
1ec5720d-3cd2-4331-8459-74466690eced,2,5
09792140-ae83-4355-ba2b-ca4f2d3ae1ff,2,1
4afdea9a-e65a-4d19-8f06-0bc7ed893664,6,5
f507112d-c095-4469-b7fb-bc5316f4d88c,6,1
78e687b2-f0a7-45cc-96bf-85ab965afae7,8,4
7c1161a6-c668-495a-88ef-b3c39710ebae,6,4
1e5d1a8d-3c94-490d-b042-0038e32e5a48,2,3
73ac3f88-9c1d-4eb4-a66b-d6ba863d40a0,8,1
5435b9ee-9b23-4527-adb9-b985e3e50973,8,1
d4a24be6-6865-423e-b2d7-e2457e6435db,4,4
503dbaac-b4ab-41a0-9aa4-8eb743898d44,4,2
778e96ad-82f2-4912-920f-e8c87645a06d,7,2
20a79730-685f-4bc0-b157-97a6159a3e4a,7,3
dbb54e81-87ae-4491-bdfd-9c0677dac794,5,5
34b36a73-313f-45da-9cc5-c6437242f3f8,8,5
cae8ae2c-342d-4bff-99e0-fea638324977,4,4
d147a098-bfde-40d4-9488-5ae9911875dd,5,2
4ac8fdca-2ea2-4194-954e-3c205d45129d,5,4
a7fdd847-ebcc-4bca-9149-78d6159a612a,1,5
befbeab7-c2c9-45c4-9da4-174971e7c42c,6,1
299e42fc-1a77-4ec1-955f-98cc52def2ad,5,1
b1fb2a8d-c215-4b0e-a4a9-64690c65d41e,2,1
80300b2e-dc7a-484f-a5b9-ed898aacbd1f,4,3
812cbb85-8970-42b7-95f0-c59278724dcf,1,4
e943af72-0777-4bdd-ac90-09b7c7518c2a,1,3
5857ba10-4e37-4927-b96f-c528c633e92d,5,2
0d0fa739-0bc2-49d2-b39c-f6ab2bc325c7,1,1
f2de8650-c29e-429d-9fb1-526ef634b9e2,4,5
9eab5f38-feea-4456-a9b1-f5be4187cf36,5,4
5435b9ee-9b23-4527-adb9-b985e3e50973,3,2
da6993c4-7f28-461c-8cda-818fa8d0f111,7,5
181fe116-d9f0-41c8-aaf0-aeaa277c3342,1,4
ae670d11-4d89-417c-8229-f8abbc705ede,2,2
9cd85cae-b316-4fa8-bb41-852e1d83b67a,6,2
32d498c9-f1ee-44f3-b5b3-b609c5ed0ab3,8,4
4d76e7f2-a7c7-48c3-89f4-cd1e6b5549fc,5,4
5473eedb-246e-43d3-a75d-1ba18eea3e61,3,3
cc73f1c9-9c0e-46bb-a498-93ad5367d884,1,4
d747b107-0eab-40bd-bac2-e55b7bf04e01,2,3
a68f478c-71c1-4c88-8f22-fc6cb7e60328,8,4
9e8f5f29-0d56-4531-a529-dbc1705ac8ee,5,5
ebfe58ea-96bb-402f-9bd1-dbde57b33831,5,3
a0ca7c4a-7f10-429c-8b5c-ff5d1dbd2a3e,5,4
467449a8-72b2-43c1-a43d-7b32dfd4c820,5,2
2edef0fe-4457-4453-b8dd-297f9fc2b8b1,3,2
2527bed5-8eca-4f3c-abf0-2da346449e62,4,3
136f0175-7c46-4b01-8d45-3fa96531b1ed,2,3
7f755b48-f7cd-4218-82f9-bf24b526731a,4,3
81c448a0-c083-48d9-951a-a960c3824f43,5,1
81c448a0-c083-48d9-951a-a960c3824f43,1,3
bb059108-d9f7-4568-993f-4c83d41277cf,3,1
b6f9a779-412c-4f21-8073-13381bf31490,1,5
7f047424-3edd-4556-9e0f-e2732fe837a7,4,3
fee6b6cd-206d-4983-8cfc-fc7d10b23f3e,7,5
1afff7c2-4a95-4d58-b115-9fda4f35e863,7,2
69b2dab0-c64b-48d4-b300-9c6f86d792c6,4,5
0e421a50-2a09-47a6-a911-dd9fb4262d05,3,1
a54b516d-a7c8-43ab-bd86-7919ee65b9c1,5,4
eb3edd84-748e-4a7d-ab44-2c64b24fa817,7,5
be20dc27-c656-413f-b783-7bd3cc3b6337,4,2
fe2956cc-0861-4fb8-b1b3-039c6551626d,3,5
4e25f205-90da-4fba-9d48-8ca73f4dd875,6,4
522b2720-02d3-4491-b7b2-7ca20c2e98e5,7,3
33951a63-098a-43ad-80ef-d669c6ff57ad,5,2
0d03fe67-5744-4ac9-8eea-b8a1beae377a,7,1
df82bfa3-a665-4654-9336-5fc10c991d44,6,2
4abbb01d-1a62-4a17-853a-33492647572f,8,4
65c419df-399a-47c4-8a12-8bc2f5420303,7,5
42796ce1-1e2f-4d79-9986-25d5d3f6d788,8,3
81c448a0-c083-48d9-951a-a960c3824f43,2,2
72998a78-4490-4f98-b7c7-9cc66b0e2a9d,1,5
d094d9ed-1ad2-42bd-bba5-c6705d2bcd36,6,3
c2b03ddc-c734-485f-b1a2-b7faa7f54f24,1,2
78b70da9-504a-496b-9589-b094670a7fa6,6,1
6259764a-64f8-49c0-a0e2-774d8b7c3291,6,5
131e9dbb-b3c7-44da-b0d3-c69509feac95,2,2
4360e285-b926-4d65-bb3b-fffb6e92805e,7,2
2d455edc-9024-46e2-83bc-a164b26cae93,3,1
c70b630a-43c0-46d2-bfa4-a50a21abf64d,4,3
65d09708-6e4c-48c4-b356-34c9b27a6aed,1,5
980ff33c-c03c-433c-a4b6-9cd92769bd06,8,4
3764a8c6-a041-41e1-bd77-596064304c4e,3,4
f90408c7-7256-4f1d-9f62-a7d637d87331,1,5
f2988164-159d-4ce7-a792-588348621796,5,4
fee6b6cd-206d-4983-8cfc-fc7d10b23f3e,2,1
80f30f3d-50d5-4b56-8c26-e17143ed1705,8,3
b453dce4-20a3-473f-b9c9-d5e3b6a1c653,8,3
5f602ed3-afdf-4241-b859-d8ef2cd773e5,5,4
bdf86742-eafd-44dd-a653-b94c29b1cb24,4,1
12b9f4e3-2d49-43b1-8d53-06c31205e26c,2,5
7587c800-cae3-418b-8b44-4ef324aac515,8,2
0667d4dd-23c3-411b-a1de-66bb7b4ca584,8,2
7359a754-4c16-4aa3-84be-e1a78ebd865e,6,4
6b902e38-da9d-422f-9012-20969a541b55,1,4
532a209a-cd29-445e-8db1-03ab3f7a492e,8,3
509106f8-1de5-45a7-ae45-66d7b460fd63,7,4
1a138f7b-8832-4c6f-9d8a-467c5dbb02c5,4,3
a0ca7c4a-7f10-429c-8b5c-ff5d1dbd2a3e,7,5
af20d113-4e67-4224-9702-67ad9a3ed152,1,1
0ee9fefc-f0e7-45e8-8d7c-b0859712a9b1,6,5
d38efe4c-6376-4c49-abd7-05615e596927,3,4
0e421a50-2a09-47a6-a911-dd9fb4262d05,6,4
ead49453-8632-44fe-befc-4bbf5357c1a8,6,5
a68f478c-71c1-4c88-8f22-fc6cb7e60328,2,2
812cbb85-8970-42b7-95f0-c59278724dcf,7,5
9c0d379e-7d6f-4de5-9008-2a9093565420,6,4
e2a84b9c-b16b-4c31-9ca8-c527c4697f01,4,2
f7825bda-3cab-474d-b209-0b04dbbaf0d5,1,4
6557201d-2ab0-42e9-9aa7-fbae2644128e,2,1
accbb2e3-6ff5-4b57-b916-db30e0a886ce,5,5
6cb03bd9-fce6-4a25-8303-e017364052ae,6,2
532a209a-cd29-445e-8db1-03ab3f7a492e,4,2
6a9e05e0-6ecb-44f6-9fbd-875485ae17f1,5,4
af20d113-4e67-4224-9702-67ad9a3ed152,8,4
9fa205c4-58af-4e4a-919d-3f55c9839103,2,1
6eec5a96-ae73-425e-befa-191e4d5cbe1b,6,4
215ec9d3-c849-42c1-ad5f-d000fe06743f,6,1
4d76e7f2-a7c7-48c3-89f4-cd1e6b5549fc,4,1
fdc3c52c-cdf9-4cf1-8a0c-a8ef6fe5280f,2,3
e61ac59c-8a9e-48c8-8285-304015e8d500,1,4
77579e0b-bcb5-4744-b497-66126c0583b0,3,5
117b5761-bbc6-4a83-be07-5bc58718b81f,5,1
57923f56-03c5-4191-b421-3643cd4c440e,3,4
9c0d379e-7d6f-4de5-9008-2a9093565420,3,2
0bed7b45-dc4a-4c76-8cb2-0e54429d81fe,8,1
4da99649-86f2-444c-9490-a659ca659503,7,4
cff0ef0e-dbc8-48f4-887b-10f9195d2eb2,3,5
705511dc-7267-496e-869f-2fc3c619b3f0,8,2
4be03c30-12e2-4603-b040-53aed32f1212,6,5
fdc3c52c-cdf9-4cf1-8a0c-a8ef6fe5280f,7,3
1ae2b794-a338-450c-baed-87d0beb801c7,2,3
c2fa6060-6242-4edf-a022-9b3581ee85c1,7,4
62bff47b-56d4-4240-b2f7-0a3dc36ffa9a,6,5
7522f1ce-b7cb-4cf8-90a6-aad523c41fae,6,3
3a2d65b5-5117-4c85-a85c-d64995f231cf,7,1
92cb6eb1-c895-429d-9ee0-05ffec1028a9,5,4
12b9f4e3-2d49-43b1-8d53-06c31205e26c,1,1
f3481941-93fc-4155-beda-3a4442acc56f,3,2
e943af72-0777-4bdd-ac90-09b7c7518c2a,5,5
c2fa6060-6242-4edf-a022-9b3581ee85c1,7,2
bb17cd64-20bb-4ebb-855c-bf9089a134f1,8,5
c04b7278-0ad9-40b1-94f0-4087be369233,5,2
facc8f90-ad8f-4997-ab98-e7cb370648f1,3,4
136aacbe-3dfe-470d-b73c-88241d4c1a2b,7,5
4bd7a797-5e52-4617-8961-a36ed3d911fe,4,5
de9ed400-731d-42e9-a5a9-fc65f1d61eb4,5,5
cae8ae2c-342d-4bff-99e0-fea638324977,3,4
f9ea8cbf-8eec-4726-92ec-4177681e4ac0,4,2
d7d558b9-ac49-49af-86b1-9cd70420661b,4,2
e5332626-0afe-4b39-bcbc-d5c53d4a3b7c,7,1
705511dc-7267-496e-869f-2fc3c619b3f0,6,1
965fa1ff-7479-4e71-a63f-bc0ac2f6f9fb,5,3
522b2720-02d3-4491-b7b2-7ca20c2e98e5,8,3
2ebffa85-e921-47be-9c44-7778e90d630c,5,5
76867724-1b40-4e2d-922a-832e6ba0bd87,3,4
6eec5a96-ae73-425e-befa-191e4d5cbe1b,6,3
f7825bda-3cab-474d-b209-0b04dbbaf0d5,2,4
f3481941-93fc-4155-beda-3a4442acc56f,5,2
facc8f90-ad8f-4997-ab98-e7cb370648f1,3,4
a9a44362-f695-4504-8f8d-df3bff52245c,8,4
1e5d1a8d-3c94-490d-b042-0038e32e5a48,4,3
748cdeed-45b9-4669-a604-7422b624bfc9,2,4
5473eedb-246e-43d3-a75d-1ba18eea3e61,8,3
e5332626-0afe-4b39-bcbc-d5c53d4a3b7c,6,3
f2445d90-9380-4a63-8caa-52b30a781b3f,6,1
8a3536e8-fe61-403f-9d4d-b1897b3e4875,2,5
601b2474-ca9f-4ce4-a6f1-7bc47f043c14,8,3
5a57fb79-5712-4c77-b4dd-4c080a1957f4,6,2
5f111c8c-080f-4984-8271-f69bd91d2c7c,4,4
12b9f4e3-2d49-43b1-8d53-06c31205e26c,6,4
f4eedbc8-e689-4f74-8893-b15e9e4b2410,3,1
0d0fa739-0bc2-49d2-b39c-f6ab2bc325c7,3,1
bb17cd64-20bb-4ebb-855c-bf9089a134f1,1,3
601b2474-ca9f-4ce4-a6f1-7bc47f043c14,7,5
120d5bd7-607f-4720-be3d-2c3e38f16f7e,6,2
94776997-985a-41db-87f7-3fbfb3a4b569,3,4
59274e34-58e0-48ba-8d40-2bc36c2d42cd,6,4
6d46c77f-ea1c-4386-a16a-e3819b8ab25d,5,5
75554ce3-d309-4a2e-a7ce-6dac2a03b401,8,5
86ce6dbe-84ed-4d7a-8242-ec133a16f6aa,2,1
d4a6071f-0620-47c4-8fbb-bfe26c700427,3,4
5f111c8c-080f-4984-8271-f69bd91d2c7c,6,4
30b0c8fb-dc7f-4cb5-93ca-7eb2e8825595,2,1
120d5bd7-607f-4720-be3d-2c3e38f16f7e,3,2
7c7ab1cb-3256-4a61-8831-92521e8cf64e,1,2
d4a24be6-6865-423e-b2d7-e2457e6435db,4,3
21c384ce-ceac-448a-9a7f-5eac87ad7ef3,3,3
79131885-70ce-44ea-93e4-5b1abee3a03f,7,5
f16dd342-11cc-4b68-ac4e-f2a5cb97865b,7,1
ad6cbf32-dcb9-4ef5-9dec-8b8332e7fcb6,5,2
11841497-93e6-4f64-acb7-16dd51054794,6,3
136f0175-7c46-4b01-8d45-3fa96531b1ed,7,1
1473b1b4-7b53-43ef-83db-4ae9cfc01de9,5,1
f9393214-b695-4d56-a7ef-79301cbf5ce8,4,3
117b5761-bbc6-4a83-be07-5bc58718b81f,5,2
509106f8-1de5-45a7-ae45-66d7b460fd63,2,1
ad41e33b-ce78-4944-9eb2-1e682e654c99,2,3
9c0d379e-7d6f-4de5-9008-2a9093565420,8,5
fcf6ac87-aec0-4216-9c4d-f44c4bd1f385,6,5
73ac3f88-9c1d-4eb4-a66b-d6ba863d40a0,7,5
5551ab32-ccfa-4862-b070-53da13cdf25b,3,4
5f111c8c-080f-4984-8271-f69bd91d2c7c,1,3
350e89e0-310e-418e-85b2-0c2bdc89d77f,7,3
60821f6f-6701-4c01-8938-6951cc125fa5,6,4
87d1e3c8-cbae-472b-a6c0-0422ae36ba55,4,1
1a2dbdbc-24c6-4111-a5fe-c32216f87b7f,3,1
9fe5ad6a-a461-432a-906a-dc42cff3c376,4,1
6eec5a96-ae73-425e-befa-191e4d5cbe1b,4,3
69b2dab0-c64b-48d4-b300-9c6f86d792c6,2,5
2ad072a6-cb05-4d16-b7e0-a8f29e38438c,3,4
8f2a73b7-8608-4f1d-bb4c-becc41154c93,7,1
0e421a50-2a09-47a6-a911-dd9fb4262d05,6,2
9c24bc24-67d0-4e47-b72b-de15b63b090d,3,5
be20dc27-c656-413f-b783-7bd3cc3b6337,1,5
c8568f7f-27f2-492b-a728-9d0504bc298a,4,3
748cdeed-45b9-4669-a604-7422b624bfc9,5,1
42796ce1-1e2f-4d79-9986-25d5d3f6d788,5,1
8ccd139e-74ae-4a8f-a705-32614246111d,5,1
1638d862-b0ac-44dc-8daf-2bc9885f0f97,4,3
748cdeed-45b9-4669-a604-7422b624bfc9,2,2
3391c5cb-49aa-4054-a5d0-352342f0a431,6,2
354514d6-9063-46a1-a172-303e01f7da15,4,4
8dee702a-b8a0-4c3e-877e-661d29f2f956,6,3
6f1c374d-0169-4297-8035-9059042453af,6,5
0f1ab389-80a1-404f-ab9c-6e76c82f076f,3,1
81c448a0-c083-48d9-951a-a960c3824f43,2,1
80f7dc64-fa96-436c-85de-1836a84476e1,5,4
ec186ff0-a5f8-41c1-8175-161e1a42cbac,4,1
04349f71-45fa-4262-8415-c9c8ba45b895,8,3
86ce6dbe-84ed-4d7a-8242-ec133a16f6aa,3,2
120d5bd7-607f-4720-be3d-2c3e38f16f7e,3,3
919a0c51-12cf-4014-a85f-60f98c5052d7,4,1
c15ca881-6382-4580-9e8e-5129af57b5ab,7,3
0d0fa739-0bc2-49d2-b39c-f6ab2bc325c7,7,5
d094d9ed-1ad2-42bd-bba5-c6705d2bcd36,5,2
8b68c453-3e11-44ec-87cc-ec43839eaf15,5,1
70b65cc2-599a-43fd-8b9c-901af3f159d7,3,1
69b2dab0-c64b-48d4-b300-9c6f86d792c6,3,2
980ff33c-c03c-433c-a4b6-9cd92769bd06,7,1
dba448b1-3abd-4595-a13b-84747d435283,3,2
215ec9d3-c849-42c1-ad5f-d000fe06743f,5,3
4e442815-1b6b-4e25-915f-43fbb93ae9a7,7,1
b1860147-5f7f-46eb-be58-4c2827bd9ca0,7,4
ae44378f-daf2-4abe-8d9b-3006ea82278e,2,1
5809fd72-7c2f-46e9-8557-079802c7fe37,1,2
e5332626-0afe-4b39-bcbc-d5c53d4a3b7c,3,5
3ae2e443-728b-4705-86c9-71f2a1ea79ef,1,3
1e65e76b-cd6e-47d3-a077-b252234056f5,7,5
49559d45-a009-4bf0-b1f9-a6043f1db255,6,2
7bdf5639-725a-4828-b6c3-5b5cc736cc13,1,2
20a79730-685f-4bc0-b157-97a6159a3e4a,8,2
0bb8ba07-2527-4e64-b6f1-251368ee790d,4,1
76bd6e26-a3ef-4c3d-ad34-ba063bf2723b,8,1
2d609413-6e29-4d46-81b7-39936fd9e380,4,1
e8499b67-6dee-4c6f-8e8b-a69de8b9b19a,8,3
be974a0e-44b5-414b-a28b-2587cc78b9ba,5,3
3783e310-5af0-4f54-bfca-70714ad2de06,3,2
dbb54e81-87ae-4491-bdfd-9c0677dac794,8,2
d43574fa-9028-48d0-9546-5fe19c3a8539,8,5
965fa1ff-7479-4e71-a63f-bc0ac2f6f9fb,4,4
4bd7a797-5e52-4617-8961-a36ed3d911fe,4,1
0b9319f6-b857-42aa-89df-9ebed2b8b342,8,4
f9ea8cbf-8eec-4726-92ec-4177681e4ac0,4,4
de703f67-a498-43a4-8326-e8c0c4a84929,5,4
46550531-44ce-48b8-9951-b57ae888cb95,2,1
1b273b83-b990-4bcd-924b-a9dbdd6e673f,7,5
f380e561-a1c6-4115-aaed-39a38567a4ef,7,2
d8f10011-a28e-4a27-9147-486106ae7997,4,5
0d0f869c-e883-4eba-abd7-19e2f32c5df2,7,3
df82bfa3-a665-4654-9336-5fc10c991d44,8,1
670165ce-eeb8-40d4-850e-e698939935a8,1,2
4da99649-86f2-444c-9490-a659ca659503,1,1
046f0254-4f60-4b61-9792-11c68b85c780,6,3
0b9319f6-b857-42aa-89df-9ebed2b8b342,6,2
bf71b356-fdfa-47d9-b713-69da0a644da6,6,3
527921c0-94cb-41a4-acd3-7d6c2eb62edc,7,3
facc8f90-ad8f-4997-ab98-e7cb370648f1,3,4
843880d8-5f49-4415-831a-c2480d5626bb,5,4
52e02583-ecb4-41c0-9179-e54102aa8e44,2,4
748cdeed-45b9-4669-a604-7422b624bfc9,2,5
f2d007a4-a98f-404e-94f6-13d2d8daf146,2,5
6465f949-afc1-429d-bcf7-168b5d1fde9b,5,1
3eba94ee-8d9d-40d6-a92b-5d4975afcea2,8,5
d4a6071f-0620-47c4-8fbb-bfe26c700427,6,3
6eec5a96-ae73-425e-befa-191e4d5cbe1b,3,3
42796ce1-1e2f-4d79-9986-25d5d3f6d788,1,3
91580238-3a39-40ed-9478-d0919794b722,2,5
9e8f5f29-0d56-4531-a529-dbc1705ac8ee,1,1
837480f4-6342-4695-b5f6-15dd6a7ba30b,6,4
76867724-1b40-4e2d-922a-832e6ba0bd87,6,5
62bff47b-56d4-4240-b2f7-0a3dc36ffa9a,1,1
9cd85cae-b316-4fa8-bb41-852e1d83b67a,5,3
9a882d03-15f1-4eb7-91ed-ec020a43d1ed,1,4
59274e34-58e0-48ba-8d40-2bc36c2d42cd,2,1
24ad2d03-ee28-49ef-a9f6-cd57510b71a4,1,4
606d1a86-bda3-4044-a124-e815e2f74d72,1,4
c2fa6060-6242-4edf-a022-9b3581ee85c1,6,3
80f7dc64-fa96-436c-85de-1836a84476e1,1,5
a10da21c-e07c-492d-80f4-814d3621274d,3,2
d7d558b9-ac49-49af-86b1-9cd70420661b,5,2
b5621382-d382-45c4-a79e-66a8f3c25e69,8,5
12b9f4e3-2d49-43b1-8d53-06c31205e26c,2,5
f16dd342-11cc-4b68-ac4e-f2a5cb97865b,2,2
00d6765b-5869-42ec-a2e0-2644cffb90bc,4,3
1ae2b794-a338-450c-baed-87d0beb801c7,8,4
181fe116-d9f0-41c8-aaf0-aeaa277c3342,8,2
ec581489-012a-431d-ba72-c024febb3431,6,2
59274e34-58e0-48ba-8d40-2bc36c2d42cd,7,3
6faca8b2-e2ee-4413-ae52-7ed488dc2453,2,4
379b3e0e-f8df-4258-82e7-63c2556fd46e,2,1
e73fc1a3-bcfd-4ccb-a3b5-47a2b3f5130d,6,1
fcf6ac87-aec0-4216-9c4d-f44c4bd1f385,8,1
e61ac59c-8a9e-48c8-8285-304015e8d500,3,2
52468e2c-22a5-40eb-8aba-278cf9828c46,8,2
7bdf5639-725a-4828-b6c3-5b5cc736cc13,5,4
f55ec886-bbfc-426b-a14f-49095ef75e6c,3,4
f7862eb3-4a14-445a-8156-31fd184d7005,3,1
42ccf585-dd0c-46c3-a0ba-b2cb87d8db0d,1,3
1a2dbdbc-24c6-4111-a5fe-c32216f87b7f,7,2
cd9fac8c-3481-4c9a-b49a-12daa08409d6,4,2
f90408c7-7256-4f1d-9f62-a7d637d87331,5,4
bf01a388-949c-4f95-895d-7684b5cab6a5,6,4
ad41e33b-ce78-4944-9eb2-1e682e654c99,7,2
532a209a-cd29-445e-8db1-03ab3f7a492e,1,3
f380e561-a1c6-4115-aaed-39a38567a4ef,2,3
c2fa6060-6242-4edf-a022-9b3581ee85c1,7,3
919a0c51-12cf-4014-a85f-60f98c5052d7,8,5
5f602ed3-afdf-4241-b859-d8ef2cd773e5,7,4
0d0fa739-0bc2-49d2-b39c-f6ab2bc325c7,7,2
7eccb3c5-c3c1-4b35-8d07-10663df019d8,8,3
db87c790-ab10-400a-b57a-fd6c26a4e616,3,4
7522f1ce-b7cb-4cf8-90a6-aad523c41fae,3,2
7d0de6a5-106f-4c8e-b63a-01ae3cb1fa59,7,3
db350561-6652-470b-a1a8-393a9cbfcb31,2,4
92cb6eb1-c895-429d-9ee0-05ffec1028a9,5,1
93067f1c-a402-4b8f-b01d-16b4aa347dcb,8,4
02cb4cb9-9f1f-4f96-95d5-55603612e0c4,3,3
3ae2e443-728b-4705-86c9-71f2a1ea79ef,2,2
abdc8784-8530-4cc3-ad9f-474199cb6d0c,6,2
3e2b2735-afed-49d9-98b4-631ca5b5a42f,1,4
354514d6-9063-46a1-a172-303e01f7da15,5,1
b302fe5f-ba36-466e-b011-c2149aa6ca8b,1,3
bf71b356-fdfa-47d9-b713-69da0a644da6,7,5
aaae7f6e-0039-44b5-8fe6-12c32b114cdc,5,1
7bb18f93-b96a-4414-a41f-ecc33a617b4d,6,4
38388e9a-67b8-482a-9412-b472a4121bbf,2,5
d43574fa-9028-48d0-9546-5fe19c3a8539,7,4
ced9ed9b-a26d-47fa-ba67-b203e45a0df7,5,3
6b902e38-da9d-422f-9012-20969a541b55,2,5
557c1227-c741-4207-8196-a608cfb8b1fb,1,5
b2b71afe-2dbd-470b-97df-ceaf65f4f646,2,4
b5e6efc8-5e4b-46df-81ff-dff224e8dfbe,6,3
0b9319f6-b857-42aa-89df-9ebed2b8b342,3,4
83e11eec-8548-498a-a8c4-25358499e304,4,1
7308b59a-3db9-4508-90d4-94152ecb5f38,8,1
eb372dd0-4dee-4143-9ffa-f77b15e4cfda,5,5
3d61ab95-9a43-4f36-9810-1a1c4aa7017a,6,2
0b0f4258-695a-4a3b-9b40-b0a8fd166995,7,2
bb6876ea-0de4-4440-9c1f-e7a3a64d2379,1,3
14673edf-41cb-48f3-b371-f9856c0268e5,5,5
ead49453-8632-44fe-befc-4bbf5357c1a8,6,1
42796ce1-1e2f-4d79-9986-25d5d3f6d788,6,1
ae44378f-daf2-4abe-8d9b-3006ea82278e,5,2
8833b033-f522-4795-a22b-91ac9b3c0f2d,4,1
bf1c6c36-3209-4991-be12-eb67f7a49772,1,4
7359a754-4c16-4aa3-84be-e1a78ebd865e,6,4
6d256123-c9ec-4734-96e1-0d951f518425,2,3
d4a24be6-6865-423e-b2d7-e2457e6435db,7,4
83e11eec-8548-498a-a8c4-25358499e304,5,5
78b70da9-504a-496b-9589-b094670a7fa6,7,1
120d5bd7-607f-4720-be3d-2c3e38f16f7e,5,2
6bb4497a-933a-4c9c-b18e-53067839345c,8,2
232564f9-76cd-4fb4-9ea3-4b81bfbfe935,7,2
1473b1b4-7b53-43ef-83db-4ae9cfc01de9,5,2
ab9aed36-7a98-4bb5-a903-35273d4e1604,3,4
d147a098-bfde-40d4-9488-5ae9911875dd,7,3
dea3bf90-be95-4060-9d61-6d341a678869,2,1
29c0e22e-8ed8-40c2-ab1b-f6352dc55293,7,1
ad463107-e7cc-4306-b0df-16a750a38180,6,1
9eab5f38-feea-4456-a9b1-f5be4187cf36,7,4
532a209a-cd29-445e-8db1-03ab3f7a492e,2,4
ec581489-012a-431d-ba72-c024febb3431,6,1
59274e34-58e0-48ba-8d40-2bc36c2d42cd,1,5
1b273b83-b990-4bcd-924b-a9dbdd6e673f,5,2
69827ec1-5967-46a9-b9bc-94002c9b6130,8,5
8b29b7ba-b43d-404a-8cac-f3ab36697527,3,3
7eccb3c5-c3c1-4b35-8d07-10663df019d8,1,1
d147a098-bfde-40d4-9488-5ae9911875dd,1,4
fdc3c52c-cdf9-4cf1-8a0c-a8ef6fe5280f,7,3
cf67b923-fe9e-4106-bc9f-f076724f5d9b,6,2
6f1c374d-0169-4297-8035-9059042453af,8,1
2775e2d5-a0ee-4567-b1c6-6814619c192b,1,4
7c1161a6-c668-495a-88ef-b3c39710ebae,6,2
9438e961-c11f-424e-b281-dea637616363,2,2
0ee9fefc-f0e7-45e8-8d7c-b0859712a9b1,3,1
bb059108-d9f7-4568-993f-4c83d41277cf,4,2
2edef0fe-4457-4453-b8dd-297f9fc2b8b1,2,4
c277cf98-752a-404a-bc5b-d76c73e2b985,5,4
ad41e33b-ce78-4944-9eb2-1e682e654c99,6,5
d38efe4c-6376-4c49-abd7-05615e596927,5,5
6b902e38-da9d-422f-9012-20969a541b55,6,3
c40601dd-6c4a-4be8-9ef8-4bd26578b19e,4,1
41f4cbfd-4eec-4720-a1b7-f55e4a444bc5,5,4
c5a1e07f-8740-4432-bd3d-1ddb2fbafe4d,8,1
8209b506-0173-4121-94e0-781b70454be3,2,5
892fa026-295d-448c-8985-81a81ed35376,3,1
5d0fddaf-6289-4103-98df-49e33edb022e,6,2
bb399f10-3c1b-43bf-b08a-5d929dd83dff,8,4
e8a1e449-bda1-46c8-9e69-d63f4c2800d7,7,2
6259764a-64f8-49c0-a0e2-774d8b7c3291,5,2
bb6876ea-0de4-4440-9c1f-e7a3a64d2379,2,5
8a0788f1-003d-4ce1-91df-eac8b190beaa,6,5
95519599-4d5c-40f1-9b2c-beb8878c1b20,6,3
7522f1ce-b7cb-4cf8-90a6-aad523c41fae,3,2
5747dff7-1e11-44cf-84b8-b8f15ff87bc1,3,1
65d09708-6e4c-48c4-b356-34c9b27a6aed,8,3
def69d73-412a-471b-9611-a0bb14707e74,1,1
30b0c8fb-dc7f-4cb5-93ca-7eb2e8825595,5,5
714f5c85-b730-46f1-b3d5-254dbd246df7,2,2
d38efe4c-6376-4c49-abd7-05615e596927,8,1
5549dfd6-f45c-4fec-8889-035b4875a1f8,2,4
5f111c8c-080f-4984-8271-f69bd91d2c7c,1,1
046f0254-4f60-4b61-9792-11c68b85c780,7,4
5e5fa0ef-e149-41c5-8d7b-efff307c183a,5,5
3eba94ee-8d9d-40d6-a92b-5d4975afcea2,6,4
7bb18f93-b96a-4414-a41f-ecc33a617b4d,8,1
9c24bc24-67d0-4e47-b72b-de15b63b090d,1,4
f239dfa2-c1a9-456c-b1d1-53c35c9a2c45,1,5
6d46c77f-ea1c-4386-a16a-e3819b8ab25d,2,5
14f8d984-5ee0-409f-9a00-ad5f29dd0a90,2,4
df4bd2c3-8ec2-494f-b432-d23f1acef02f,5,4
ec186ff0-a5f8-41c1-8175-161e1a42cbac,4,5
0985c89f-ae92-4660-adc2-f06b907bc993,1,3
a9a44362-f695-4504-8f8d-df3bff52245c,7,2
11ac13b8-96aa-4605-9fc6-cee20dad0c03,3,3
30b0c8fb-dc7f-4cb5-93ca-7eb2e8825595,1,2
9c0d379e-7d6f-4de5-9008-2a9093565420,1,1
5549dfd6-f45c-4fec-8889-035b4875a1f8,7,2
d94cf087-8e42-4a43-a82d-bfce1f88e3e0,6,3
fcf6ac87-aec0-4216-9c4d-f44c4bd1f385,2,4
7eccb3c5-c3c1-4b35-8d07-10663df019d8,6,1
cf67b923-fe9e-4106-bc9f-f076724f5d9b,3,1
532a209a-cd29-445e-8db1-03ab3f7a492e,8,1
e8a1e449-bda1-46c8-9e69-d63f4c2800d7,7,5
f41284ef-2c13-4b6a-accd-d2b1abc7ebbe,8,3
6b902e38-da9d-422f-9012-20969a541b55,6,5
a8085580-7cec-4c18-8008-8243de438ed4,1,5
5809fd72-7c2f-46e9-8557-079802c7fe37,1,5
65c419df-399a-47c4-8a12-8bc2f5420303,2,1
38388e9a-67b8-482a-9412-b472a4121bbf,2,5
22e65ff5-55b1-46f0-911f-463a3d303382,7,2
0f4430e6-d4f4-4bae-977b-31aea7c38bb5,7,3
d4a6071f-0620-47c4-8fbb-bfe26c700427,5,4
de9ed400-731d-42e9-a5a9-fc65f1d61eb4,6,2
8dee702a-b8a0-4c3e-877e-661d29f2f956,7,1
6b902e38-da9d-422f-9012-20969a541b55,1,1
4ebd0de8-7f9c-4b5a-aabc-8c5896ba6d8d,8,2
82fbfb43-a3d9-478e-9d4a-7495245de388,5,4
89a2923f-83b4-4364-beb8-750c5bf14d3d,8,5
c04b7278-0ad9-40b1-94f0-4087be369233,6,5
e943af72-0777-4bdd-ac90-09b7c7518c2a,4,1
cae8ae2c-342d-4bff-99e0-fea638324977,5,5
b453dce4-20a3-473f-b9c9-d5e3b6a1c653,1,2
1a27a444-d299-4163-82f8-b3a90c110a64,3,2
1a2dbdbc-24c6-4111-a5fe-c32216f87b7f,7,5
c70b630a-43c0-46d2-bfa4-a50a21abf64d,2,2
7f047424-3edd-4556-9e0f-e2732fe837a7,7,5
da9e9186-6419-416c-93e9-4a6c306b27a1,4,3
b1fb2a8d-c215-4b0e-a4a9-64690c65d41e,3,4
3d8b2d1a-2611-4685-8387-e25afcb630d1,4,2
812cbb85-8970-42b7-95f0-c59278724dcf,3,3
d431dd90-3250-46ca-818a-63cba036f2e7,2,3
dbb54e81-87ae-4491-bdfd-9c0677dac794,7,2
bf0156f5-d81d-40e8-a4da-4bb803fc4fbc,2,2
14df3718-675b-4c94-a124-358292489803,7,4
4ebd0de8-7f9c-4b5a-aabc-8c5896ba6d8d,3,2
8833b033-f522-4795-a22b-91ac9b3c0f2d,3,2
8a410f60-9286-4653-8743-d5fd36a6bfd3,4,3
e943af72-0777-4bdd-ac90-09b7c7518c2a,3,1
94776997-985a-41db-87f7-3fbfb3a4b569,2,4
f7deea27-815c-4e4f-9bfd-c2648fd9f482,2,4
70b65cc2-599a-43fd-8b9c-901af3f159d7,7,1
80f7dc64-fa96-436c-85de-1836a84476e1,7,3
cf67b923-fe9e-4106-bc9f-f076724f5d9b,5,4
3d8b2d1a-2611-4685-8387-e25afcb630d1,6,3
34b36a73-313f-45da-9cc5-c6437242f3f8,7,3
d747b107-0eab-40bd-bac2-e55b7bf04e01,1,3
7522f1ce-b7cb-4cf8-90a6-aad523c41fae,6,2
80f30f3d-50d5-4b56-8c26-e17143ed1705,7,1
17b2d46c-c771-4c42-b640-a9b1ad038cbe,5,5
f90408c7-7256-4f1d-9f62-a7d637d87331,6,5
5d1a7669-f1e6-494b-a6aa-b3e534726a38,1,3
80f30f3d-50d5-4b56-8c26-e17143ed1705,3,1
60821f6f-6701-4c01-8938-6951cc125fa5,6,5
db7b12eb-b044-488f-a0d7-ee6d8c1e954a,5,3
8a0788f1-003d-4ce1-91df-eac8b190beaa,7,5
94776997-985a-41db-87f7-3fbfb3a4b569,5,1
dba448b1-3abd-4595-a13b-84747d435283,1,2
2ebffa85-e921-47be-9c44-7778e90d630c,2,4
117b5761-bbc6-4a83-be07-5bc58718b81f,4,4
ca33e48c-a56f-466e-b4f2-9d28cc52374f,4,5
12b9f4e3-2d49-43b1-8d53-06c31205e26c,2,2
78b70da9-504a-496b-9589-b094670a7fa6,7,1
fdbcea21-a8ab-4e07-ba64-48effa7caa14,8,3
75eb52ce-c487-4e7d-b175-46a1cd1bcf13,4,5
7c7ab1cb-3256-4a61-8831-92521e8cf64e,3,1
33951a63-098a-43ad-80ef-d669c6ff57ad,4,3
4360e285-b926-4d65-bb3b-fffb6e92805e,4,1
b5e6efc8-5e4b-46df-81ff-dff224e8dfbe,4,4
1638d862-b0ac-44dc-8daf-2bc9885f0f97,4,4
df4bd2c3-8ec2-494f-b432-d23f1acef02f,8,3
527921c0-94cb-41a4-acd3-7d6c2eb62edc,6,1
46cdfda3-a14a-4078-b078-9a39869901b8,1,1
d3b2bcb7-1325-49ce-9e7d-900a5c0bf7b3,7,1
74536f68-b61c-4e73-a55d-49c71386b15b,8,3
49b4454f-4780-49af-b201-e3e96c19610a,2,3
3e2b2735-afed-49d9-98b4-631ca5b5a42f,2,3
292b2d0b-9c05-4de8-8156-8c3136a721c2,1,1
5747dff7-1e11-44cf-84b8-b8f15ff87bc1,8,2
fee6b6cd-206d-4983-8cfc-fc7d10b23f3e,6,4
383bb5ab-8371-47e1-9948-29cd8b1f9ded,6,2
41f20853-2cbd-4019-be35-1845ac4ccd7a,6,5
75554ce3-d309-4a2e-a7ce-6dac2a03b401,8,1
75630d5c-9fe9-46bc-95cf-6733795df118,8,3
78c6184e-c6d2-429d-80f3-9f0606c918f5,7,3
29c0e22e-8ed8-40c2-ab1b-f6352dc55293,6,1
b6f9a779-412c-4f21-8073-13381bf31490,5,3
00d6765b-5869-42ec-a2e0-2644cffb90bc,8,3
4be03c30-12e2-4603-b040-53aed32f1212,5,1
b0792471-96fc-438f-9665-5c61d70d224f,4,2
4a48cf89-33a1-414c-8252-8925f66661e9,3,2
0d6740a5-fd82-4f54-a30c-f740f06ab2f0,5,5
70b65cc2-599a-43fd-8b9c-901af3f159d7,1,3
c70b630a-43c0-46d2-bfa4-a50a21abf64d,7,5
0fe57a41-c44c-49c7-b68e-1350c5146b37,3,2
1c743b7f-53bf-4637-a516-dd604295fa5f,6,4
813ace58-438d-4f1e-9460-a4c8c6bf65a2,5,2
11841497-93e6-4f64-acb7-16dd51054794,1,1
6d256123-c9ec-4734-96e1-0d951f518425,1,5
ebfe58ea-96bb-402f-9bd1-dbde57b33831,5,4
59274e34-58e0-48ba-8d40-2bc36c2d42cd,2,3
f133352a-c208-4184-893c-d94f77832364,1,4
d38efe4c-6376-4c49-abd7-05615e596927,8,2
ad5aacb1-1258-4141-a048-222168d86665,5,3
6d46c77f-ea1c-4386-a16a-e3819b8ab25d,5,3
80f7dc64-fa96-436c-85de-1836a84476e1,3,3
cd9fac8c-3481-4c9a-b49a-12daa08409d6,3,1
80f30f3d-50d5-4b56-8c26-e17143ed1705,8,4
0bed7b45-dc4a-4c76-8cb2-0e54429d81fe,1,4
78e687b2-f0a7-45cc-96bf-85ab965afae7,7,2
1c743b7f-53bf-4637-a516-dd604295fa5f,5,3
9c24bc24-67d0-4e47-b72b-de15b63b090d,1,4
7c1161a6-c668-495a-88ef-b3c39710ebae,4,5
8ccd139e-74ae-4a8f-a705-32614246111d,4,4
6d301c97-f982-4711-bfa8-25b164247f2c,3,3
92bf8fd9-dba9-41aa-88c8-f83088a1cba3,6,5
503dbaac-b4ab-41a0-9aa4-8eb743898d44,6,3
e1038f88-632f-4d94-84c5-074136857488,7,1
813ace58-438d-4f1e-9460-a4c8c6bf65a2,8,3
ad5aacb1-1258-4141-a048-222168d86665,2,2
f55ec886-bbfc-426b-a14f-49095ef75e6c,3,2
312ebb67-cdc9-49b1-a85c-2d72560a3a39,2,3
a1322965-3e8e-4ba1-b32b-3e66d8aaf1aa,3,2
813c09ec-98ce-4f5c-807a-b2d21d9a60c8,7,5
d438e5d0-6275-4aa7-80d9-951dcd626eaa,6,5
d3b1f2ed-979f-4e9b-81e7-38d57e71c53c,7,1
3b2af6d5-54be-4298-ab03-c57bbb5c2746,1,5
9438e961-c11f-424e-b281-dea637616363,5,4
87f6ea6e-0f19-4306-87ac-6465f6707dc1,2,3
4d76e7f2-a7c7-48c3-89f4-cd1e6b5549fc,8,1
5549dfd6-f45c-4fec-8889-035b4875a1f8,4,3
f2de8650-c29e-429d-9fb1-526ef634b9e2,6,3
350e89e0-310e-418e-85b2-0c2bdc89d77f,6,3
9fa205c4-58af-4e4a-919d-3f55c9839103,3,1
17b2d46c-c771-4c42-b640-a9b1ad038cbe,3,3
2edef0fe-4457-4453-b8dd-297f9fc2b8b1,3,3
4e25f205-90da-4fba-9d48-8ca73f4dd875,8,5
df4bd2c3-8ec2-494f-b432-d23f1acef02f,3,4
227fc989-90e4-439f-887a-ebff68e3abcd,5,1
ad6cbf32-dcb9-4ef5-9dec-8b8332e7fcb6,1,2
1b14c2c1-2eaa-4741-8a86-38b38807c14d,5,2
299e42fc-1a77-4ec1-955f-98cc52def2ad,2,2
1a2dbdbc-24c6-4111-a5fe-c32216f87b7f,3,3
7359a754-4c16-4aa3-84be-e1a78ebd865e,7,4
0df067ef-28bc-4ea4-b9bc-fc37b30db486,4,2
f1bd9dcc-a11a-4955-8332-d831cbeacf62,5,5
beacdeb4-6610-4685-bc5b-f2e0896fdfbf,5,3
59f23c24-6dae-4e01-98d4-74ef65835544,8,1
3783e310-5af0-4f54-bfca-70714ad2de06,4,4
f41284ef-2c13-4b6a-accd-d2b1abc7ebbe,2,2
379b3e0e-f8df-4258-82e7-63c2556fd46e,3,1
cf9e412c-39d0-4516-abdd-11b9b93aa043,8,5
f7deea27-815c-4e4f-9bfd-c2648fd9f482,3,1
78c6184e-c6d2-429d-80f3-9f0606c918f5,6,4
3783e310-5af0-4f54-bfca-70714ad2de06,7,3
cff0ef0e-dbc8-48f4-887b-10f9195d2eb2,5,1
812cbb85-8970-42b7-95f0-c59278724dcf,6,2
6bb4497a-933a-4c9c-b18e-53067839345c,1,3
136f0175-7c46-4b01-8d45-3fa96531b1ed,7,2
bf1c6c36-3209-4991-be12-eb67f7a49772,4,1
bee72ceb-fc83-46d6-8441-1c0be7a3256d,7,1
fcbc2a3d-1794-4393-ad8f-bfd5c0aafa84,2,5
fcbc2a3d-1794-4393-ad8f-bfd5c0aafa84,2,2
c5293ffa-e6a8-422c-860e-f9f364a9684a,6,5
d747b107-0eab-40bd-bac2-e55b7bf04e01,5,3
8833b033-f522-4795-a22b-91ac9b3c0f2d,1,1
34b36a73-313f-45da-9cc5-c6437242f3f8,6,4
42796ce1-1e2f-4d79-9986-25d5d3f6d788,4,1
350e89e0-310e-418e-85b2-0c2bdc89d77f,6,2
b170b3f5-9f02-4a57-8546-a6d4579f07f1,6,1
d60ebd81-d533-4019-ba44-2fa47b710e5f,6,2
350e89e0-310e-418e-85b2-0c2bdc89d77f,5,2
f2d007a4-a98f-404e-94f6-13d2d8daf146,8,3
bcc95c8d-e448-4101-adb4-ab441932fb01,7,5
de703f67-a498-43a4-8326-e8c0c4a84929,8,2
ebfe58ea-96bb-402f-9bd1-dbde57b33831,6,5
96d0037e-d811-477a-88bb-0f9233bf24ac,7,3
d673694d-ff6f-4841-8cf0-a7f75ff6d4e2,6,4
6f1c374d-0169-4297-8035-9059042453af,3,4
bed28d1c-9cc8-4791-9a10-fe7c76630f99,4,4
2f0008bb-df0a-4618-92e7-1c1807c61bc2,8,3
94091979-2c32-46ac-a662-30b6614604ae,2,3
046f0254-4f60-4b61-9792-11c68b85c780,4,5
0b9319f6-b857-42aa-89df-9ebed2b8b342,8,1
accbb2e3-6ff5-4b57-b916-db30e0a886ce,2,5
ff9379c7-1d2c-46f1-ad6c-bb168d91962b,3,5
f7862eb3-4a14-445a-8156-31fd184d7005,8,3
65c419df-399a-47c4-8a12-8bc2f5420303,2,1
527921c0-94cb-41a4-acd3-7d6c2eb62edc,1,4
f1bd9dcc-a11a-4955-8332-d831cbeacf62,3,3
f1bd9dcc-a11a-4955-8332-d831cbeacf62,3,5
94776997-985a-41db-87f7-3fbfb3a4b569,7,4
bf01a388-949c-4f95-895d-7684b5cab6a5,7,4
ff9379c7-1d2c-46f1-ad6c-bb168d91962b,8,2
8b78d283-7b22-4943-875a-4fd887f0df4a,2,3
f90408c7-7256-4f1d-9f62-a7d637d87331,5,2
af20d113-4e67-4224-9702-67ad9a3ed152,8,1
a895f401-366a-4151-ac10-88ccdb324361,8,5
f0459210-8d92-4c58-9c11-2ff974688c2a,3,1
80f7dc64-fa96-436c-85de-1836a84476e1,5,2
a54b516d-a7c8-43ab-bd86-7919ee65b9c1,2,4
8a0788f1-003d-4ce1-91df-eac8b190beaa,4,5
d94cf087-8e42-4a43-a82d-bfce1f88e3e0,6,2
f9393214-b695-4d56-a7ef-79301cbf5ce8,5,2
d431dd90-3250-46ca-818a-63cba036f2e7,4,1
7474214c-2866-4120-8cdb-ace25ba9f342,2,5
f4eedbc8-e689-4f74-8893-b15e9e4b2410,7,4
b1860147-5f7f-46eb-be58-4c2827bd9ca0,8,3
b5621382-d382-45c4-a79e-66a8f3c25e69,6,1
21c384ce-ceac-448a-9a7f-5eac87ad7ef3,2,2
0d6740a5-fd82-4f54-a30c-f740f06ab2f0,5,3
c5a1e07f-8740-4432-bd3d-1ddb2fbafe4d,7,1
db350561-6652-470b-a1a8-393a9cbfcb31,8,5
fcbc2a3d-1794-4393-ad8f-bfd5c0aafa84,4,5
16bacc1e-6a6d-454f-837f-d4f0525989f7,1,2
5bb02278-cde1-43b6-8a30-57a2435fb4fa,5,3
42ccf585-dd0c-46c3-a0ba-b2cb87d8db0d,6,2
befbeab7-c2c9-45c4-9da4-174971e7c42c,3,1
f45ec9a3-bbf5-477d-9444-482487e77041,2,5
de4f38de-d825-44e2-9df9-0cb4e0aed32d,6,3
ead49453-8632-44fe-befc-4bbf5357c1a8,5,3
2d609413-6e29-4d46-81b7-39936fd9e380,6,5
d8f10011-a28e-4a27-9147-486106ae7997,2,1
e1038f88-632f-4d94-84c5-074136857488,7,3
b0792471-96fc-438f-9665-5c61d70d224f,2,4
4ae35964-2989-4540-8579-477a0892fd96,2,2
14307f80-2ff0-4ccf-9ac8-73768a43edb2,5,1
4be03c30-12e2-4603-b040-53aed32f1212,6,1
3764a8c6-a041-41e1-bd77-596064304c4e,7,5
1e5d1a8d-3c94-490d-b042-0038e32e5a48,5,3
bb059108-d9f7-4568-993f-4c83d41277cf,4,5
81c448a0-c083-48d9-951a-a960c3824f43,2,1
f6494464-5e7f-49d7-b990-8ddbfb9464e2,5,1
49559d45-a009-4bf0-b1f9-a6043f1db255,8,2
35861add-1e55-4e0a-bd49-0b83b9f37d08,2,5
fdbcea21-a8ab-4e07-ba64-48effa7caa14,7,3
d7d558b9-ac49-49af-86b1-9cd70420661b,3,1
748cdeed-45b9-4669-a604-7422b624bfc9,2,4
b5e6efc8-5e4b-46df-81ff-dff224e8dfbe,7,1
c40601dd-6c4a-4be8-9ef8-4bd26578b19e,2,4
383bb5ab-8371-47e1-9948-29cd8b1f9ded,3,3
813ace58-438d-4f1e-9460-a4c8c6bf65a2,3,1
3ecf9cdb-68a5-4905-9c39-03188adab3a0,8,5
1638d862-b0ac-44dc-8daf-2bc9885f0f97,4,1
120d5bd7-607f-4720-be3d-2c3e38f16f7e,3,4
7c0c73e3-47c9-492c-8825-c2f20681a20d,6,2
95519599-4d5c-40f1-9b2c-beb8878c1b20,2,4
379b3e0e-f8df-4258-82e7-63c2556fd46e,6,4
f6494464-5e7f-49d7-b990-8ddbfb9464e2,8,3
83e11eec-8548-498a-a8c4-25358499e304,3,2
965fa1ff-7479-4e71-a63f-bc0ac2f6f9fb,1,5
b1fb2a8d-c215-4b0e-a4a9-64690c65d41e,4,5
94776997-985a-41db-87f7-3fbfb3a4b569,4,4
7117a310-631b-4f03-b27e-f5f635c4993c,1,2
0f4430e6-d4f4-4bae-977b-31aea7c38bb5,2,1
7522f1ce-b7cb-4cf8-90a6-aad523c41fae,1,2
a10da21c-e07c-492d-80f4-814d3621274d,5,2
ddde3b2d-5494-4404-b2da-552b11adeab3,3,1
3764a8c6-a041-41e1-bd77-596064304c4e,4,3
98694b0e-0047-4aac-81fc-0ba9792d396f,1,4
fdbcea21-a8ab-4e07-ba64-48effa7caa14,8,1
3764a8c6-a041-41e1-bd77-596064304c4e,2,3
2ebffa85-e921-47be-9c44-7778e90d630c,1,3
d2dfc993-0547-4aa6-ae25-182a1b287703,5,1
14673edf-41cb-48f3-b371-f9856c0268e5,1,1
c15ca881-6382-4580-9e8e-5129af57b5ab,5,4
b2b71afe-2dbd-470b-97df-ceaf65f4f646,2,2
f7deea27-815c-4e4f-9bfd-c2648fd9f482,1,2
1afff7c2-4a95-4d58-b115-9fda4f35e863,8,4
cf67b923-fe9e-4106-bc9f-f076724f5d9b,2,3
be20dc27-c656-413f-b783-7bd3cc3b6337,3,2
d4a6071f-0620-47c4-8fbb-bfe26c700427,8,5
7c0c73e3-47c9-492c-8825-c2f20681a20d,2,1
fe2956cc-0861-4fb8-b1b3-039c6551626d,4,1
49def278-c966-4fcb-b752-78cc37f4efc4,3,5
8833b033-f522-4795-a22b-91ac9b3c0f2d,6,3
8ccd139e-74ae-4a8f-a705-32614246111d,7,3
83e11eec-8548-498a-a8c4-25358499e304,8,1
9485f9be-e445-44df-9e2a-a24afd08107a,1,1
16affd88-4c44-4652-8837-f0135d26708e,5,2
5e5fa0ef-e149-41c5-8d7b-efff307c183a,5,5
c40601dd-6c4a-4be8-9ef8-4bd26578b19e,5,4
0fe57a41-c44c-49c7-b68e-1350c5146b37,6,1
5e8def39-5e9b-421b-818e-324d458f4c2b,3,4
ced9ed9b-a26d-47fa-ba67-b203e45a0df7,4,2
a94c7d96-4334-46ef-95b2-6cf03fa32b22,1,3
34b36a73-313f-45da-9cc5-c6437242f3f8,6,2
1c6c1e31-98d6-4cda-8551-4a27738c8cf9,3,2
9e8f5f29-0d56-4531-a529-dbc1705ac8ee,7,2
87d1e3c8-cbae-472b-a6c0-0422ae36ba55,7,1
9a882d03-15f1-4eb7-91ed-ec020a43d1ed,2,4
7474214c-2866-4120-8cdb-ace25ba9f342,6,3
78b70da9-504a-496b-9589-b094670a7fa6,8,4
2b35f9d4-1a47-4470-9607-f8ea3fe745c4,7,3
21c384ce-ceac-448a-9a7f-5eac87ad7ef3,6,4
232564f9-76cd-4fb4-9ea3-4b81bfbfe935,7,3
6557201d-2ab0-42e9-9aa7-fbae2644128e,4,4
cf9e412c-39d0-4516-abdd-11b9b93aa043,4,1
db7b12eb-b044-488f-a0d7-ee6d8c1e954a,2,5
40ea3e95-cafb-43d1-8bea-69b06d8695f1,7,5
9eab5f38-feea-4456-a9b1-f5be4187cf36,4,5
f16dd342-11cc-4b68-ac4e-f2a5cb97865b,6,4
6f1c374d-0169-4297-8035-9059042453af,7,3
843880d8-5f49-4415-831a-c2480d5626bb,1,2
a1322965-3e8e-4ba1-b32b-3e66d8aaf1aa,2,3
9fa205c4-58af-4e4a-919d-3f55c9839103,3,2
09792140-ae83-4355-ba2b-ca4f2d3ae1ff,7,2
9c24bc24-67d0-4e47-b72b-de15b63b090d,1,4
dea3bf90-be95-4060-9d61-6d341a678869,8,3
f133352a-c208-4184-893c-d94f77832364,1,4
8a0788f1-003d-4ce1-91df-eac8b190beaa,3,3
6557201d-2ab0-42e9-9aa7-fbae2644128e,6,2
601b2474-ca9f-4ce4-a6f1-7bc47f043c14,3,3
accbb2e3-6ff5-4b57-b916-db30e0a886ce,8,1
f55ec886-bbfc-426b-a14f-49095ef75e6c,3,2
accbb2e3-6ff5-4b57-b916-db30e0a886ce,2,3
f0459210-8d92-4c58-9c11-2ff974688c2a,6,3
a54b516d-a7c8-43ab-bd86-7919ee65b9c1,8,5
d747b107-0eab-40bd-bac2-e55b7bf04e01,1,4
def69d73-412a-471b-9611-a0bb14707e74,1,2
3197655f-d60f-4932-8dd2-479ea7cc301e,4,3
ad6cbf32-dcb9-4ef5-9dec-8b8332e7fcb6,4,5
714f5c85-b730-46f1-b3d5-254dbd246df7,2,1
822ea109-c81c-4f4c-875f-f08fbb085999,4,5
31fe553c-7bbb-45bb-ba32-df3c9e7a77aa,8,1
601b2474-ca9f-4ce4-a6f1-7bc47f043c14,5,2
6a9e05e0-6ecb-44f6-9fbd-875485ae17f1,2,3
d3b2bcb7-1325-49ce-9e7d-900a5c0bf7b3,1,2
f7deea27-815c-4e4f-9bfd-c2648fd9f482,7,5
95667df6-dd3b-4e83-822e-ac93807f9f29,6,5
c2b03ddc-c734-485f-b1a2-b7faa7f54f24,6,2
31eb328f-0573-43ce-8829-1e934298127d,5,1
ca33e48c-a56f-466e-b4f2-9d28cc52374f,2,3
49b4454f-4780-49af-b201-e3e96c19610a,4,2
3d8b2d1a-2611-4685-8387-e25afcb630d1,7,2
812cbb85-8970-42b7-95f0-c59278724dcf,3,5
8b68c453-3e11-44ec-87cc-ec43839eaf15,2,4
3dc23e04-0d73-4189-9e56-e35261b1e660,1,3
f2de8650-c29e-429d-9fb1-526ef634b9e2,1,4
2527bed5-8eca-4f3c-abf0-2da346449e62,6,1
136aacbe-3dfe-470d-b73c-88241d4c1a2b,3,5
d508f789-3f29-4b5b-bdca-203b2f8b14bb,6,3
1e5d1a8d-3c94-490d-b042-0038e32e5a48,1,2
9eab5f38-feea-4456-a9b1-f5be4187cf36,5,1
86ce6dbe-84ed-4d7a-8242-ec133a16f6aa,1,1
f1ee5055-93db-4dd8-b535-710ff512e7cc,2,4
82fbfb43-a3d9-478e-9d4a-7495245de388,4,5
78e687b2-f0a7-45cc-96bf-85ab965afae7,3,5
0df067ef-28bc-4ea4-b9bc-fc37b30db486,4,1
d3b1f2ed-979f-4e9b-81e7-38d57e71c53c,1,1
503dbaac-b4ab-41a0-9aa4-8eb743898d44,6,1
befbeab7-c2c9-45c4-9da4-174971e7c42c,8,5
3197655f-d60f-4932-8dd2-479ea7cc301e,6,4
f239dfa2-c1a9-456c-b1d1-53c35c9a2c45,8,2
14df3718-675b-4c94-a124-358292489803,4,5
ac0ba32b-72da-4fe7-b056-61c9702fe357,8,3
aaae7f6e-0039-44b5-8fe6-12c32b114cdc,6,1
46cdfda3-a14a-4078-b078-9a39869901b8,8,5
b5e6efc8-5e4b-46df-81ff-dff224e8dfbe,3,2
927abb95-6e03-48f6-a04e-67a3553966fc,7,3
92cb6eb1-c895-429d-9ee0-05ffec1028a9,4,2
b786b4bb-29f3-4cdd-ba9a-d1c24a8a4475,8,1
b302fe5f-ba36-466e-b011-c2149aa6ca8b,8,2
701fe40b-7627-4bd2-bece-e4c45cdd4274,8,2
671a20d2-46d3-4ded-80d2-fcc162cbb551,6,5
7474214c-2866-4120-8cdb-ace25ba9f342,5,4
b2b71afe-2dbd-470b-97df-ceaf65f4f646,8,1
0f574dad-e6d8-4be9-bff0-15f02842f7f2,2,3
beacdeb4-6610-4685-bc5b-f2e0896fdfbf,1,3
d431dd90-3250-46ca-818a-63cba036f2e7,2,3
3e772814-0c6b-4d76-87e3-62039b93fe09,3,1
5809fd72-7c2f-46e9-8557-079802c7fe37,6,4
eb3edd84-748e-4a7d-ab44-2c64b24fa817,2,3
91580238-3a39-40ed-9478-d0919794b722,3,5
65c419df-399a-47c4-8a12-8bc2f5420303,3,1
f239dfa2-c1a9-456c-b1d1-53c35c9a2c45,8,2
f1bd9dcc-a11a-4955-8332-d831cbeacf62,6,3
927abb95-6e03-48f6-a04e-67a3553966fc,1,5
9146bcbf-06f9-49ba-ad37-adb7d4da1bd8,4,4
f55ec886-bbfc-426b-a14f-49095ef75e6c,7,2
df4bd2c3-8ec2-494f-b432-d23f1acef02f,7,5
ca33e48c-a56f-466e-b4f2-9d28cc52374f,8,3
fcbc2a3d-1794-4393-ad8f-bfd5c0aafa84,6,5
f55ec886-bbfc-426b-a14f-49095ef75e6c,7,5
3764a8c6-a041-41e1-bd77-596064304c4e,2,3
0b9319f6-b857-42aa-89df-9ebed2b8b342,7,1
965fa1ff-7479-4e71-a63f-bc0ac2f6f9fb,3,2
f380e561-a1c6-4115-aaed-39a38567a4ef,4,4
69827ec1-5967-46a9-b9bc-94002c9b6130,1,4
3d8b2d1a-2611-4685-8387-e25afcb630d1,6,4
b302fe5f-ba36-466e-b011-c2149aa6ca8b,3,5
09792140-ae83-4355-ba2b-ca4f2d3ae1ff,4,2
f7862eb3-4a14-445a-8156-31fd184d7005,7,4
80f7dc64-fa96-436c-85de-1836a84476e1,7,4
c40601dd-6c4a-4be8-9ef8-4bd26578b19e,5,3
0ee9fefc-f0e7-45e8-8d7c-b0859712a9b1,7,4
0f1ab389-80a1-404f-ab9c-6e76c82f076f,8,3
96d0037e-d811-477a-88bb-0f9233bf24ac,4,4
1a2dbdbc-24c6-4111-a5fe-c32216f87b7f,1,4
6eec5a96-ae73-425e-befa-191e4d5cbe1b,8,1
ae44378f-daf2-4abe-8d9b-3006ea82278e,5,3
b3986dd0-5076-4c6d-8a0e-d6d3a1b13dbb,4,1
dba448b1-3abd-4595-a13b-84747d435283,8,5
227fc989-90e4-439f-887a-ebff68e3abcd,8,5
2b35f9d4-1a47-4470-9607-f8ea3fe745c4,8,3
d0dc011b-3642-46c1-b87c-b404287938a7,6,4
4e442815-1b6b-4e25-915f-43fbb93ae9a7,8,4
5e5fa0ef-e149-41c5-8d7b-efff307c183a,3,3
beacdeb4-6610-4685-bc5b-f2e0896fdfbf,8,1
bf1c6c36-3209-4991-be12-eb67f7a49772,7,5
14ec90b4-1b2a-4307-bcba-4ea815154074,3,4
49def278-c966-4fcb-b752-78cc37f4efc4,2,2
670165ce-eeb8-40d4-850e-e698939935a8,3,2
df4bd2c3-8ec2-494f-b432-d23f1acef02f,4,2
16affd88-4c44-4652-8837-f0135d26708e,4,4
75630d5c-9fe9-46bc-95cf-6733795df118,2,5
1afff7c2-4a95-4d58-b115-9fda4f35e863,1,5
3d8b2d1a-2611-4685-8387-e25afcb630d1,5,4
0f1ab389-80a1-404f-ab9c-6e76c82f076f,6,2
7f755b48-f7cd-4218-82f9-bf24b526731a,3,5
93067f1c-a402-4b8f-b01d-16b4aa347dcb,8,5
f1ee5055-93db-4dd8-b535-710ff512e7cc,7,1
5551ab32-ccfa-4862-b070-53da13cdf25b,6,1
f16dd342-11cc-4b68-ac4e-f2a5cb97865b,3,1
de4f38de-d825-44e2-9df9-0cb4e0aed32d,7,2
383bb5ab-8371-47e1-9948-29cd8b1f9ded,1,2
a68f478c-71c1-4c88-8f22-fc6cb7e60328,6,3
cd2bd085-f73d-4dbb-a9a9-1a9b7cac5347,6,4
467449a8-72b2-43c1-a43d-7b32dfd4c820,5,1
de703f67-a498-43a4-8326-e8c0c4a84929,6,1
5f5fa9de-f4f0-4273-83ae-e1a43b68b1c9,3,5
1afff7c2-4a95-4d58-b115-9fda4f35e863,8,3
299e42fc-1a77-4ec1-955f-98cc52def2ad,2,4
e23f9fdc-f8c7-4b95-b445-a15c1dfd1b79,7,1
9eab5f38-feea-4456-a9b1-f5be4187cf36,2,3
950bc6a2-27f9-4f2f-a70b-db6b47dc7a9e,4,1
bb059108-d9f7-4568-993f-4c83d41277cf,7,5
09792140-ae83-4355-ba2b-ca4f2d3ae1ff,4,5
0bed7b45-dc4a-4c76-8cb2-0e54429d81fe,1,4
f45ec9a3-bbf5-477d-9444-482487e77041,8,4
f6494464-5e7f-49d7-b990-8ddbfb9464e2,6,3
facc8f90-ad8f-4997-ab98-e7cb370648f1,8,1
abdc8784-8530-4cc3-ad9f-474199cb6d0c,3,2
eb372dd0-4dee-4143-9ffa-f77b15e4cfda,5,1
8209b506-0173-4121-94e0-781b70454be3,5,4
befbeab7-c2c9-45c4-9da4-174971e7c42c,5,4
d747b107-0eab-40bd-bac2-e55b7bf04e01,3,1
72998a78-4490-4f98-b7c7-9cc66b0e2a9d,5,4
d673694d-ff6f-4841-8cf0-a7f75ff6d4e2,4,3
69827ec1-5967-46a9-b9bc-94002c9b6130,1,1
1a2dbdbc-24c6-4111-a5fe-c32216f87b7f,3,3
c6f41d62-486b-4f91-abc3-8f8b4fefaa35,6,3
f7deea27-815c-4e4f-9bfd-c2648fd9f482,6,1
5549dfd6-f45c-4fec-8889-035b4875a1f8,6,4
b453dce4-20a3-473f-b9c9-d5e3b6a1c653,8,2
5435b9ee-9b23-4527-adb9-b985e3e50973,1,1
cd2bd085-f73d-4dbb-a9a9-1a9b7cac5347,6,2
4bd7a797-5e52-4617-8961-a36ed3d911fe,1,4
6b902e38-da9d-422f-9012-20969a541b55,6,5
d68fc38e-52ff-46f5-9ba0-caa2f344443f,6,4
1ae2b794-a338-450c-baed-87d0beb801c7,4,5
26b9b6c9-8b69-4d1a-8597-56d5b5fdb4f5,5,3
ddde3b2d-5494-4404-b2da-552b11adeab3,1,4
7eccb3c5-c3c1-4b35-8d07-10663df019d8,4,3
9438e961-c11f-424e-b281-dea637616363,7,3
2b35f9d4-1a47-4470-9607-f8ea3fe745c4,1,2
a68f478c-71c1-4c88-8f22-fc6cb7e60328,4,1
b3986dd0-5076-4c6d-8a0e-d6d3a1b13dbb,4,3
bee72ceb-fc83-46d6-8441-1c0be7a3256d,3,3
3d8b2d1a-2611-4685-8387-e25afcb630d1,7,1
0ee9fefc-f0e7-45e8-8d7c-b0859712a9b1,3,4
4360e285-b926-4d65-bb3b-fffb6e92805e,1,5
65998224-304c-487e-b74e-5b0fd491ac6a,6,4
e8a1e449-bda1-46c8-9e69-d63f4c2800d7,5,2
95ba36eb-8cb5-4858-abf4-7c9ac3759875,2,1
49b4454f-4780-49af-b201-e3e96c19610a,2,5
dba448b1-3abd-4595-a13b-84747d435283,7,4
f4eedbc8-e689-4f74-8893-b15e9e4b2410,4,1
def69d73-412a-471b-9611-a0bb14707e74,8,3
670165ce-eeb8-40d4-850e-e698939935a8,4,4
d4a24be6-6865-423e-b2d7-e2457e6435db,7,3
5551ab32-ccfa-4862-b070-53da13cdf25b,7,2
accbb2e3-6ff5-4b57-b916-db30e0a886ce,8,1
d147a098-bfde-40d4-9488-5ae9911875dd,6,4
41f20853-2cbd-4019-be35-1845ac4ccd7a,7,3
60821f6f-6701-4c01-8938-6951cc125fa5,8,1
f55057f9-dca0-495e-bd23-079856854556,1,4
31fe553c-7bbb-45bb-ba32-df3c9e7a77aa,4,4
215ec9d3-c849-42c1-ad5f-d000fe06743f,4,2
6bf661e6-43ea-4569-9f32-67d35f76e335,2,4
3b2af6d5-54be-4298-ab03-c57bbb5c2746,1,1
f6494464-5e7f-49d7-b990-8ddbfb9464e2,2,3
ae44378f-daf2-4abe-8d9b-3006ea82278e,5,5
8dee702a-b8a0-4c3e-877e-661d29f2f956,1,1
d438e5d0-6275-4aa7-80d9-951dcd626eaa,7,5
f2445d90-9380-4a63-8caa-52b30a781b3f,7,1
76bd6e26-a3ef-4c3d-ad34-ba063bf2723b,8,5
de703f67-a498-43a4-8326-e8c0c4a84929,4,3
3315aaad-4075-4843-ae7a-fb90546368e3,2,5
f9ea8cbf-8eec-4726-92ec-4177681e4ac0,6,3
16bacc1e-6a6d-454f-837f-d4f0525989f7,5,5
f2de8650-c29e-429d-9fb1-526ef634b9e2,2,5
5d0fddaf-6289-4103-98df-49e33edb022e,3,3
354514d6-9063-46a1-a172-303e01f7da15,2,5
d4a6071f-0620-47c4-8fbb-bfe26c700427,2,3
1ae2b794-a338-450c-baed-87d0beb801c7,5,5
3a2f5b8a-04af-43a4-8691-f204582209a1,1,5
f2de8650-c29e-429d-9fb1-526ef634b9e2,8,4
6557201d-2ab0-42e9-9aa7-fbae2644128e,3,3
82b9dcc7-e8cb-47df-9f45-b603ffd974ea,1,3
1afff7c2-4a95-4d58-b115-9fda4f35e863,3,5
cd2bd085-f73d-4dbb-a9a9-1a9b7cac5347,1,2
30b0c8fb-dc7f-4cb5-93ca-7eb2e8825595,7,1
fcf6ac87-aec0-4216-9c4d-f44c4bd1f385,2,1
f02fcaf3-1bfb-4760-898b-455a6a659c46,4,4
813ace58-438d-4f1e-9460-a4c8c6bf65a2,6,2
5e8def39-5e9b-421b-818e-324d458f4c2b,4,2
78e687b2-f0a7-45cc-96bf-85ab965afae7,2,4
6a9e05e0-6ecb-44f6-9fbd-875485ae17f1,7,1
de703f67-a498-43a4-8326-e8c0c4a84929,8,4
7eccb3c5-c3c1-4b35-8d07-10663df019d8,7,2
e1038f88-632f-4d94-84c5-074136857488,6,3
950bc6a2-27f9-4f2f-a70b-db6b47dc7a9e,4,5
a54b516d-a7c8-43ab-bd86-7919ee65b9c1,2,3
a8085580-7cec-4c18-8008-8243de438ed4,2,5
354514d6-9063-46a1-a172-303e01f7da15,6,2
c2fa6060-6242-4edf-a022-9b3581ee85c1,2,5
a0336512-098d-416a-87c9-83a9670fc31d,2,2
29c0e22e-8ed8-40c2-ab1b-f6352dc55293,7,1
4ac8fdca-2ea2-4194-954e-3c205d45129d,1,5
c5ca0a5d-6cf8-4728-9225-1d0ee8af00c6,5,2
1a2dbdbc-24c6-4111-a5fe-c32216f87b7f,8,5
9c24bc24-67d0-4e47-b72b-de15b63b090d,1,2
ead49453-8632-44fe-befc-4bbf5357c1a8,6,1
ac823fd9-b3e8-4009-9a4f-9628ec354c89,8,2
0ee9fefc-f0e7-45e8-8d7c-b0859712a9b1,4,2
778e96ad-82f2-4912-920f-e8c87645a06d,6,4
0ee9fefc-f0e7-45e8-8d7c-b0859712a9b1,1,3
fdbcea21-a8ab-4e07-ba64-48effa7caa14,4,1
fe2956cc-0861-4fb8-b1b3-039c6551626d,5,5
85d555c5-4a49-4ad4-a5b8-70200b667ccd,5,1
df4bd2c3-8ec2-494f-b432-d23f1acef02f,1,5
3197655f-d60f-4932-8dd2-479ea7cc301e,6,4
d43574fa-9028-48d0-9546-5fe19c3a8539,3,5
e73e5fd1-f3e8-493d-ac20-24bb98893cda,1,5
9146bcbf-06f9-49ba-ad37-adb7d4da1bd8,8,5
2d609413-6e29-4d46-81b7-39936fd9e380,6,3
2f0008bb-df0a-4618-92e7-1c1807c61bc2,7,5
4360e285-b926-4d65-bb3b-fffb6e92805e,5,2
ad6cbf32-dcb9-4ef5-9dec-8b8332e7fcb6,4,4
1c743b7f-53bf-4637-a516-dd604295fa5f,2,1
14f8d984-5ee0-409f-9a00-ad5f29dd0a90,3,1
812cbb85-8970-42b7-95f0-c59278724dcf,7,1
0bb8ba07-2527-4e64-b6f1-251368ee790d,6,4
ae851e1d-b980-46fc-9ac5-23ba947a1905,8,4
0a69011e-236d-4e37-ba47-c854557ea6f3,8,3
f1ee5055-93db-4dd8-b535-710ff512e7cc,7,4
0d6740a5-fd82-4f54-a30c-f740f06ab2f0,8,2
69827ec1-5967-46a9-b9bc-94002c9b6130,6,1
70f0bc7d-2e5b-4060-8fd4-a863704e5c6b,8,2
d508f789-3f29-4b5b-bdca-203b2f8b14bb,7,3
7eccb3c5-c3c1-4b35-8d07-10663df019d8,4,5
a0336512-098d-416a-87c9-83a9670fc31d,5,2
5857ba10-4e37-4927-b96f-c528c633e92d,8,3
76867724-1b40-4e2d-922a-832e6ba0bd87,7,1
f1bd9dcc-a11a-4955-8332-d831cbeacf62,3,4
c8568f7f-27f2-492b-a728-9d0504bc298a,3,4
94091979-2c32-46ac-a662-30b6614604ae,1,1
49559d45-a009-4bf0-b1f9-a6043f1db255,1,4
52e02583-ecb4-41c0-9179-e54102aa8e44,2,1
33951a63-098a-43ad-80ef-d669c6ff57ad,7,2
17b2d46c-c771-4c42-b640-a9b1ad038cbe,6,5
b0304e32-8e6a-4663-81e8-dd085ea6a094,5,3
89a8b3cb-7ecc-4359-9fb4-bd2609047826,8,5
8a0788f1-003d-4ce1-91df-eac8b190beaa,6,4
12f9fde1-756d-43e0-a54d-9225f26771c1,3,5
0b9319f6-b857-42aa-89df-9ebed2b8b342,8,2
299e42fc-1a77-4ec1-955f-98cc52def2ad,4,2
de4f38de-d825-44e2-9df9-0cb4e0aed32d,2,5
bf1c6c36-3209-4991-be12-eb67f7a49772,8,5
ad5aacb1-1258-4141-a048-222168d86665,6,3
d3b1f2ed-979f-4e9b-81e7-38d57e71c53c,2,4
f3481941-93fc-4155-beda-3a4442acc56f,6,5
11841497-93e6-4f64-acb7-16dd51054794,7,1
accbb2e3-6ff5-4b57-b916-db30e0a886ce,4,5
d431dd90-3250-46ca-818a-63cba036f2e7,6,5
dba448b1-3abd-4595-a13b-84747d435283,5,2
d4a6071f-0620-47c4-8fbb-bfe26c700427,5,4
b1fb2a8d-c215-4b0e-a4a9-64690c65d41e,4,5
d0dc011b-3642-46c1-b87c-b404287938a7,5,5
9c0d379e-7d6f-4de5-9008-2a9093565420,2,5
bf1c6c36-3209-4991-be12-eb67f7a49772,3,1
dba448b1-3abd-4595-a13b-84747d435283,5,2
b1860147-5f7f-46eb-be58-4c2827bd9ca0,7,3
cf67b923-fe9e-4106-bc9f-f076724f5d9b,8,3
950bc6a2-27f9-4f2f-a70b-db6b47dc7a9e,8,2
f7825bda-3cab-474d-b209-0b04dbbaf0d5,8,1
ac0ba32b-72da-4fe7-b056-61c9702fe357,2,3
bb059108-d9f7-4568-993f-4c83d41277cf,2,5
9c24bc24-67d0-4e47-b72b-de15b63b090d,4,3
78c6184e-c6d2-429d-80f3-9f0606c918f5,2,2
b3986dd0-5076-4c6d-8a0e-d6d3a1b13dbb,6,3
131e9dbb-b3c7-44da-b0d3-c69509feac95,4,3
c70b630a-43c0-46d2-bfa4-a50a21abf64d,8,2
c15ca881-6382-4580-9e8e-5129af57b5ab,7,3
1c6c1e31-98d6-4cda-8551-4a27738c8cf9,5,4
4abbb01d-1a62-4a17-853a-33492647572f,3,5
f133352a-c208-4184-893c-d94f77832364,1,1
14df3718-675b-4c94-a124-358292489803,4,4
89a8b3cb-7ecc-4359-9fb4-bd2609047826,8,2
83e11eec-8548-498a-a8c4-25358499e304,1,5
cd9fac8c-3481-4c9a-b49a-12daa08409d6,7,5
be974a0e-44b5-414b-a28b-2587cc78b9ba,8,5
7eccb3c5-c3c1-4b35-8d07-10663df019d8,1,5
a895f401-366a-4151-ac10-88ccdb324361,2,3
3d61ab95-9a43-4f36-9810-1a1c4aa7017a,8,2
4a48cf89-33a1-414c-8252-8925f66661e9,6,5
7587c800-cae3-418b-8b44-4ef324aac515,2,5
6bf661e6-43ea-4569-9f32-67d35f76e335,8,3
62bff47b-56d4-4240-b2f7-0a3dc36ffa9a,5,1
e73e5fd1-f3e8-493d-ac20-24bb98893cda,2,4
4e442815-1b6b-4e25-915f-43fbb93ae9a7,2,2
17b2d46c-c771-4c42-b640-a9b1ad038cbe,6,1
41930f58-ea40-4201-82f3-bd92392c1a20,8,1
824be8cc-93bc-494f-96a0-0aad9a062efe,1,2
ee72719a-0315-4700-9da1-10621c382730,5,3
12b9f4e3-2d49-43b1-8d53-06c31205e26c,5,4
4e25f205-90da-4fba-9d48-8ca73f4dd875,7,1
f55057f9-dca0-495e-bd23-079856854556,3,2
272d3a6c-036d-4e0f-adac-1919e364a780,8,1
fcf6ac87-aec0-4216-9c4d-f44c4bd1f385,3,3
1c743b7f-53bf-4637-a516-dd604295fa5f,3,3
eb372dd0-4dee-4143-9ffa-f77b15e4cfda,1,4
d508f789-3f29-4b5b-bdca-203b2f8b14bb,4,2
d147a098-bfde-40d4-9488-5ae9911875dd,4,3
9fe5ad6a-a461-432a-906a-dc42cff3c376,6,3
b786b4bb-29f3-4cdd-ba9a-d1c24a8a4475,6,1
0985c89f-ae92-4660-adc2-f06b907bc993,5,5
d7d558b9-ac49-49af-86b1-9cd70420661b,8,5
bb6876ea-0de4-4440-9c1f-e7a3a64d2379,6,1
cf67b923-fe9e-4106-bc9f-f076724f5d9b,3,2
b8a0b331-7936-4e41-8c2a-b31a19e3185b,4,2
4a48cf89-33a1-414c-8252-8925f66661e9,2,3
b1fb2a8d-c215-4b0e-a4a9-64690c65d41e,2,2
350e89e0-310e-418e-85b2-0c2bdc89d77f,5,1
bf0156f5-d81d-40e8-a4da-4bb803fc4fbc,1,1
0ee9fefc-f0e7-45e8-8d7c-b0859712a9b1,8,1
181fe116-d9f0-41c8-aaf0-aeaa277c3342,6,1
7587c800-cae3-418b-8b44-4ef324aac515,4,4
26b9b6c9-8b69-4d1a-8597-56d5b5fdb4f5,7,2
12b9f4e3-2d49-43b1-8d53-06c31205e26c,4,3
606d1a86-bda3-4044-a124-e815e2f74d72,5,2
7c0c73e3-47c9-492c-8825-c2f20681a20d,5,3
fdc3c52c-cdf9-4cf1-8a0c-a8ef6fe5280f,5,2
e9053313-ce82-41b4-92fc-82fb6c5a7173,7,5
0d0f869c-e883-4eba-abd7-19e2f32c5df2,7,5
11ac13b8-96aa-4605-9fc6-cee20dad0c03,5,2
da6993c4-7f28-461c-8cda-818fa8d0f111,5,3
49def278-c966-4fcb-b752-78cc37f4efc4,8,5
dc367d7e-795b-4178-a3ef-0bc87f967813,3,4
3315aaad-4075-4843-ae7a-fb90546368e3,4,1
4afdea9a-e65a-4d19-8f06-0bc7ed893664,4,2
5809fd72-7c2f-46e9-8557-079802c7fe37,1,2
3783e310-5af0-4f54-bfca-70714ad2de06,5,5
467449a8-72b2-43c1-a43d-7b32dfd4c820,8,1
89106a07-9022-4ba4-a2a7-0cc432c0c2fb,2,3
87d1e3c8-cbae-472b-a6c0-0422ae36ba55,8,1
aaae7f6e-0039-44b5-8fe6-12c32b114cdc,1,3
383bb5ab-8371-47e1-9948-29cd8b1f9ded,3,5
94776997-985a-41db-87f7-3fbfb3a4b569,6,2
8f2a73b7-8608-4f1d-bb4c-becc41154c93,5,3
843880d8-5f49-4415-831a-c2480d5626bb,5,2
17162a4f-13a1-46c3-8709-c44c5535c58f,3,5
3783e310-5af0-4f54-bfca-70714ad2de06,1,2
c5a1e07f-8740-4432-bd3d-1ddb2fbafe4d,1,3
950bc6a2-27f9-4f2f-a70b-db6b47dc7a9e,1,2
d0dc011b-3642-46c1-b87c-b404287938a7,6,2
d508f789-3f29-4b5b-bdca-203b2f8b14bb,1,3
beacdeb4-6610-4685-bc5b-f2e0896fdfbf,6,3
bed28d1c-9cc8-4791-9a10-fe7c76630f99,7,3
49def278-c966-4fcb-b752-78cc37f4efc4,6,1
bcc95c8d-e448-4101-adb4-ab441932fb01,1,5
8dee702a-b8a0-4c3e-877e-661d29f2f956,5,1
bed28d1c-9cc8-4791-9a10-fe7c76630f99,1,4
75eb52ce-c487-4e7d-b175-46a1cd1bcf13,6,5
78c6184e-c6d2-429d-80f3-9f0606c918f5,6,5
fd5b81b6-ba8c-4f04-973a-a037a1faa17d,2,2
cf9e412c-39d0-4516-abdd-11b9b93aa043,3,3
813c09ec-98ce-4f5c-807a-b2d21d9a60c8,2,2
d4a6071f-0620-47c4-8fbb-bfe26c700427,8,3
4ae35964-2989-4540-8579-477a0892fd96,8,1
e5332626-0afe-4b39-bcbc-d5c53d4a3b7c,7,4
5857ba10-4e37-4927-b96f-c528c633e92d,8,4
fdc3c52c-cdf9-4cf1-8a0c-a8ef6fe5280f,2,2
41f20853-2cbd-4019-be35-1845ac4ccd7a,4,5
dbb54e81-87ae-4491-bdfd-9c0677dac794,4,3
4360e285-b926-4d65-bb3b-fffb6e92805e,6,5
3a2d65b5-5117-4c85-a85c-d64995f231cf,3,5
d325de59-7de9-459c-bbdc-cf950833b4e7,5,4
c70b630a-43c0-46d2-bfa4-a50a21abf64d,8,5
24b6a707-6458-45a9-8b6b-c98ab45604ad,1,1
65998224-304c-487e-b74e-5b0fd491ac6a,5,4
14ec90b4-1b2a-4307-bcba-4ea815154074,7,4
cae8ae2c-342d-4bff-99e0-fea638324977,8,3
82fbfb43-a3d9-478e-9d4a-7495245de388,4,5
c6f41d62-486b-4f91-abc3-8f8b4fefaa35,3,5
7c7ab1cb-3256-4a61-8831-92521e8cf64e,2,2
d60ebd81-d533-4019-ba44-2fa47b710e5f,6,2
75630d5c-9fe9-46bc-95cf-6733795df118,5,5
9cd85cae-b316-4fa8-bb41-852e1d83b67a,6,3
215ec9d3-c849-42c1-ad5f-d000fe06743f,6,5
b1860147-5f7f-46eb-be58-4c2827bd9ca0,8,1
227fc989-90e4-439f-887a-ebff68e3abcd,6,5
f9393214-b695-4d56-a7ef-79301cbf5ce8,2,5
3a2d65b5-5117-4c85-a85c-d64995f231cf,3,5
94091979-2c32-46ac-a662-30b6614604ae,4,4
beacdeb4-6610-4685-bc5b-f2e0896fdfbf,4,1
b0304e32-8e6a-4663-81e8-dd085ea6a094,5,4
efc5a7c4-4079-4059-8ffd-031fa12963af,6,2
7f047424-3edd-4556-9e0f-e2732fe837a7,7,3
14ec90b4-1b2a-4307-bcba-4ea815154074,7,3
f9ea8cbf-8eec-4726-92ec-4177681e4ac0,6,2
98694b0e-0047-4aac-81fc-0ba9792d396f,4,1
3ae2e443-728b-4705-86c9-71f2a1ea79ef,3,1
95667df6-dd3b-4e83-822e-ac93807f9f29,7,2
3e2b2735-afed-49d9-98b4-631ca5b5a42f,8,3
d147a098-bfde-40d4-9488-5ae9911875dd,1,2
cf9e412c-39d0-4516-abdd-11b9b93aa043,4,1
c15ca881-6382-4580-9e8e-5129af57b5ab,4,1
33951a63-098a-43ad-80ef-d669c6ff57ad,8,4
4a48cf89-33a1-414c-8252-8925f66661e9,6,1
89106a07-9022-4ba4-a2a7-0cc432c0c2fb,5,4
2ebffa85-e921-47be-9c44-7778e90d630c,4,5
f7825bda-3cab-474d-b209-0b04dbbaf0d5,7,5
40ea3e95-cafb-43d1-8bea-69b06d8695f1,3,3
b8a0b331-7936-4e41-8c2a-b31a19e3185b,3,3
bf0156f5-d81d-40e8-a4da-4bb803fc4fbc,1,2
5bc98ff3-c916-413f-9feb-1ed2f25340ee,2,1
c2fa6060-6242-4edf-a022-9b3581ee85c1,3,5
503dbaac-b4ab-41a0-9aa4-8eb743898d44,5,4
bdf86742-eafd-44dd-a653-b94c29b1cb24,5,1
2d455edc-9024-46e2-83bc-a164b26cae93,7,2
3d8b2d1a-2611-4685-8387-e25afcb630d1,8,5
cd9fac8c-3481-4c9a-b49a-12daa08409d6,1,4
383bb5ab-8371-47e1-9948-29cd8b1f9ded,3,1
919a0c51-12cf-4014-a85f-60f98c5052d7,1,3
46550531-44ce-48b8-9951-b57ae888cb95,2,1
521f14ee-6431-4f22-bafb-44f4f885608a,7,4
c8568f7f-27f2-492b-a728-9d0504bc298a,8,2
ab9aed36-7a98-4bb5-a903-35273d4e1604,8,4
fdc3c52c-cdf9-4cf1-8a0c-a8ef6fe5280f,5,2
ae670d11-4d89-417c-8229-f8abbc705ede,3,2
f1bd9dcc-a11a-4955-8332-d831cbeacf62,3,2
bf1c6c36-3209-4991-be12-eb67f7a49772,5,1
0d03fe67-5744-4ac9-8eea-b8a1beae377a,6,5
5435b9ee-9b23-4527-adb9-b985e3e50973,5,2
76bd6e26-a3ef-4c3d-ad34-ba063bf2723b,3,3
3a2f5b8a-04af-43a4-8691-f204582209a1,3,1
2b35f9d4-1a47-4470-9607-f8ea3fe745c4,2,2
17b2d46c-c771-4c42-b640-a9b1ad038cbe,2,1
ab9aed36-7a98-4bb5-a903-35273d4e1604,1,4
21c384ce-ceac-448a-9a7f-5eac87ad7ef3,7,3
3783e310-5af0-4f54-bfca-70714ad2de06,3,1
5435b9ee-9b23-4527-adb9-b985e3e50973,6,5
18b38754-50cd-4bfd-90e0-8f395f3eaa2e,7,3
fcf6ac87-aec0-4216-9c4d-f44c4bd1f385,4,1
9fa205c4-58af-4e4a-919d-3f55c9839103,2,1
950bc6a2-27f9-4f2f-a70b-db6b47dc7a9e,7,3
1afff7c2-4a95-4d58-b115-9fda4f35e863,1,3
d3b2bcb7-1325-49ce-9e7d-900a5c0bf7b3,5,2
705511dc-7267-496e-869f-2fc3c619b3f0,6,2
ae670d11-4d89-417c-8229-f8abbc705ede,5,4
4ac8fdca-2ea2-4194-954e-3c205d45129d,5,4
2edef0fe-4457-4453-b8dd-297f9fc2b8b1,2,2
354514d6-9063-46a1-a172-303e01f7da15,5,5
f7825bda-3cab-474d-b209-0b04dbbaf0d5,2,3
0985c89f-ae92-4660-adc2-f06b907bc993,3,5
befbeab7-c2c9-45c4-9da4-174971e7c42c,4,2
f2de8650-c29e-429d-9fb1-526ef634b9e2,6,4
0d0f869c-e883-4eba-abd7-19e2f32c5df2,5,3
16bacc1e-6a6d-454f-837f-d4f0525989f7,5,5
2f0008bb-df0a-4618-92e7-1c1807c61bc2,5,1
eb3edd84-748e-4a7d-ab44-2c64b24fa817,2,3
f16dd342-11cc-4b68-ac4e-f2a5cb97865b,7,5
20a79730-685f-4bc0-b157-97a6159a3e4a,3,5
bed28d1c-9cc8-4791-9a10-fe7c76630f99,2,2
1b14c2c1-2eaa-4741-8a86-38b38807c14d,5,2
be9a33c0-2daa-40bd-b638-b9d2f69512f3,5,3
80f7dc64-fa96-436c-85de-1836a84476e1,1,3
778e96ad-82f2-4912-920f-e8c87645a06d,4,4
350e89e0-310e-418e-85b2-0c2bdc89d77f,5,5
272d3a6c-036d-4e0f-adac-1919e364a780,5,2
9fa205c4-58af-4e4a-919d-3f55c9839103,1,2
78c6184e-c6d2-429d-80f3-9f0606c918f5,4,1
87d1e3c8-cbae-472b-a6c0-0422ae36ba55,1,1
8b78d283-7b22-4943-875a-4fd887f0df4a,5,4
82b9dcc7-e8cb-47df-9f45-b603ffd974ea,7,2
5bc98ff3-c916-413f-9feb-1ed2f25340ee,4,5
f90408c7-7256-4f1d-9f62-a7d637d87331,7,2
1e5d1a8d-3c94-490d-b042-0038e32e5a48,2,2
d1ab6654-efe9-40bb-8a71-b6ad526dd553,1,2
75554ce3-d309-4a2e-a7ce-6dac2a03b401,6,3
8a410f60-9286-4653-8743-d5fd36a6bfd3,5,1
a10da21c-e07c-492d-80f4-814d3621274d,7,3
bb399f10-3c1b-43bf-b08a-5d929dd83dff,3,3
69b2dab0-c64b-48d4-b300-9c6f86d792c6,2,4
6d46c77f-ea1c-4386-a16a-e3819b8ab25d,7,2
f2445d90-9380-4a63-8caa-52b30a781b3f,3,4
8b29b7ba-b43d-404a-8cac-f3ab36697527,4,1
e23f9fdc-f8c7-4b95-b445-a15c1dfd1b79,7,5
837480f4-6342-4695-b5f6-15dd6a7ba30b,5,2
86ce6dbe-84ed-4d7a-8242-ec133a16f6aa,6,5
d438e5d0-6275-4aa7-80d9-951dcd626eaa,8,1
521f14ee-6431-4f22-bafb-44f4f885608a,4,3
14f8d984-5ee0-409f-9a00-ad5f29dd0a90,3,4
e8499b67-6dee-4c6f-8e8b-a69de8b9b19a,6,4
822ea109-c81c-4f4c-875f-f08fbb085999,3,4
9e578d52-76e4-4099-a491-3fd455fcbbad,4,1
62bff47b-56d4-4240-b2f7-0a3dc36ffa9a,7,2
2d455edc-9024-46e2-83bc-a164b26cae93,3,3
950bc6a2-27f9-4f2f-a70b-db6b47dc7a9e,5,1
7359a754-4c16-4aa3-84be-e1a78ebd865e,8,5
76bd6e26-a3ef-4c3d-ad34-ba063bf2723b,6,4
14f8d984-5ee0-409f-9a00-ad5f29dd0a90,8,4
ad41e33b-ce78-4944-9eb2-1e682e654c99,4,4
ec581489-012a-431d-ba72-c024febb3431,4,3
7308b59a-3db9-4508-90d4-94152ecb5f38,6,3
d88bd785-df55-4d02-95ff-cc79ee4448d4,5,3
dee22f31-1f0a-44e0-98eb-f77b71522655,1,4
dc56ef20-80af-4fa6-b59f-97c8ff779e77,8,3
dd26665e-ebb9-4f36-92e2-52ef650c15a7,3,2
80f30f3d-50d5-4b56-8c26-e17143ed1705,1,2
6465f949-afc1-429d-bcf7-168b5d1fde9b,2,4
80b88138-8c69-4fd3-8764-78770f3864fb,6,3
46550531-44ce-48b8-9951-b57ae888cb95,5,4
d747b107-0eab-40bd-bac2-e55b7bf04e01,3,1
8b68c453-3e11-44ec-87cc-ec43839eaf15,7,1
0f574dad-e6d8-4be9-bff0-15f02842f7f2,6,5
cd2bd085-f73d-4dbb-a9a9-1a9b7cac5347,2,3
b5621382-d382-45c4-a79e-66a8f3c25e69,6,2
117b5761-bbc6-4a83-be07-5bc58718b81f,3,3
379b3e0e-f8df-4258-82e7-63c2556fd46e,7,4
4afdea9a-e65a-4d19-8f06-0bc7ed893664,6,2
14307f80-2ff0-4ccf-9ac8-73768a43edb2,2,1
f7825bda-3cab-474d-b209-0b04dbbaf0d5,3,5
2527bed5-8eca-4f3c-abf0-2da346449e62,6,1
f507112d-c095-4469-b7fb-bc5316f4d88c,1,5
bc580663-7742-44b6-a4ad-aebae505ce45,1,4
f2d007a4-a98f-404e-94f6-13d2d8daf146,5,2
eb3edd84-748e-4a7d-ab44-2c64b24fa817,2,5
fcbc2a3d-1794-4393-ad8f-bfd5c0aafa84,2,4
de703f67-a498-43a4-8326-e8c0c4a84929,1,2
db87c790-ab10-400a-b57a-fd6c26a4e616,8,1
5473eedb-246e-43d3-a75d-1ba18eea3e61,4,1
c277cf98-752a-404a-bc5b-d76c73e2b985,7,3
d8f10011-a28e-4a27-9147-486106ae7997,3,3
69b2dab0-c64b-48d4-b300-9c6f86d792c6,2,1
350e89e0-310e-418e-85b2-0c2bdc89d77f,6,4
6c4a7fa8-30a7-4792-9e74-84a100844d05,3,5
2527bed5-8eca-4f3c-abf0-2da346449e62,5,5
db350561-6652-470b-a1a8-393a9cbfcb31,3,3
69b2dab0-c64b-48d4-b300-9c6f86d792c6,3,1
70b65cc2-599a-43fd-8b9c-901af3f159d7,4,2
d94cf087-8e42-4a43-a82d-bfce1f88e3e0,7,1
e8499b67-6dee-4c6f-8e8b-a69de8b9b19a,3,3
fdbcea21-a8ab-4e07-ba64-48effa7caa14,8,1
def69d73-412a-471b-9611-a0bb14707e74,7,2
6259764a-64f8-49c0-a0e2-774d8b7c3291,3,2
f0459210-8d92-4c58-9c11-2ff974688c2a,7,3
ac0ba32b-72da-4fe7-b056-61c9702fe357,8,2
ea4e9e41-de3c-4b8f-8dfd-bfed47a8e7e8,2,5
3a2d65b5-5117-4c85-a85c-d64995f231cf,7,1
a8085580-7cec-4c18-8008-8243de438ed4,1,3
22e65ff5-55b1-46f0-911f-463a3d303382,7,1
c70b630a-43c0-46d2-bfa4-a50a21abf64d,5,2
6bb4497a-933a-4c9c-b18e-53067839345c,1,2
8dee702a-b8a0-4c3e-877e-661d29f2f956,4,5
78c6184e-c6d2-429d-80f3-9f0606c918f5,5,4
cc73f1c9-9c0e-46bb-a498-93ad5367d884,4,2
5f602ed3-afdf-4241-b859-d8ef2cd773e5,2,4
383bb5ab-8371-47e1-9948-29cd8b1f9ded,5,3
57923f56-03c5-4191-b421-3643cd4c440e,3,3
bee72ceb-fc83-46d6-8441-1c0be7a3256d,5,1
b6f9a779-412c-4f21-8073-13381bf31490,5,1
65998224-304c-487e-b74e-5b0fd491ac6a,1,2
9c24bc24-67d0-4e47-b72b-de15b63b090d,3,2
91a797b9-de46-46c2-a372-7a08c44783ec,8,4
3d61ab95-9a43-4f36-9810-1a1c4aa7017a,5,3
299e42fc-1a77-4ec1-955f-98cc52def2ad,7,1
4ac8fdca-2ea2-4194-954e-3c205d45129d,7,1
9a882d03-15f1-4eb7-91ed-ec020a43d1ed,6,1
0f1ab389-80a1-404f-ab9c-6e76c82f076f,7,1
6bb4497a-933a-4c9c-b18e-53067839345c,6,5
52e02583-ecb4-41c0-9179-e54102aa8e44,3,5
705511dc-7267-496e-869f-2fc3c619b3f0,2,2
1a21c26a-2a6e-466d-8fe1-dc55e742813e,2,4
3e7587be-d554-49ba-8ffd-9f58e720ea28,8,1
705511dc-7267-496e-869f-2fc3c619b3f0,4,3
f239dfa2-c1a9-456c-b1d1-53c35c9a2c45,3,5
6259764a-64f8-49c0-a0e2-774d8b7c3291,5,4
4a48cf89-33a1-414c-8252-8925f66661e9,6,4
c70b630a-43c0-46d2-bfa4-a50a21abf64d,1,3
31fe553c-7bbb-45bb-ba32-df3c9e7a77aa,4,4
ad6cbf32-dcb9-4ef5-9dec-8b8332e7fcb6,8,2
41930f58-ea40-4201-82f3-bd92392c1a20,7,5
53776362-0a67-43fc-89a2-f83745a4cd08,7,4
8209b506-0173-4121-94e0-781b70454be3,7,4
f4eedbc8-e689-4f74-8893-b15e9e4b2410,2,3
980ff33c-c03c-433c-a4b6-9cd92769bd06,3,4
bf01a388-949c-4f95-895d-7684b5cab6a5,7,1
1c743b7f-53bf-4637-a516-dd604295fa5f,7,5
d4a6071f-0620-47c4-8fbb-bfe26c700427,3,1
557c1227-c741-4207-8196-a608cfb8b1fb,7,1
dc56ef20-80af-4fa6-b59f-97c8ff779e77,1,2
f7825bda-3cab-474d-b209-0b04dbbaf0d5,4,2
17162a4f-13a1-46c3-8709-c44c5535c58f,2,2
62bff47b-56d4-4240-b2f7-0a3dc36ffa9a,2,4
215ec9d3-c849-42c1-ad5f-d000fe06743f,4,4
2527bed5-8eca-4f3c-abf0-2da346449e62,5,2
65c419df-399a-47c4-8a12-8bc2f5420303,8,1
d747b107-0eab-40bd-bac2-e55b7bf04e01,2,4
312ebb67-cdc9-49b1-a85c-2d72560a3a39,8,4
e8fdb110-0d24-4479-b1d1-628c4b8f14aa,7,1
0fe57a41-c44c-49c7-b68e-1350c5146b37,6,1
1638d862-b0ac-44dc-8daf-2bc9885f0f97,7,4
12f9fde1-756d-43e0-a54d-9225f26771c1,3,3
b1860147-5f7f-46eb-be58-4c2827bd9ca0,2,4
ac0ba32b-72da-4fe7-b056-61c9702fe357,2,1
95ba36eb-8cb5-4858-abf4-7c9ac3759875,4,3
b453dce4-20a3-473f-b9c9-d5e3b6a1c653,6,2
d8f10011-a28e-4a27-9147-486106ae7997,3,3
34b36a73-313f-45da-9cc5-c6437242f3f8,7,5
d43574fa-9028-48d0-9546-5fe19c3a8539,1,3
714f5c85-b730-46f1-b3d5-254dbd246df7,8,2
82b9dcc7-e8cb-47df-9f45-b603ffd974ea,2,5
6465f949-afc1-429d-bcf7-168b5d1fde9b,8,3
d3b1f2ed-979f-4e9b-81e7-38d57e71c53c,6,3
5a57fb79-5712-4c77-b4dd-4c080a1957f4,6,1
8b78d283-7b22-4943-875a-4fd887f0df4a,1,4
117b5761-bbc6-4a83-be07-5bc58718b81f,8,4
5473eedb-246e-43d3-a75d-1ba18eea3e61,6,2
f7862eb3-4a14-445a-8156-31fd184d7005,3,5
cd9fac8c-3481-4c9a-b49a-12daa08409d6,7,3
dbb54e81-87ae-4491-bdfd-9c0677dac794,3,3
354514d6-9063-46a1-a172-303e01f7da15,8,5
9cd85cae-b316-4fa8-bb41-852e1d83b67a,4,1
6bb4497a-933a-4c9c-b18e-53067839345c,2,3
cd2bd085-f73d-4dbb-a9a9-1a9b7cac5347,5,2
1b273b83-b990-4bcd-924b-a9dbdd6e673f,3,2
ae44378f-daf2-4abe-8d9b-3006ea82278e,6,1
f41284ef-2c13-4b6a-accd-d2b1abc7ebbe,2,4
012ffcf9-7c26-45ee-a185-81e6f2be6fa3,3,1
09792140-ae83-4355-ba2b-ca4f2d3ae1ff,4,5
ca07f546-0bc7-41e2-8ec6-8bbc304b45c2,1,4
6bf661e6-43ea-4569-9f32-67d35f76e335,7,5
3ecf9cdb-68a5-4905-9c39-03188adab3a0,3,4
d325de59-7de9-459c-bbdc-cf950833b4e7,6,1
7587c800-cae3-418b-8b44-4ef324aac515,3,3
17162a4f-13a1-46c3-8709-c44c5535c58f,2,4
0f4430e6-d4f4-4bae-977b-31aea7c38bb5,8,5
f7862eb3-4a14-445a-8156-31fd184d7005,4,2
8833b033-f522-4795-a22b-91ac9b3c0f2d,2,5
6465f949-afc1-429d-bcf7-168b5d1fde9b,5,4
d7d558b9-ac49-49af-86b1-9cd70420661b,2,4
bf01a388-949c-4f95-895d-7684b5cab6a5,8,2
6faca8b2-e2ee-4413-ae52-7ed488dc2453,6,1
4afdea9a-e65a-4d19-8f06-0bc7ed893664,1,5
e943af72-0777-4bdd-ac90-09b7c7518c2a,1,5
93067f1c-a402-4b8f-b01d-16b4aa347dcb,1,1
9c0d379e-7d6f-4de5-9008-2a9093565420,6,1
1a27a444-d299-4163-82f8-b3a90c110a64,4,1
6d256123-c9ec-4734-96e1-0d951f518425,4,4
4abbb01d-1a62-4a17-853a-33492647572f,4,2
31eb328f-0573-43ce-8829-1e934298127d,1,1
9485f9be-e445-44df-9e2a-a24afd08107a,2,1
6d301c97-f982-4711-bfa8-25b164247f2c,1,3
11ac13b8-96aa-4605-9fc6-cee20dad0c03,8,5
5bb02278-cde1-43b6-8a30-57a2435fb4fa,2,4
7522f1ce-b7cb-4cf8-90a6-aad523c41fae,1,3
3764a8c6-a041-41e1-bd77-596064304c4e,7,5
f2988164-159d-4ce7-a792-588348621796,5,1
7308b59a-3db9-4508-90d4-94152ecb5f38,8,4
671a20d2-46d3-4ded-80d2-fcc162cbb551,3,5
18b38754-50cd-4bfd-90e0-8f395f3eaa2e,7,5
d747b107-0eab-40bd-bac2-e55b7bf04e01,2,2
3197655f-d60f-4932-8dd2-479ea7cc301e,1,2
ae670d11-4d89-417c-8229-f8abbc705ede,2,3
12f9fde1-756d-43e0-a54d-9225f26771c1,3,3
78e687b2-f0a7-45cc-96bf-85ab965afae7,2,1
532a209a-cd29-445e-8db1-03ab3f7a492e,2,5
cff0ef0e-dbc8-48f4-887b-10f9195d2eb2,4,3
d94cf087-8e42-4a43-a82d-bfce1f88e3e0,6,5
fd5b81b6-ba8c-4f04-973a-a037a1faa17d,5,4
a54b516d-a7c8-43ab-bd86-7919ee65b9c1,3,5
11ac13b8-96aa-4605-9fc6-cee20dad0c03,7,1
824be8cc-93bc-494f-96a0-0aad9a062efe,2,3
d747b107-0eab-40bd-bac2-e55b7bf04e01,6,2
485730b6-3a8b-446e-b87c-13cd6a9b04b2,5,2
65d09708-6e4c-48c4-b356-34c9b27a6aed,2,1
91a797b9-de46-46c2-a372-7a08c44783ec,8,3
1473b1b4-7b53-43ef-83db-4ae9cfc01de9,5,1
5f602ed3-afdf-4241-b859-d8ef2cd773e5,4,4
21c8c06c-5ceb-44da-bfc4-a2f05784e414,1,3
f55ec886-bbfc-426b-a14f-49095ef75e6c,3,2
5bb02278-cde1-43b6-8a30-57a2435fb4fa,2,3
53776362-0a67-43fc-89a2-f83745a4cd08,3,3
8ccd139e-74ae-4a8f-a705-32614246111d,8,5
354514d6-9063-46a1-a172-303e01f7da15,6,2
f7862eb3-4a14-445a-8156-31fd184d7005,1,4
8b78d283-7b22-4943-875a-4fd887f0df4a,5,5
601b2474-ca9f-4ce4-a6f1-7bc47f043c14,2,2
d0dc011b-3642-46c1-b87c-b404287938a7,1,1
3a2d65b5-5117-4c85-a85c-d64995f231cf,6,1
7d0de6a5-106f-4c8e-b63a-01ae3cb1fa59,8,5
7474214c-2866-4120-8cdb-ace25ba9f342,4,3
3391c5cb-49aa-4054-a5d0-352342f0a431,6,5
af20d113-4e67-4224-9702-67ad9a3ed152,3,1
22e65ff5-55b1-46f0-911f-463a3d303382,2,3
d3b1f2ed-979f-4e9b-81e7-38d57e71c53c,4,1
81c448a0-c083-48d9-951a-a960c3824f43,6,2
701fe40b-7627-4bd2-bece-e4c45cdd4274,6,2
9962475a-3d51-42f8-aced-8d2a02fb2cc6,5,1
83e11eec-8548-498a-a8c4-25358499e304,8,3
91a797b9-de46-46c2-a372-7a08c44783ec,1,2
8b78d283-7b22-4943-875a-4fd887f0df4a,3,3
c5ca0a5d-6cf8-4728-9225-1d0ee8af00c6,3,3
89106a07-9022-4ba4-a2a7-0cc432c0c2fb,1,2
db87c790-ab10-400a-b57a-fd6c26a4e616,5,2
4da99649-86f2-444c-9490-a659ca659503,3,2
7c1161a6-c668-495a-88ef-b3c39710ebae,5,1
42796ce1-1e2f-4d79-9986-25d5d3f6d788,1,3
3dc23e04-0d73-4189-9e56-e35261b1e660,3,5
5f5fa9de-f4f0-4273-83ae-e1a43b68b1c9,3,4
0bb8ba07-2527-4e64-b6f1-251368ee790d,8,5
4ca70073-8c35-4320-a2ae-8b476f61dbd6,7,5
29c0e22e-8ed8-40c2-ab1b-f6352dc55293,7,2
136f0175-7c46-4b01-8d45-3fa96531b1ed,6,2
49559d45-a009-4bf0-b1f9-a6043f1db255,3,2
f2988164-159d-4ce7-a792-588348621796,8,2
96d0037e-d811-477a-88bb-0f9233bf24ac,6,4
00d6765b-5869-42ec-a2e0-2644cffb90bc,4,1
3764a8c6-a041-41e1-bd77-596064304c4e,8,4
8a410f60-9286-4653-8743-d5fd36a6bfd3,1,5
f1bd9dcc-a11a-4955-8332-d831cbeacf62,3,4
53776362-0a67-43fc-89a2-f83745a4cd08,4,5
a0336512-098d-416a-87c9-83a9670fc31d,5,5
da9e9186-6419-416c-93e9-4a6c306b27a1,5,4
8833b033-f522-4795-a22b-91ac9b3c0f2d,2,4
379b3e0e-f8df-4258-82e7-63c2556fd46e,6,3
74536f68-b61c-4e73-a55d-49c71386b15b,6,3
7c0c73e3-47c9-492c-8825-c2f20681a20d,8,3
ced9ed9b-a26d-47fa-ba67-b203e45a0df7,1,4
ac823fd9-b3e8-4009-9a4f-9628ec354c89,8,5
c5ce634f-4e2a-42ec-8e39-1abf26fc473f,5,4
70b65cc2-599a-43fd-8b9c-901af3f159d7,4,4
c277cf98-752a-404a-bc5b-d76c73e2b985,3,3
91580238-3a39-40ed-9478-d0919794b722,3,2
52e02583-ecb4-41c0-9179-e54102aa8e44,5,3
bdf86742-eafd-44dd-a653-b94c29b1cb24,8,1
f16dd342-11cc-4b68-ac4e-f2a5cb97865b,1,1
5bb02278-cde1-43b6-8a30-57a2435fb4fa,6,5
42ccf585-dd0c-46c3-a0ba-b2cb87d8db0d,6,5
c5293ffa-e6a8-422c-860e-f9f364a9684a,5,1
5e8def39-5e9b-421b-818e-324d458f4c2b,3,4
eb372dd0-4dee-4143-9ffa-f77b15e4cfda,4,5
4ca70073-8c35-4320-a2ae-8b476f61dbd6,4,3
dc56ef20-80af-4fa6-b59f-97c8ff779e77,1,2
9c24bc24-67d0-4e47-b72b-de15b63b090d,6,2
bed28d1c-9cc8-4791-9a10-fe7c76630f99,5,3
ca33e48c-a56f-466e-b4f2-9d28cc52374f,6,4
3a2f5b8a-04af-43a4-8691-f204582209a1,7,1
80b88138-8c69-4fd3-8764-78770f3864fb,5,1
d0dc011b-3642-46c1-b87c-b404287938a7,6,1
14f8d984-5ee0-409f-9a00-ad5f29dd0a90,3,2
a895f401-366a-4151-ac10-88ccdb324361,5,2
9fe5ad6a-a461-432a-906a-dc42cff3c376,8,5
46cdfda3-a14a-4078-b078-9a39869901b8,4,1
0f4430e6-d4f4-4bae-977b-31aea7c38bb5,5,4
42ccf585-dd0c-46c3-a0ba-b2cb87d8db0d,5,1
ca33e48c-a56f-466e-b4f2-9d28cc52374f,3,2
3a2f5b8a-04af-43a4-8691-f204582209a1,7,1
a1322965-3e8e-4ba1-b32b-3e66d8aaf1aa,6,1
85d555c5-4a49-4ad4-a5b8-70200b667ccd,1,2
4e442815-1b6b-4e25-915f-43fbb93ae9a7,4,2
b302fe5f-ba36-466e-b011-c2149aa6ca8b,4,1
ae851e1d-b980-46fc-9ac5-23ba947a1905,5,5
7359a754-4c16-4aa3-84be-e1a78ebd865e,2,5
76867724-1b40-4e2d-922a-832e6ba0bd87,6,2
c6f41d62-486b-4f91-abc3-8f8b4fefaa35,8,2
a8085580-7cec-4c18-8008-8243de438ed4,5,2
c40601dd-6c4a-4be8-9ef8-4bd26578b19e,8,2
d60ebd81-d533-4019-ba44-2fa47b710e5f,8,5
ca33e48c-a56f-466e-b4f2-9d28cc52374f,4,2
5d1a7669-f1e6-494b-a6aa-b3e534726a38,1,2
bb17cd64-20bb-4ebb-855c-bf9089a134f1,5,4
fcbc2a3d-1794-4393-ad8f-bfd5c0aafa84,2,3
93067f1c-a402-4b8f-b01d-16b4aa347dcb,3,1
80f7dc64-fa96-436c-85de-1836a84476e1,1,3
49559d45-a009-4bf0-b1f9-a6043f1db255,5,5
e9053313-ce82-41b4-92fc-82fb6c5a7173,2,5
77579e0b-bcb5-4744-b497-66126c0583b0,1,4
12f9fde1-756d-43e0-a54d-9225f26771c1,1,3
93067f1c-a402-4b8f-b01d-16b4aa347dcb,3,4
42796ce1-1e2f-4d79-9986-25d5d3f6d788,1,3
49559d45-a009-4bf0-b1f9-a6043f1db255,8,2
6557201d-2ab0-42e9-9aa7-fbae2644128e,5,5
12eeb7f3-961a-4896-a476-6016f69fadf3,1,4
76bd6e26-a3ef-4c3d-ad34-ba063bf2723b,3,1
7f755b48-f7cd-4218-82f9-bf24b526731a,6,5
d094d9ed-1ad2-42bd-bba5-c6705d2bcd36,4,1
dd26665e-ebb9-4f36-92e2-52ef650c15a7,1,2
232564f9-76cd-4fb4-9ea3-4b81bfbfe935,2,4
bdf86742-eafd-44dd-a653-b94c29b1cb24,1,2
77579e0b-bcb5-4744-b497-66126c0583b0,7,1
85d555c5-4a49-4ad4-a5b8-70200b667ccd,1,1
965fa1ff-7479-4e71-a63f-bc0ac2f6f9fb,4,2
5551ab32-ccfa-4862-b070-53da13cdf25b,3,1
f7825bda-3cab-474d-b209-0b04dbbaf0d5,2,4
beacdeb4-6610-4685-bc5b-f2e0896fdfbf,2,4
0f1ab389-80a1-404f-ab9c-6e76c82f076f,6,4
24ad2d03-ee28-49ef-a9f6-cd57510b71a4,2,3
91a797b9-de46-46c2-a372-7a08c44783ec,3,3
c61c644b-a433-4e68-9975-5b23e4fcfdf0,5,1
b1fb2a8d-c215-4b0e-a4a9-64690c65d41e,8,2
1e65e76b-cd6e-47d3-a077-b252234056f5,3,4
cd2bd085-f73d-4dbb-a9a9-1a9b7cac5347,5,5
927abb95-6e03-48f6-a04e-67a3553966fc,5,3
14307f80-2ff0-4ccf-9ac8-73768a43edb2,6,3
1a2dbdbc-24c6-4111-a5fe-c32216f87b7f,7,4
6d46c77f-ea1c-4386-a16a-e3819b8ab25d,7,4
6d46c77f-ea1c-4386-a16a-e3819b8ab25d,6,3
93067f1c-a402-4b8f-b01d-16b4aa347dcb,4,4
40ea3e95-cafb-43d1-8bea-69b06d8695f1,5,2
965fa1ff-7479-4e71-a63f-bc0ac2f6f9fb,2,1
9e8f5f29-0d56-4531-a529-dbc1705ac8ee,5,2
e3635e2e-74b1-43b7-a140-cb3568981830,7,5
6a9e05e0-6ecb-44f6-9fbd-875485ae17f1,8,5
2d455edc-9024-46e2-83bc-a164b26cae93,3,5
3ecf9cdb-68a5-4905-9c39-03188adab3a0,2,3
0df067ef-28bc-4ea4-b9bc-fc37b30db486,8,2
62bff47b-56d4-4240-b2f7-0a3dc36ffa9a,2,1
a68f478c-71c1-4c88-8f22-fc6cb7e60328,5,4
95ba36eb-8cb5-4858-abf4-7c9ac3759875,4,4
76bd6e26-a3ef-4c3d-ad34-ba063bf2723b,5,1
e8fdb110-0d24-4479-b1d1-628c4b8f14aa,2,3
cd826b56-a233-4da4-99e0-1d3c133d9f1e,8,4
ea4e9e41-de3c-4b8f-8dfd-bfed47a8e7e8,2,5
be20dc27-c656-413f-b783-7bd3cc3b6337,5,2
f239dfa2-c1a9-456c-b1d1-53c35c9a2c45,8,2
927abb95-6e03-48f6-a04e-67a3553966fc,3,1
215ec9d3-c849-42c1-ad5f-d000fe06743f,1,2
d094d9ed-1ad2-42bd-bba5-c6705d2bcd36,2,2
0e421a50-2a09-47a6-a911-dd9fb4262d05,2,1
a0336512-098d-416a-87c9-83a9670fc31d,1,1
9cd85cae-b316-4fa8-bb41-852e1d83b67a,2,5
80b88138-8c69-4fd3-8764-78770f3864fb,1,1
75554ce3-d309-4a2e-a7ce-6dac2a03b401,3,3
3dc23e04-0d73-4189-9e56-e35261b1e660,2,3
cff0ef0e-dbc8-48f4-887b-10f9195d2eb2,8,3
2775e2d5-a0ee-4567-b1c6-6814619c192b,7,3
dea3bf90-be95-4060-9d61-6d341a678869,4,1
2ebffa85-e921-47be-9c44-7778e90d630c,6,5
d68fc38e-52ff-46f5-9ba0-caa2f344443f,8,4
6eec5a96-ae73-425e-befa-191e4d5cbe1b,6,1
be20dc27-c656-413f-b783-7bd3cc3b6337,6,5
d38efe4c-6376-4c49-abd7-05615e596927,8,2
ec186ff0-a5f8-41c1-8175-161e1a42cbac,6,5
e8499b67-6dee-4c6f-8e8b-a69de8b9b19a,1,5
9cd85cae-b316-4fa8-bb41-852e1d83b67a,1,4
f02fcaf3-1bfb-4760-898b-455a6a659c46,6,1
701fe40b-7627-4bd2-bece-e4c45cdd4274,3,2
6e8c7926-b6c7-4410-b136-99d4a12631e7,6,1
ff9379c7-1d2c-46f1-ad6c-bb168d91962b,1,4
5549dfd6-f45c-4fec-8889-035b4875a1f8,5,5
92bf8fd9-dba9-41aa-88c8-f83088a1cba3,1,5
5473eedb-246e-43d3-a75d-1ba18eea3e61,7,1
f2445d90-9380-4a63-8caa-52b30a781b3f,5,5
7359a754-4c16-4aa3-84be-e1a78ebd865e,4,5
fdbcea21-a8ab-4e07-ba64-48effa7caa14,5,5
e73fc1a3-bcfd-4ccb-a3b5-47a2b3f5130d,6,2
778e96ad-82f2-4912-920f-e8c87645a06d,2,1
3a2d65b5-5117-4c85-a85c-d64995f231cf,1,5
5f5fa9de-f4f0-4273-83ae-e1a43b68b1c9,7,2
14ec90b4-1b2a-4307-bcba-4ea815154074,1,4
ced9ed9b-a26d-47fa-ba67-b203e45a0df7,3,4
41930f58-ea40-4201-82f3-bd92392c1a20,3,5
f16dd342-11cc-4b68-ac4e-f2a5cb97865b,4,3
53776362-0a67-43fc-89a2-f83745a4cd08,2,1
e61ac59c-8a9e-48c8-8285-304015e8d500,2,1
65c419df-399a-47c4-8a12-8bc2f5420303,7,5
96d0037e-d811-477a-88bb-0f9233bf24ac,8,5
f9393214-b695-4d56-a7ef-79301cbf5ce8,2,4
8833b033-f522-4795-a22b-91ac9b3c0f2d,4,3
0d6740a5-fd82-4f54-a30c-f740f06ab2f0,6,1
9e578d52-76e4-4099-a491-3fd455fcbbad,5,4
b170b3f5-9f02-4a57-8546-a6d4579f07f1,2,3
91580238-3a39-40ed-9478-d0919794b722,2,2
b5e6efc8-5e4b-46df-81ff-dff224e8dfbe,7,1
db350561-6652-470b-a1a8-393a9cbfcb31,5,2
ab041485-03cb-4dbe-9583-c70a66accc18,7,2
dee22f31-1f0a-44e0-98eb-f77b71522655,2,2
72998a78-4490-4f98-b7c7-9cc66b0e2a9d,4,1
d88bd785-df55-4d02-95ff-cc79ee4448d4,7,3
98db80a9-a6f8-47eb-8dd7-33af642cf63c,1,1
79131885-70ce-44ea-93e4-5b1abee3a03f,3,3
f2d007a4-a98f-404e-94f6-13d2d8daf146,8,5
d68fc38e-52ff-46f5-9ba0-caa2f344443f,1,5
292b2d0b-9c05-4de8-8156-8c3136a721c2,7,1
0b7eda3b-3995-47d3-9ef6-44abde7b6c8b,3,5
d88bd785-df55-4d02-95ff-cc79ee4448d4,4,5
813c09ec-98ce-4f5c-807a-b2d21d9a60c8,1,1
9146bcbf-06f9-49ba-ad37-adb7d4da1bd8,7,4
c17dfd17-d741-49c8-8353-5915117b8598,2,5
5f5fa9de-f4f0-4273-83ae-e1a43b68b1c9,2,1
d94cf087-8e42-4a43-a82d-bfce1f88e3e0,5,1
837480f4-6342-4695-b5f6-15dd6a7ba30b,2,4
4d76e7f2-a7c7-48c3-89f4-cd1e6b5549fc,5,1
a895f401-366a-4151-ac10-88ccdb324361,3,4
eb3edd84-748e-4a7d-ab44-2c64b24fa817,4,5
14307f80-2ff0-4ccf-9ac8-73768a43edb2,3,2
b8a0b331-7936-4e41-8c2a-b31a19e3185b,5,4
843880d8-5f49-4415-831a-c2480d5626bb,4,2
78b70da9-504a-496b-9589-b094670a7fa6,7,5
136aacbe-3dfe-470d-b73c-88241d4c1a2b,1,2
f41284ef-2c13-4b6a-accd-d2b1abc7ebbe,4,5
f380e561-a1c6-4115-aaed-39a38567a4ef,3,5
5435b9ee-9b23-4527-adb9-b985e3e50973,6,4
bc580663-7742-44b6-a4ad-aebae505ce45,7,4
6cb03bd9-fce6-4a25-8303-e017364052ae,5,5
cf9e412c-39d0-4516-abdd-11b9b93aa043,2,3
4ac8fdca-2ea2-4194-954e-3c205d45129d,7,2
98db80a9-a6f8-47eb-8dd7-33af642cf63c,7,4
accbb2e3-6ff5-4b57-b916-db30e0a886ce,5,1
16bacc1e-6a6d-454f-837f-d4f0525989f7,1,4
11ac13b8-96aa-4605-9fc6-cee20dad0c03,3,4
60821f6f-6701-4c01-8938-6951cc125fa5,4,3
bc580663-7742-44b6-a4ad-aebae505ce45,3,1
8b78d283-7b22-4943-875a-4fd887f0df4a,8,4
4e442815-1b6b-4e25-915f-43fbb93ae9a7,4,1
9e8f5f29-0d56-4531-a529-dbc1705ac8ee,8,5
671a20d2-46d3-4ded-80d2-fcc162cbb551,6,5
0985c89f-ae92-4660-adc2-f06b907bc993,7,4
1c6c1e31-98d6-4cda-8551-4a27738c8cf9,6,3
1a2dbdbc-24c6-4111-a5fe-c32216f87b7f,6,4
503dbaac-b4ab-41a0-9aa4-8eb743898d44,3,4
7eccb3c5-c3c1-4b35-8d07-10663df019d8,4,4
09792140-ae83-4355-ba2b-ca4f2d3ae1ff,1,2
59274e34-58e0-48ba-8d40-2bc36c2d42cd,8,5
0d0f869c-e883-4eba-abd7-19e2f32c5df2,6,4
181fe116-d9f0-41c8-aaf0-aeaa277c3342,4,2
7bb18f93-b96a-4414-a41f-ecc33a617b4d,5,5
509106f8-1de5-45a7-ae45-66d7b460fd63,2,4
485730b6-3a8b-446e-b87c-13cd6a9b04b2,8,4
3dc23e04-0d73-4189-9e56-e35261b1e660,2,2
52e02583-ecb4-41c0-9179-e54102aa8e44,5,3
e9053313-ce82-41b4-92fc-82fb6c5a7173,2,5
79131885-70ce-44ea-93e4-5b1abee3a03f,4,2
38388e9a-67b8-482a-9412-b472a4121bbf,8,3
7f755b48-f7cd-4218-82f9-bf24b526731a,4,2
1b273b83-b990-4bcd-924b-a9dbdd6e673f,6,2
ca07f546-0bc7-41e2-8ec6-8bbc304b45c2,2,2
b8a0b331-7936-4e41-8c2a-b31a19e3185b,2,5
6c4a7fa8-30a7-4792-9e74-84a100844d05,4,2
d8f10011-a28e-4a27-9147-486106ae7997,7,3
87d20729-ed36-4a48-98b2-e0df579c7485,5,4
2edef0fe-4457-4453-b8dd-297f9fc2b8b1,7,2
3a2f5b8a-04af-43a4-8691-f204582209a1,5,2
af20d113-4e67-4224-9702-67ad9a3ed152,5,2
26b9b6c9-8b69-4d1a-8597-56d5b5fdb4f5,4,1
368acaea-52cb-482e-a6d4-86348d61081c,8,4
046f0254-4f60-4b61-9792-11c68b85c780,1,2
f7deea27-815c-4e4f-9bfd-c2648fd9f482,5,2
4be03c30-12e2-4603-b040-53aed32f1212,3,2
3e7587be-d554-49ba-8ffd-9f58e720ea28,8,3
db350561-6652-470b-a1a8-393a9cbfcb31,8,5
bdf86742-eafd-44dd-a653-b94c29b1cb24,5,5
82b9dcc7-e8cb-47df-9f45-b603ffd974ea,3,2
cff0ef0e-dbc8-48f4-887b-10f9195d2eb2,1,2
12b9f4e3-2d49-43b1-8d53-06c31205e26c,1,3
65d09708-6e4c-48c4-b356-34c9b27a6aed,7,4
17162a4f-13a1-46c3-8709-c44c5535c58f,8,5
4da99649-86f2-444c-9490-a659ca659503,6,1
77579e0b-bcb5-4744-b497-66126c0583b0,1,3
5809fd72-7c2f-46e9-8557-079802c7fe37,2,3
3315aaad-4075-4843-ae7a-fb90546368e3,6,2
ec186ff0-a5f8-41c1-8175-161e1a42cbac,4,1
c61c644b-a433-4e68-9975-5b23e4fcfdf0,5,3
6465f949-afc1-429d-bcf7-168b5d1fde9b,2,5
16bacc1e-6a6d-454f-837f-d4f0525989f7,4,5
60821f6f-6701-4c01-8938-6951cc125fa5,4,1
aaae7f6e-0039-44b5-8fe6-12c32b114cdc,1,4
70f0bc7d-2e5b-4060-8fd4-a863704e5c6b,5,5
6f1c374d-0169-4297-8035-9059042453af,3,3
5e5fa0ef-e149-41c5-8d7b-efff307c183a,7,5
e73fc1a3-bcfd-4ccb-a3b5-47a2b3f5130d,6,5
57923f56-03c5-4191-b421-3643cd4c440e,2,3
6bf661e6-43ea-4569-9f32-67d35f76e335,2,5
6cb03bd9-fce6-4a25-8303-e017364052ae,3,5
3dc23e04-0d73-4189-9e56-e35261b1e660,8,3
1a2dbdbc-24c6-4111-a5fe-c32216f87b7f,5,5
778e96ad-82f2-4912-920f-e8c87645a06d,6,4
f380e561-a1c6-4115-aaed-39a38567a4ef,3,3
0667d4dd-23c3-411b-a1de-66bb7b4ca584,2,2
53776362-0a67-43fc-89a2-f83745a4cd08,5,3
df4bd2c3-8ec2-494f-b432-d23f1acef02f,1,3
c04b7278-0ad9-40b1-94f0-4087be369233,2,1
c2b03ddc-c734-485f-b1a2-b7faa7f54f24,4,3
1c743b7f-53bf-4637-a516-dd604295fa5f,5,4
5549dfd6-f45c-4fec-8889-035b4875a1f8,7,1
60821f6f-6701-4c01-8938-6951cc125fa5,6,3
11841497-93e6-4f64-acb7-16dd51054794,6,1
24b6a707-6458-45a9-8b6b-c98ab45604ad,6,1
ad463107-e7cc-4306-b0df-16a750a38180,2,4
82fbfb43-a3d9-478e-9d4a-7495245de388,4,1
91580238-3a39-40ed-9478-d0919794b722,1,1
53776362-0a67-43fc-89a2-f83745a4cd08,4,5
2775e2d5-a0ee-4567-b1c6-6814619c192b,2,1
53776362-0a67-43fc-89a2-f83745a4cd08,2,3
2edef0fe-4457-4453-b8dd-297f9fc2b8b1,6,1
cd826b56-a233-4da4-99e0-1d3c133d9f1e,3,2
da9e9186-6419-416c-93e9-4a6c306b27a1,7,4
2edef0fe-4457-4453-b8dd-297f9fc2b8b1,5,5
1a2dbdbc-24c6-4111-a5fe-c32216f87b7f,1,4
31fe553c-7bbb-45bb-ba32-df3c9e7a77aa,6,5
1e5d1a8d-3c94-490d-b042-0038e32e5a48,3,2
0a69011e-236d-4e37-ba47-c854557ea6f3,5,3
0a69011e-236d-4e37-ba47-c854557ea6f3,3,2
59e0a091-7dfe-4736-8278-137754372aee,2,5
2ad072a6-cb05-4d16-b7e0-a8f29e38438c,2,4
527921c0-94cb-41a4-acd3-7d6c2eb62edc,7,1
6c4a7fa8-30a7-4792-9e74-84a100844d05,1,1
ae851e1d-b980-46fc-9ac5-23ba947a1905,7,3
2d3c56e6-8ddd-41f2-9d22-f19e1b49df7e,4,5
91a797b9-de46-46c2-a372-7a08c44783ec,5,1
3e7587be-d554-49ba-8ffd-9f58e720ea28,4,5
14ec90b4-1b2a-4307-bcba-4ea815154074,5,1
9a882d03-15f1-4eb7-91ed-ec020a43d1ed,2,3
24b6a707-6458-45a9-8b6b-c98ab45604ad,3,4
bdf86742-eafd-44dd-a653-b94c29b1cb24,4,4
cae8ae2c-342d-4bff-99e0-fea638324977,7,4
7c1161a6-c668-495a-88ef-b3c39710ebae,8,3
65c419df-399a-47c4-8a12-8bc2f5420303,3,1
5e8def39-5e9b-421b-818e-324d458f4c2b,1,1
0d6740a5-fd82-4f54-a30c-f740f06ab2f0,6,4
2ad072a6-cb05-4d16-b7e0-a8f29e38438c,7,4
1a27a444-d299-4163-82f8-b3a90c110a64,2,2
748cdeed-45b9-4669-a604-7422b624bfc9,6,1
fcbc2a3d-1794-4393-ad8f-bfd5c0aafa84,2,5
24ad2d03-ee28-49ef-a9f6-cd57510b71a4,1,2
5857ba10-4e37-4927-b96f-c528c633e92d,4,5
0e421a50-2a09-47a6-a911-dd9fb4262d05,8,2
7eccb3c5-c3c1-4b35-8d07-10663df019d8,8,1
5551ab32-ccfa-4862-b070-53da13cdf25b,1,1
ad463107-e7cc-4306-b0df-16a750a38180,3,2
de4f38de-d825-44e2-9df9-0cb4e0aed32d,5,5
f133352a-c208-4184-893c-d94f77832364,1,2
17b2d46c-c771-4c42-b640-a9b1ad038cbe,8,1
42796ce1-1e2f-4d79-9986-25d5d3f6d788,7,1
40ea3e95-cafb-43d1-8bea-69b06d8695f1,7,3
521f14ee-6431-4f22-bafb-44f4f885608a,3,2
b1860147-5f7f-46eb-be58-4c2827bd9ca0,7,3
bb17cd64-20bb-4ebb-855c-bf9089a134f1,8,1
2b35f9d4-1a47-4470-9607-f8ea3fe745c4,7,2
0fe57a41-c44c-49c7-b68e-1350c5146b37,5,4
ebfe58ea-96bb-402f-9bd1-dbde57b33831,3,5
950bc6a2-27f9-4f2f-a70b-db6b47dc7a9e,8,3
6bf661e6-43ea-4569-9f32-67d35f76e335,6,2
70f0bc7d-2e5b-4060-8fd4-a863704e5c6b,7,2
abdc8784-8530-4cc3-ad9f-474199cb6d0c,3,5
5f602ed3-afdf-4241-b859-d8ef2cd773e5,6,5
950bc6a2-27f9-4f2f-a70b-db6b47dc7a9e,3,3
3d8b2d1a-2611-4685-8387-e25afcb630d1,5,4
d147a098-bfde-40d4-9488-5ae9911875dd,7,2
ab9aed36-7a98-4bb5-a903-35273d4e1604,5,5
ad5aacb1-1258-4141-a048-222168d86665,5,1
1b273b83-b990-4bcd-924b-a9dbdd6e673f,3,3
def69d73-412a-471b-9611-a0bb14707e74,3,5
1ec5720d-3cd2-4331-8459-74466690eced,3,5
3e2b2735-afed-49d9-98b4-631ca5b5a42f,2,2
d147a098-bfde-40d4-9488-5ae9911875dd,8,1
9e32b74e-c3a9-4110-a453-f928e066d69a,6,5
85d555c5-4a49-4ad4-a5b8-70200b667ccd,3,4
7359a754-4c16-4aa3-84be-e1a78ebd865e,4,5
b5621382-d382-45c4-a79e-66a8f3c25e69,8,5
0f574dad-e6d8-4be9-bff0-15f02842f7f2,4,4
1e5d1a8d-3c94-490d-b042-0038e32e5a48,3,2
d8f10011-a28e-4a27-9147-486106ae7997,8,2
d438e5d0-6275-4aa7-80d9-951dcd626eaa,5,3
c2b03ddc-c734-485f-b1a2-b7faa7f54f24,5,4
dd26665e-ebb9-4f36-92e2-52ef650c15a7,7,4
c2b03ddc-c734-485f-b1a2-b7faa7f54f24,2,5
7587c800-cae3-418b-8b44-4ef324aac515,1,2
72998a78-4490-4f98-b7c7-9cc66b0e2a9d,7,3
2d609413-6e29-4d46-81b7-39936fd9e380,3,5
3764a8c6-a041-41e1-bd77-596064304c4e,3,1
c61c644b-a433-4e68-9975-5b23e4fcfdf0,6,5
d147a098-bfde-40d4-9488-5ae9911875dd,7,3
eb372dd0-4dee-4143-9ffa-f77b15e4cfda,4,1
86ce6dbe-84ed-4d7a-8242-ec133a16f6aa,4,4
379b3e0e-f8df-4258-82e7-63c2556fd46e,7,4
7f047424-3edd-4556-9e0f-e2732fe837a7,1,2
7d0de6a5-106f-4c8e-b63a-01ae3cb1fa59,7,2
2ebffa85-e921-47be-9c44-7778e90d630c,8,5
3b638ed2-70e5-4813-802d-8460fa5e8c78,5,5
87f6ea6e-0f19-4306-87ac-6465f6707dc1,6,2
f9ea8cbf-8eec-4726-92ec-4177681e4ac0,3,2
bee72ceb-fc83-46d6-8441-1c0be7a3256d,1,2
98db80a9-a6f8-47eb-8dd7-33af642cf63c,8,5
9c0d379e-7d6f-4de5-9008-2a9093565420,6,5
49559d45-a009-4bf0-b1f9-a6043f1db255,4,1
5a57fb79-5712-4c77-b4dd-4c080a1957f4,1,5
181fe116-d9f0-41c8-aaf0-aeaa277c3342,5,1
79131885-70ce-44ea-93e4-5b1abee3a03f,8,2
2527bed5-8eca-4f3c-abf0-2da346449e62,6,2
cc73f1c9-9c0e-46bb-a498-93ad5367d884,7,1
b1860147-5f7f-46eb-be58-4c2827bd9ca0,1,1
3b2af6d5-54be-4298-ab03-c57bbb5c2746,8,2
bb059108-d9f7-4568-993f-4c83d41277cf,5,1
ddde3b2d-5494-4404-b2da-552b11adeab3,8,1
383bb5ab-8371-47e1-9948-29cd8b1f9ded,4,2
927abb95-6e03-48f6-a04e-67a3553966fc,3,2
eb372dd0-4dee-4143-9ffa-f77b15e4cfda,8,2
db350561-6652-470b-a1a8-393a9cbfcb31,5,3
012ffcf9-7c26-45ee-a185-81e6f2be6fa3,3,1
4d76e7f2-a7c7-48c3-89f4-cd1e6b5549fc,4,1
ff9379c7-1d2c-46f1-ad6c-bb168d91962b,5,3
df4bd2c3-8ec2-494f-b432-d23f1acef02f,6,5
53776362-0a67-43fc-89a2-f83745a4cd08,5,4
d0dc011b-3642-46c1-b87c-b404287938a7,5,1
f2988164-159d-4ce7-a792-588348621796,4,5
3e7587be-d554-49ba-8ffd-9f58e720ea28,6,5
76867724-1b40-4e2d-922a-832e6ba0bd87,2,3
312ebb67-cdc9-49b1-a85c-2d72560a3a39,6,3
f2445d90-9380-4a63-8caa-52b30a781b3f,8,2
f41284ef-2c13-4b6a-accd-d2b1abc7ebbe,8,2
6d46c77f-ea1c-4386-a16a-e3819b8ab25d,4,2
136f0175-7c46-4b01-8d45-3fa96531b1ed,5,3
cd2bd085-f73d-4dbb-a9a9-1a9b7cac5347,7,3
befbeab7-c2c9-45c4-9da4-174971e7c42c,4,4
26b9b6c9-8b69-4d1a-8597-56d5b5fdb4f5,8,1
bed28d1c-9cc8-4791-9a10-fe7c76630f99,5,2
822ea109-c81c-4f4c-875f-f08fbb085999,4,2
24b6a707-6458-45a9-8b6b-c98ab45604ad,2,1
e8499b67-6dee-4c6f-8e8b-a69de8b9b19a,7,5
ebfe58ea-96bb-402f-9bd1-dbde57b33831,4,1
5473eedb-246e-43d3-a75d-1ba18eea3e61,7,5
33951a63-098a-43ad-80ef-d669c6ff57ad,7,3
7c7ab1cb-3256-4a61-8831-92521e8cf64e,2,3
a0336512-098d-416a-87c9-83a9670fc31d,7,2
5bc98ff3-c916-413f-9feb-1ed2f25340ee,1,5
227fc989-90e4-439f-887a-ebff68e3abcd,5,4
42796ce1-1e2f-4d79-9986-25d5d3f6d788,8,3
3ae2e443-728b-4705-86c9-71f2a1ea79ef,1,2
5551ab32-ccfa-4862-b070-53da13cdf25b,6,2
f2de8650-c29e-429d-9fb1-526ef634b9e2,3,5
17b2d46c-c771-4c42-b640-a9b1ad038cbe,8,1
c2b03ddc-c734-485f-b1a2-b7faa7f54f24,8,4
eb3edd84-748e-4a7d-ab44-2c64b24fa817,6,3
3a2f5b8a-04af-43a4-8691-f204582209a1,4,2
181fe116-d9f0-41c8-aaf0-aeaa277c3342,2,4
778e96ad-82f2-4912-920f-e8c87645a06d,3,4
e5332626-0afe-4b39-bcbc-d5c53d4a3b7c,2,3
49b4454f-4780-49af-b201-e3e96c19610a,8,4
1e5d1a8d-3c94-490d-b042-0038e32e5a48,5,1
de9ed400-731d-42e9-a5a9-fc65f1d61eb4,5,1
6d256123-c9ec-4734-96e1-0d951f518425,7,2
db350561-6652-470b-a1a8-393a9cbfcb31,2,3
75630d5c-9fe9-46bc-95cf-6733795df118,1,1
49def278-c966-4fcb-b752-78cc37f4efc4,4,5
21c384ce-ceac-448a-9a7f-5eac87ad7ef3,4,5
bb6876ea-0de4-4440-9c1f-e7a3a64d2379,2,4
292b2d0b-9c05-4de8-8156-8c3136a721c2,2,1
4da99649-86f2-444c-9490-a659ca659503,4,4
bb6876ea-0de4-4440-9c1f-e7a3a64d2379,5,2
17b2d46c-c771-4c42-b640-a9b1ad038cbe,2,5
a9a44362-f695-4504-8f8d-df3bff52245c,6,3
9c0d379e-7d6f-4de5-9008-2a9093565420,4,5
41f20853-2cbd-4019-be35-1845ac4ccd7a,6,3
9c24bc24-67d0-4e47-b72b-de15b63b090d,8,2
0b0f4258-695a-4a3b-9b40-b0a8fd166995,5,5
e9053313-ce82-41b4-92fc-82fb6c5a7173,2,1
ebfe58ea-96bb-402f-9bd1-dbde57b33831,4,2
70f0bc7d-2e5b-4060-8fd4-a863704e5c6b,6,3
fec1f1f2-a145-40a3-b070-65f3a9b68c38,1,4
d325de59-7de9-459c-bbdc-cf950833b4e7,4,2
80f7dc64-fa96-436c-85de-1836a84476e1,2,3
4da99649-86f2-444c-9490-a659ca659503,7,4
5e8def39-5e9b-421b-818e-324d458f4c2b,5,1
7bb18f93-b96a-4414-a41f-ecc33a617b4d,8,5
59e0a091-7dfe-4736-8278-137754372aee,5,4
2b35f9d4-1a47-4470-9607-f8ea3fe745c4,2,4
2ebffa85-e921-47be-9c44-7778e90d630c,6,1
12f9fde1-756d-43e0-a54d-9225f26771c1,7,4
3764a8c6-a041-41e1-bd77-596064304c4e,3,2
95ba36eb-8cb5-4858-abf4-7c9ac3759875,4,4
24b6a707-6458-45a9-8b6b-c98ab45604ad,8,3
bf0156f5-d81d-40e8-a4da-4bb803fc4fbc,6,4
91580238-3a39-40ed-9478-d0919794b722,2,4
a9a44362-f695-4504-8f8d-df3bff52245c,2,1
cd826b56-a233-4da4-99e0-1d3c133d9f1e,5,2
232564f9-76cd-4fb4-9ea3-4b81bfbfe935,7,1
24ad2d03-ee28-49ef-a9f6-cd57510b71a4,8,3
96d0037e-d811-477a-88bb-0f9233bf24ac,5,3
31eb328f-0573-43ce-8829-1e934298127d,3,1
33951a63-098a-43ad-80ef-d669c6ff57ad,7,4
89a8b3cb-7ecc-4359-9fb4-bd2609047826,1,2
1c6c1e31-98d6-4cda-8551-4a27738c8cf9,6,4
fd5b81b6-ba8c-4f04-973a-a037a1faa17d,4,4
20a79730-685f-4bc0-b157-97a6159a3e4a,7,4
76867724-1b40-4e2d-922a-832e6ba0bd87,6,5
cd2bd085-f73d-4dbb-a9a9-1a9b7cac5347,1,5
f2d007a4-a98f-404e-94f6-13d2d8daf146,4,1
7fe871eb-46c0-457b-a93f-a859b475713c,1,3
120d5bd7-607f-4720-be3d-2c3e38f16f7e,8,1
131e9dbb-b3c7-44da-b0d3-c69509feac95,1,4
350e89e0-310e-418e-85b2-0c2bdc89d77f,8,1
fec1f1f2-a145-40a3-b070-65f3a9b68c38,6,3
ca33e48c-a56f-466e-b4f2-9d28cc52374f,2,5
6a9e05e0-6ecb-44f6-9fbd-875485ae17f1,5,5
16bacc1e-6a6d-454f-837f-d4f0525989f7,1,3
d673694d-ff6f-4841-8cf0-a7f75ff6d4e2,6,3
272d3a6c-036d-4e0f-adac-1919e364a780,6,4
78c6184e-c6d2-429d-80f3-9f0606c918f5,8,3
49def278-c966-4fcb-b752-78cc37f4efc4,7,2
3315aaad-4075-4843-ae7a-fb90546368e3,4,3
919a0c51-12cf-4014-a85f-60f98c5052d7,2,5
485730b6-3a8b-446e-b87c-13cd6a9b04b2,1,3
72998a78-4490-4f98-b7c7-9cc66b0e2a9d,3,1
70b65cc2-599a-43fd-8b9c-901af3f159d7,1,2
fcf6ac87-aec0-4216-9c4d-f44c4bd1f385,4,2
c61c644b-a433-4e68-9975-5b23e4fcfdf0,3,2
fe2956cc-0861-4fb8-b1b3-039c6551626d,4,4
17162a4f-13a1-46c3-8709-c44c5535c58f,8,5
ddde3b2d-5494-4404-b2da-552b11adeab3,8,5
522b2720-02d3-4491-b7b2-7ca20c2e98e5,3,5
89a8b3cb-7ecc-4359-9fb4-bd2609047826,5,3
00d6765b-5869-42ec-a2e0-2644cffb90bc,6,2
5a57fb79-5712-4c77-b4dd-4c080a1957f4,2,1
df4bd2c3-8ec2-494f-b432-d23f1acef02f,8,1
312ebb67-cdc9-49b1-a85c-2d72560a3a39,8,4
3e772814-0c6b-4d76-87e3-62039b93fe09,2,2
bf0156f5-d81d-40e8-a4da-4bb803fc4fbc,4,3
4a48cf89-33a1-414c-8252-8925f66661e9,7,2
e1038f88-632f-4d94-84c5-074136857488,2,3
f507112d-c095-4469-b7fb-bc5316f4d88c,5,3
72998a78-4490-4f98-b7c7-9cc66b0e2a9d,1,1
98db80a9-a6f8-47eb-8dd7-33af642cf63c,5,3
4da99649-86f2-444c-9490-a659ca659503,8,5
49559d45-a009-4bf0-b1f9-a6043f1db255,4,3
5d1a7669-f1e6-494b-a6aa-b3e534726a38,8,1
3e2b2735-afed-49d9-98b4-631ca5b5a42f,1,4
4ebd0de8-7f9c-4b5a-aabc-8c5896ba6d8d,3,3
21c384ce-ceac-448a-9a7f-5eac87ad7ef3,8,3
3e7587be-d554-49ba-8ffd-9f58e720ea28,7,4
4ca70073-8c35-4320-a2ae-8b476f61dbd6,3,2
30b0c8fb-dc7f-4cb5-93ca-7eb2e8825595,4,2
ed5902a3-3486-4b91-82ce-be5890fe8ce6,5,4
f1bd9dcc-a11a-4955-8332-d831cbeacf62,4,5
6bf661e6-43ea-4569-9f32-67d35f76e335,8,4
012ffcf9-7c26-45ee-a185-81e6f2be6fa3,7,2
14f8d984-5ee0-409f-9a00-ad5f29dd0a90,1,1
6259764a-64f8-49c0-a0e2-774d8b7c3291,1,3
a895f401-366a-4151-ac10-88ccdb324361,5,3
8b29b7ba-b43d-404a-8cac-f3ab36697527,6,5
822ea109-c81c-4f4c-875f-f08fbb085999,7,2
6cb03bd9-fce6-4a25-8303-e017364052ae,7,5
6eec5a96-ae73-425e-befa-191e4d5cbe1b,2,2
e1038f88-632f-4d94-84c5-074136857488,1,3
87f6ea6e-0f19-4306-87ac-6465f6707dc1,6,5
d508f789-3f29-4b5b-bdca-203b2f8b14bb,3,3
ca07f546-0bc7-41e2-8ec6-8bbc304b45c2,7,4
5747dff7-1e11-44cf-84b8-b8f15ff87bc1,6,2
70f0bc7d-2e5b-4060-8fd4-a863704e5c6b,8,3
09792140-ae83-4355-ba2b-ca4f2d3ae1ff,4,5
6b902e38-da9d-422f-9012-20969a541b55,4,5
78b70da9-504a-496b-9589-b094670a7fa6,5,4
6557201d-2ab0-42e9-9aa7-fbae2644128e,3,5
ac823fd9-b3e8-4009-9a4f-9628ec354c89,4,1
4ca70073-8c35-4320-a2ae-8b476f61dbd6,5,2
748cdeed-45b9-4669-a604-7422b624bfc9,6,5
59e0a091-7dfe-4736-8278-137754372aee,3,1
136aacbe-3dfe-470d-b73c-88241d4c1a2b,8,5
87d1e3c8-cbae-472b-a6c0-0422ae36ba55,8,5
f90408c7-7256-4f1d-9f62-a7d637d87331,7,4
cc73f1c9-9c0e-46bb-a498-93ad5367d884,4,3
950bc6a2-27f9-4f2f-a70b-db6b47dc7a9e,3,1
f1c4b801-09b2-4fcc-96a7-b111e6c66cf2,6,1
5549dfd6-f45c-4fec-8889-035b4875a1f8,4,3
59274e34-58e0-48ba-8d40-2bc36c2d42cd,7,4
e8499b67-6dee-4c6f-8e8b-a69de8b9b19a,7,5
8b68c453-3e11-44ec-87cc-ec43839eaf15,5,1
82b9dcc7-e8cb-47df-9f45-b603ffd974ea,6,1
f7deea27-815c-4e4f-9bfd-c2648fd9f482,8,1
7eccb3c5-c3c1-4b35-8d07-10663df019d8,2,5
3391c5cb-49aa-4054-a5d0-352342f0a431,7,5
49559d45-a009-4bf0-b1f9-a6043f1db255,5,5
0f574dad-e6d8-4be9-bff0-15f02842f7f2,4,2
cae8ae2c-342d-4bff-99e0-fea638324977,5,3
12f9fde1-756d-43e0-a54d-9225f26771c1,1,5
9c0d379e-7d6f-4de5-9008-2a9093565420,6,2
eb3edd84-748e-4a7d-ab44-2c64b24fa817,2,5
0b7eda3b-3995-47d3-9ef6-44abde7b6c8b,4,3
3e2b2735-afed-49d9-98b4-631ca5b5a42f,3,5
117b5761-bbc6-4a83-be07-5bc58718b81f,6,5
2527bed5-8eca-4f3c-abf0-2da346449e62,6,3
12eeb7f3-961a-4896-a476-6016f69fadf3,4,2
ac0ba32b-72da-4fe7-b056-61c9702fe357,5,5
75630d5c-9fe9-46bc-95cf-6733795df118,8,3
7359a754-4c16-4aa3-84be-e1a78ebd865e,6,2
d38efe4c-6376-4c49-abd7-05615e596927,1,1
2bcf3840-1ec6-4ed5-b645-47af1bd5aace,8,5
136aacbe-3dfe-470d-b73c-88241d4c1a2b,1,1
350e89e0-310e-418e-85b2-0c2bdc89d77f,8,1
57923f56-03c5-4191-b421-3643cd4c440e,6,4
1a21c26a-2a6e-466d-8fe1-dc55e742813e,7,1
ca07f546-0bc7-41e2-8ec6-8bbc304b45c2,1,5
8a0788f1-003d-4ce1-91df-eac8b190beaa,8,3
df82bfa3-a665-4654-9336-5fc10c991d44,2,1
40ea3e95-cafb-43d1-8bea-69b06d8695f1,4,5
6557201d-2ab0-42e9-9aa7-fbae2644128e,7,4
e8499b67-6dee-4c6f-8e8b-a69de8b9b19a,7,2
3b638ed2-70e5-4813-802d-8460fa5e8c78,6,2
cd2bd085-f73d-4dbb-a9a9-1a9b7cac5347,2,2
76867724-1b40-4e2d-922a-832e6ba0bd87,7,3
1ec5720d-3cd2-4331-8459-74466690eced,3,3
d147a098-bfde-40d4-9488-5ae9911875dd,8,3
fdbcea21-a8ab-4e07-ba64-48effa7caa14,6,5
7f755b48-f7cd-4218-82f9-bf24b526731a,8,4
e23f9fdc-f8c7-4b95-b445-a15c1dfd1b79,4,4
b6f9a779-412c-4f21-8073-13381bf31490,3,2
df4bd2c3-8ec2-494f-b432-d23f1acef02f,1,5
1c6c1e31-98d6-4cda-8551-4a27738c8cf9,3,5
f16dd342-11cc-4b68-ac4e-f2a5cb97865b,4,1
3ae2e443-728b-4705-86c9-71f2a1ea79ef,7,5
ebfe58ea-96bb-402f-9bd1-dbde57b33831,3,5
20a79730-685f-4bc0-b157-97a6159a3e4a,1,5
7fe871eb-46c0-457b-a93f-a859b475713c,7,1
1e65e76b-cd6e-47d3-a077-b252234056f5,8,5
14673edf-41cb-48f3-b371-f9856c0268e5,1,5
f1bd9dcc-a11a-4955-8332-d831cbeacf62,2,1
3ecf9cdb-68a5-4905-9c39-03188adab3a0,1,4
299e42fc-1a77-4ec1-955f-98cc52def2ad,4,4
42796ce1-1e2f-4d79-9986-25d5d3f6d788,7,3
00d6765b-5869-42ec-a2e0-2644cffb90bc,1,2
3b638ed2-70e5-4813-802d-8460fa5e8c78,7,3
de703f67-a498-43a4-8326-e8c0c4a84929,4,3
83e11eec-8548-498a-a8c4-25358499e304,4,4
c2fa6060-6242-4edf-a022-9b3581ee85c1,7,3
f6494464-5e7f-49d7-b990-8ddbfb9464e2,6,1
ec186ff0-a5f8-41c1-8175-161e1a42cbac,6,5
74536f68-b61c-4e73-a55d-49c71386b15b,8,3
4be03c30-12e2-4603-b040-53aed32f1212,5,3
f9ea8cbf-8eec-4726-92ec-4177681e4ac0,8,4
601b2474-ca9f-4ce4-a6f1-7bc47f043c14,8,1
fdbcea21-a8ab-4e07-ba64-48effa7caa14,4,2
502e2c6e-6ede-4ac0-8f59-c4f537c4f4e4,5,2
26b9b6c9-8b69-4d1a-8597-56d5b5fdb4f5,8,2
bcc95c8d-e448-4101-adb4-ab441932fb01,6,3
0f4430e6-d4f4-4bae-977b-31aea7c38bb5,4,1
0b7eda3b-3995-47d3-9ef6-44abde7b6c8b,3,2
9438e961-c11f-424e-b281-dea637616363,8,1
c6f41d62-486b-4f91-abc3-8f8b4fefaa35,2,3
fd5b81b6-ba8c-4f04-973a-a037a1faa17d,1,3
6a9e05e0-6ecb-44f6-9fbd-875485ae17f1,6,5
6259764a-64f8-49c0-a0e2-774d8b7c3291,1,3
31fe553c-7bbb-45bb-ba32-df3c9e7a77aa,4,3
892fa026-295d-448c-8985-81a81ed35376,6,3
ebed1708-abfa-4409-923b-506d6b68f930,8,5
69827ec1-5967-46a9-b9bc-94002c9b6130,6,1
02cb4cb9-9f1f-4f96-95d5-55603612e0c4,1,1
3a2d65b5-5117-4c85-a85c-d64995f231cf,3,1
3197655f-d60f-4932-8dd2-479ea7cc301e,7,4
6a9e05e0-6ecb-44f6-9fbd-875485ae17f1,5,5
80300b2e-dc7a-484f-a5b9-ed898aacbd1f,2,1
7474214c-2866-4120-8cdb-ace25ba9f342,5,1
9eab5f38-feea-4456-a9b1-f5be4187cf36,4,4
24ad2d03-ee28-49ef-a9f6-cd57510b71a4,1,3
1e5d1a8d-3c94-490d-b042-0038e32e5a48,6,2
42796ce1-1e2f-4d79-9986-25d5d3f6d788,8,3
b2b71afe-2dbd-470b-97df-ceaf65f4f646,2,4
3391c5cb-49aa-4054-a5d0-352342f0a431,3,3
cf9e412c-39d0-4516-abdd-11b9b93aa043,5,2
778e96ad-82f2-4912-920f-e8c87645a06d,2,3
965fa1ff-7479-4e71-a63f-bc0ac2f6f9fb,1,2
efc5a7c4-4079-4059-8ffd-031fa12963af,6,4
d1ab6654-efe9-40bb-8a71-b6ad526dd553,8,2
3dc23e04-0d73-4189-9e56-e35261b1e660,7,3
b6f9a779-412c-4f21-8073-13381bf31490,6,4
89a2923f-83b4-4364-beb8-750c5bf14d3d,6,1
49b4454f-4780-49af-b201-e3e96c19610a,5,3
4bd7a797-5e52-4617-8961-a36ed3d911fe,8,5
d673694d-ff6f-4841-8cf0-a7f75ff6d4e2,7,4
f7862eb3-4a14-445a-8156-31fd184d7005,4,5
49b4454f-4780-49af-b201-e3e96c19610a,4,5
522b2720-02d3-4491-b7b2-7ca20c2e98e5,7,2
76867724-1b40-4e2d-922a-832e6ba0bd87,8,1
ca07f546-0bc7-41e2-8ec6-8bbc304b45c2,1,3
de4f38de-d825-44e2-9df9-0cb4e0aed32d,2,3
299e42fc-1a77-4ec1-955f-98cc52def2ad,5,4
532a209a-cd29-445e-8db1-03ab3f7a492e,7,5
c6f41d62-486b-4f91-abc3-8f8b4fefaa35,3,2
532a209a-cd29-445e-8db1-03ab3f7a492e,7,1
d68fc38e-52ff-46f5-9ba0-caa2f344443f,7,4
2b35f9d4-1a47-4470-9607-f8ea3fe745c4,5,3
8ccd139e-74ae-4a8f-a705-32614246111d,2,1
7c0c73e3-47c9-492c-8825-c2f20681a20d,8,5
485730b6-3a8b-446e-b87c-13cd6a9b04b2,7,4
9485f9be-e445-44df-9e2a-a24afd08107a,6,1
91580238-3a39-40ed-9478-d0919794b722,7,3
6b902e38-da9d-422f-9012-20969a541b55,8,5
7f755b48-f7cd-4218-82f9-bf24b526731a,6,5
41f4cbfd-4eec-4720-a1b7-f55e4a444bc5,6,3
04349f71-45fa-4262-8415-c9c8ba45b895,4,1
350e89e0-310e-418e-85b2-0c2bdc89d77f,2,3
b1860147-5f7f-46eb-be58-4c2827bd9ca0,2,2
837480f4-6342-4695-b5f6-15dd6a7ba30b,4,5
ab9aed36-7a98-4bb5-a903-35273d4e1604,6,3
6c4a7fa8-30a7-4792-9e74-84a100844d05,4,3
3d61ab95-9a43-4f36-9810-1a1c4aa7017a,7,2
4ac8fdca-2ea2-4194-954e-3c205d45129d,7,2
b1fb2a8d-c215-4b0e-a4a9-64690c65d41e,2,3
522b2720-02d3-4491-b7b2-7ca20c2e98e5,5,3
f7862eb3-4a14-445a-8156-31fd184d7005,3,2
670165ce-eeb8-40d4-850e-e698939935a8,8,5
87d20729-ed36-4a48-98b2-e0df579c7485,4,3
e2a84b9c-b16b-4c31-9ca8-c527c4697f01,6,5
7fe871eb-46c0-457b-a93f-a859b475713c,3,4
f2d007a4-a98f-404e-94f6-13d2d8daf146,1,2
701fe40b-7627-4bd2-bece-e4c45cdd4274,2,5
db7b12eb-b044-488f-a0d7-ee6d8c1e954a,7,1
b0792471-96fc-438f-9665-5c61d70d224f,8,4
8f2a73b7-8608-4f1d-bb4c-becc41154c93,4,5
12eeb7f3-961a-4896-a476-6016f69fadf3,2,4
843880d8-5f49-4415-831a-c2480d5626bb,6,2
db7b12eb-b044-488f-a0d7-ee6d8c1e954a,3,4
0985c89f-ae92-4660-adc2-f06b907bc993,2,5
120d5bd7-607f-4720-be3d-2c3e38f16f7e,8,1
4da99649-86f2-444c-9490-a659ca659503,8,1
e5332626-0afe-4b39-bcbc-d5c53d4a3b7c,6,4
fec1f1f2-a145-40a3-b070-65f3a9b68c38,5,4
86ce6dbe-84ed-4d7a-8242-ec133a16f6aa,4,1
b302fe5f-ba36-466e-b011-c2149aa6ca8b,2,3
42ccf585-dd0c-46c3-a0ba-b2cb87d8db0d,3,5
d431dd90-3250-46ca-818a-63cba036f2e7,3,1
1b14c2c1-2eaa-4741-8a86-38b38807c14d,6,5
5809fd72-7c2f-46e9-8557-079802c7fe37,6,1
c5ca0a5d-6cf8-4728-9225-1d0ee8af00c6,5,4
df4bd2c3-8ec2-494f-b432-d23f1acef02f,3,1
3783e310-5af0-4f54-bfca-70714ad2de06,4,2
e73fc1a3-bcfd-4ccb-a3b5-47a2b3f5130d,3,3
21c8c06c-5ceb-44da-bfc4-a2f05784e414,3,1
59e0a091-7dfe-4736-8278-137754372aee,2,1
0d03fe67-5744-4ac9-8eea-b8a1beae377a,7,3
c04b7278-0ad9-40b1-94f0-4087be369233,1,1
76bd6e26-a3ef-4c3d-ad34-ba063bf2723b,7,5
5d1a7669-f1e6-494b-a6aa-b3e534726a38,7,4
272d3a6c-036d-4e0f-adac-1919e364a780,2,1
3d61ab95-9a43-4f36-9810-1a1c4aa7017a,3,1
87f6ea6e-0f19-4306-87ac-6465f6707dc1,7,3
8209b506-0173-4121-94e0-781b70454be3,5,1
35861add-1e55-4e0a-bd49-0b83b9f37d08,8,2
7474214c-2866-4120-8cdb-ace25ba9f342,1,3
6a9e05e0-6ecb-44f6-9fbd-875485ae17f1,8,3
f2988164-159d-4ce7-a792-588348621796,2,3
14896234-b762-455f-993b-c4cc973022c2,8,4
2ad072a6-cb05-4d16-b7e0-a8f29e38438c,3,2
1ec5720d-3cd2-4331-8459-74466690eced,4,1
0667d4dd-23c3-411b-a1de-66bb7b4ca584,5,4
8a410f60-9286-4653-8743-d5fd36a6bfd3,5,5
de703f67-a498-43a4-8326-e8c0c4a84929,4,1
503dbaac-b4ab-41a0-9aa4-8eb743898d44,4,2
c5ce634f-4e2a-42ec-8e39-1abf26fc473f,1,2
232564f9-76cd-4fb4-9ea3-4b81bfbfe935,2,3
c5ca0a5d-6cf8-4728-9225-1d0ee8af00c6,5,2
ad6cbf32-dcb9-4ef5-9dec-8b8332e7fcb6,7,4
0b9319f6-b857-42aa-89df-9ebed2b8b342,2,2
467449a8-72b2-43c1-a43d-7b32dfd4c820,3,3
69827ec1-5967-46a9-b9bc-94002c9b6130,6,5
e1038f88-632f-4d94-84c5-074136857488,5,3
9146bcbf-06f9-49ba-ad37-adb7d4da1bd8,2,2
accbb2e3-6ff5-4b57-b916-db30e0a886ce,7,4
3d61ab95-9a43-4f36-9810-1a1c4aa7017a,4,4
72998a78-4490-4f98-b7c7-9cc66b0e2a9d,1,5
11ac13b8-96aa-4605-9fc6-cee20dad0c03,2,5
87f6ea6e-0f19-4306-87ac-6465f6707dc1,4,5
c6f41d62-486b-4f91-abc3-8f8b4fefaa35,1,2
d325de59-7de9-459c-bbdc-cf950833b4e7,1,4
80b88138-8c69-4fd3-8764-78770f3864fb,5,5
14896234-b762-455f-993b-c4cc973022c2,7,2
ac823fd9-b3e8-4009-9a4f-9628ec354c89,7,1
c5293ffa-e6a8-422c-860e-f9f364a9684a,1,5
5a57fb79-5712-4c77-b4dd-4c080a1957f4,5,3
e8fdb110-0d24-4479-b1d1-628c4b8f14aa,5,5
9146bcbf-06f9-49ba-ad37-adb7d4da1bd8,6,3
1a138f7b-8832-4c6f-9d8a-467c5dbb02c5,6,5
7c7ab1cb-3256-4a61-8831-92521e8cf64e,7,3
1b14c2c1-2eaa-4741-8a86-38b38807c14d,6,2
5551ab32-ccfa-4862-b070-53da13cdf25b,3,1
e23f9fdc-f8c7-4b95-b445-a15c1dfd1b79,1,3
d7d558b9-ac49-49af-86b1-9cd70420661b,2,4
db350561-6652-470b-a1a8-393a9cbfcb31,1,4
cc73f1c9-9c0e-46bb-a498-93ad5367d884,3,4
fe2956cc-0861-4fb8-b1b3-039c6551626d,6,1
7c7ab1cb-3256-4a61-8831-92521e8cf64e,8,3
29c0e22e-8ed8-40c2-ab1b-f6352dc55293,1,1
ff9379c7-1d2c-46f1-ad6c-bb168d91962b,3,5
db87c790-ab10-400a-b57a-fd6c26a4e616,1,3
2d609413-6e29-4d46-81b7-39936fd9e380,4,5
6259764a-64f8-49c0-a0e2-774d8b7c3291,5,1
65c419df-399a-47c4-8a12-8bc2f5420303,1,3
4ae35964-2989-4540-8579-477a0892fd96,4,5
70b65cc2-599a-43fd-8b9c-901af3f159d7,4,2
52468e2c-22a5-40eb-8aba-278cf9828c46,2,3
d43574fa-9028-48d0-9546-5fe19c3a8539,2,3
8833b033-f522-4795-a22b-91ac9b3c0f2d,3,4
aa10d914-d58e-49aa-83ec-67e6f731a700,7,5
cc73f1c9-9c0e-46bb-a498-93ad5367d884,4,2
5473eedb-246e-43d3-a75d-1ba18eea3e61,3,3
d438e5d0-6275-4aa7-80d9-951dcd626eaa,6,4
1ae2b794-a338-450c-baed-87d0beb801c7,3,1
cae8ae2c-342d-4bff-99e0-fea638324977,6,5
59274e34-58e0-48ba-8d40-2bc36c2d42cd,2,1
3a2f5b8a-04af-43a4-8691-f204582209a1,4,2
6557201d-2ab0-42e9-9aa7-fbae2644128e,1,4
75630d5c-9fe9-46bc-95cf-6733795df118,1,5
b0792471-96fc-438f-9665-5c61d70d224f,3,4
ea4e9e41-de3c-4b8f-8dfd-bfed47a8e7e8,7,3
1a21c26a-2a6e-466d-8fe1-dc55e742813e,1,2
aaae7f6e-0039-44b5-8fe6-12c32b114cdc,1,4
eb372dd0-4dee-4143-9ffa-f77b15e4cfda,2,3
4e442815-1b6b-4e25-915f-43fbb93ae9a7,6,3
4ae35964-2989-4540-8579-477a0892fd96,5,5
e73e5fd1-f3e8-493d-ac20-24bb98893cda,2,1
fcbc2a3d-1794-4393-ad8f-bfd5c0aafa84,1,2
cae8ae2c-342d-4bff-99e0-fea638324977,8,1
b0304e32-8e6a-4663-81e8-dd085ea6a094,7,4
d325de59-7de9-459c-bbdc-cf950833b4e7,6,2
1c6c1e31-98d6-4cda-8551-4a27738c8cf9,6,3
59f23c24-6dae-4e01-98d4-74ef65835544,6,5
7308b59a-3db9-4508-90d4-94152ecb5f38,3,4
2775e2d5-a0ee-4567-b1c6-6814619c192b,2,3
16bacc1e-6a6d-454f-837f-d4f0525989f7,2,4
a10da21c-e07c-492d-80f4-814d3621274d,6,5
f2988164-159d-4ce7-a792-588348621796,2,2
120d5bd7-607f-4720-be3d-2c3e38f16f7e,3,2
1ae2b794-a338-450c-baed-87d0beb801c7,2,3
df82bfa3-a665-4654-9336-5fc10c991d44,8,1
f3481941-93fc-4155-beda-3a4442acc56f,3,2
abdc8784-8530-4cc3-ad9f-474199cb6d0c,7,3
d88bd785-df55-4d02-95ff-cc79ee4448d4,1,4
6cb03bd9-fce6-4a25-8303-e017364052ae,1,5
606d1a86-bda3-4044-a124-e815e2f74d72,3,3
14df3718-675b-4c94-a124-358292489803,4,1
fdc3c52c-cdf9-4cf1-8a0c-a8ef6fe5280f,7,1
